ticker,trade_date,market_regime,open,high,low,close,volume,avg_volume_20,volume_ratio,close_pos,prior_high_60,breakout_next_not_low_open,breakout_next_low_open,ret_10d_net,ret_20d_net,overhead_supply_layer,breakout_vol_capped,shakeout_strong,is_attention_stock,is_disposition_stock,breakout_strength_pct,pre_rank_score,intraday_rows,intraday_strong_attack,below_open_after_1130,intraday_attack_failure,intraday_close_pos,intraday_return_pct,scanner_score,rank_in_date
3481,2026-05-13,bull,35.8,37.95,33.85,37.5,1379646184,398159750.9,3.4650568795099175,0.8902439024390237,35.5,False,False,,,0.0,True,False,1.0,,5.633802816901401,85.0,,,,,,,85.0,1
8105,2026-05-13,bull,14.9,16.2,14.7,16.2,34255421,2544642.35,13.461782163611321,1.0,14.8,False,False,,,0.0,False,False,1.0,,9.459459459459453,85.0,,,,,,,85.0,2
8926,2026-05-13,bull,54.8,56.7,54.8,56.7,19498985,2620651.1,7.4405116346849836,1.0,52.5,False,False,,,0.0,False,False,1.0,,8.000000000000007,85.0,,,,,,,85.0,3
2302,2026-05-13,bull,24.65,26.0,24.65,26.0,17592583,1824915.7,9.640216805631077,1.0,23.65,False,False,,,0.0,False,False,1.0,,9.936575052854124,85.0,,,,,,,85.0,4
3357,2026-05-13,bull,188.0,213.0,184.5,213.0,10424282,4510928.15,2.310895153583858,1.0,201.5,False,False,,,0.0,True,False,1.0,,5.707196029776673,85.0,,,,,,,85.0,5
6166,2026-05-13,bull,107.5,111.5,102.5,111.5,8698467,2921186.65,2.9777169493774047,1.0,101.5,False,False,,,0.0,True,False,1.0,,9.852216748768484,85.0,,,,,,,85.0,6
6217,2026-05-13,bull,321.0,341.0,311.0,341.0,6189099,2188534.7,2.827964756510372,1.0,312.0,False,False,,,0.0,True,False,1.0,,9.294871794871785,85.0,,,,,,,85.0,7
5228,2026-05-13,bull,45.65,49.9,44.25,49.15,6020778,1331005.85,4.523479742782498,0.8672566371681416,45.85,False,False,,,0.0,False,False,1.0,,7.19738276990185,85.0,,,,,,,85.0,8
2356,2026-05-13,bull,48.65,53.5,48.4,52.8,139195372,29629134.6,4.697922294362252,0.8627450980392152,51.0,False,False,,,1.0,False,False,1.0,,3.52941176470587,80.0,,,,,,,80.0,9
3236,2026-05-13,bull,35.65,38.85,34.9,38.85,20846133,5029297.2,4.144939575255167,1.0,37.9,False,False,,,0.0,True,False,1.0,,2.5065963060686203,80.0,,,,,,,80.0,10
3044,2026-05-13,bull,486.0,529.0,481.0,529.0,12239777,6231457.85,1.9641915735657267,1.0,513.0,False,False,,,0.0,True,False,1.0,,3.1189083820662766,80.0,,,,,,,80.0,11
3587,2026-05-13,bull,380.0,399.0,379.0,396.0,10474699,4521446.9,2.316669692615432,0.85,385.5,False,False,,,0.0,True,False,1.0,,2.7237354085603016,80.0,,,,,,,80.0,12
2481,2026-05-13,bull,115.0,122.0,113.0,121.0,67427334,28152223.1,2.3950980269121267,0.8888888888888888,119.5,False,False,,,0.0,True,False,1.0,,1.2552301255230214,77.0,,,,,,,77.0,13
3583,2026-05-13,bull,915.0,971.0,895.0,966.0,6906177,2842167.45,2.4298979991485017,0.9342105263157895,952.0,False,False,,,0.0,True,False,1.0,,1.4705882352941124,77.0,,,,,,,77.0,14
6449,2026-05-13,bull,198.5,218.0,190.0,218.0,5244189,1309725.0,4.004038252304873,1.0,198.5,False,False,,,3.0,False,False,1.0,,9.823677581863976,77.0,,,,,,,77.0,15
8069,2026-05-13,bull,208.0,215.0,204.5,215.0,38403100,11636529.25,3.300219436134705,1.0,195.5,False,False,,,23.0,False,False,1.0,,9.974424552429673,69.0,,,,,,,69.0,16
3481,2026-05-12,bull,34.7,35.5,33.6,35.5,833426756,366331096.1,2.275064183392429,1.0,33.3,True,False,,,0.0,True,False,1.0,,6.606606606606613,85.0,,,,,,,85.0,1
2303,2026-05-12,bull,96.7,104.5,94.3,104.5,383024476,231751362.0,1.6527388348207421,1.0,98.8,False,True,,,0.0,True,True,1.0,,5.769230769230771,85.0,,,,,,,85.0,2
2492,2026-05-12,bull,175.0,188.5,167.5,188.5,41347149,17682621.0,2.338293005318612,1.0,171.5,False,True,,,0.0,True,True,1.0,,9.912536443148689,85.0,,,,,,,85.0,3
3035,2026-05-12,bull,200.5,210.5,187.0,208.5,40874239,15646959.9,2.6122799100418224,0.9148936170212766,198.5,False,True,,,0.0,True,True,1.0,,5.037783375314864,85.0,,,,,,,85.0,4
4977,2026-05-12,bull,240.0,270.5,239.5,270.5,23093017,12711408.5,1.8167158265742147,1.0,257.0,False,True,,,0.0,True,True,1.0,,5.252918287937747,85.0,,,,,,,85.0,5
1721,2026-05-12,bull,32.0,34.45,29.3,34.45,20915270,7068172.6,2.9590774283016237,1.0,31.35,False,True,,,0.0,True,True,1.0,,9.888357256778324,85.0,,,,,,,85.0,6
4973,2026-05-12,bull,115.5,120.0,114.5,120.0,12716282,7918004.5,1.6059958036144082,1.0,109.5,False,True,,,0.0,True,True,1.0,,9.589041095890405,85.0,,,,,,,85.0,7
3430,2026-05-12,bull,155.0,179.5,151.5,178.0,9099386,2728814.8,3.334556086400587,0.9464285714285714,168.0,False,True,,,0.0,True,True,1.0,,5.952380952380953,85.0,,,,,,,85.0,8
3209,2026-05-12,bull,64.7,66.5,64.1,66.5,8106266,4997957.95,1.6219156065528721,1.0,60.5,False,True,,,0.0,True,True,1.0,,9.917355371900815,85.0,,,,,,,85.0,9
4722,2026-05-12,bull,235.0,258.5,230.0,258.5,7263601,3855030.75,1.884187564522021,1.0,245.0,False,True,,,0.0,True,True,1.0,,5.5102040816326525,85.0,,,,,,,85.0,10
6166,2026-05-12,bull,96.5,101.5,93.2,101.5,5663520,2725992.6,2.0775991835047534,1.0,93.4,True,False,,,0.0,True,False,1.0,,8.672376873661669,85.0,,,,,,,85.0,11
3055,2026-05-12,bull,106.5,110.0,106.0,110.0,4419858,2230714.2,1.9813645333857648,1.0,100.0,True,False,,,0.0,True,False,1.0,,10.000000000000009,85.0,,,,,,,85.0,12
3691,2026-05-12,bull,147.0,155.0,144.0,155.0,3053181,1556384.8,1.9617134528684679,1.0,147.0,True,False,,,0.0,True,False,1.0,,5.442176870748305,85.0,,,,,,,85.0,13
3229,2026-05-12,bull,45.3,49.25,41.5,49.0,2226346,908166.0,2.4514747303906996,0.967741935483871,44.95,False,True,,,0.0,True,True,1.0,,9.010011123470507,85.0,,,,,,,85.0,14
3583,2026-05-12,bull,906.0,952.0,847.0,952.0,5891822,2894006.1,2.0358706223874234,1.0,931.0,False,True,,,0.0,True,False,1.0,,2.2556390977443552,80.0,,,,,,,80.0,15
5228,2026-05-12,bull,41.4,45.85,39.75,45.85,4251624,1361151.55,3.123549321161189,1.0,43.9,False,True,,,0.0,True,False,1.0,,4.441913439635536,80.0,,,,,,,80.0,16
3141,2026-05-12,bull,57.6,63.0,56.5,63.0,3953897,1392806.2,2.838799109308962,1.0,59.1,True,False,,,2.0,False,False,1.0,,6.5989847715735905,77.0,,,,,,,77.0,17
3048,2026-05-12,bull,45.0,47.0,43.6,46.9,19697233,5959501.45,3.3051813419728253,0.9705882352941172,45.4,False,True,,,2.0,False,False,1.0,,3.3039647577092435,72.0,,,,,,,72.0,18
5269,2026-05-12,bull,1435.0,1525.0,1385.0,1525.0,5518944,2029684.6,2.7191140928989657,1.0,1445.0,False,True,,,17.0,False,False,1.0,,5.536332179930792,69.0,,,,,,,69.0,19
8114,2026-05-12,bull,222.5,239.5,219.5,239.5,5332818,1009546.25,5.282390975153441,1.0,218.0,False,True,,,22.0,False,False,1.0,,9.86238532110091,69.0,,,,,,,69.0,20
3305,2026-05-12,bull,117.0,128.5,116.5,128.5,22543144,5373524.65,4.195224823245204,1.0,125.0,False,True,,,6.0,False,False,1.0,,2.8000000000000025,64.0,,,,,,,64.0,21
5425,2026-05-11,bull,77.4,80.3,72.3,80.3,37393342,10238542.35,3.652213442277748,1.0,74.9,True,False,,,0.0,True,False,,,7.20961281708945,85.0,,,,,,,85.0,1
6173,2026-05-11,bull,120.0,134.0,115.5,134.0,29078982,13253082.7,2.194129672185627,1.0,122.0,True,False,,,0.0,True,False,,,9.836065573770503,85.0,,,,,,,85.0,2
2855,2026-05-11,bull,40.7,44.0,40.7,43.7,20966805,8046751.9,2.6056233944531084,0.9090909090909098,40.55,True,False,,,0.0,True,False,,,7.768187422934658,85.0,,,,,,,85.0,3
6016,2026-05-11,bull,23.6,24.05,23.6,24.05,15507962,8147639.3,1.9033687463312225,1.0,22.25,True,False,,,0.0,True,False,,,8.089887640449444,85.0,,,,,,,85.0,4
1809,2026-05-11,bull,36.25,39.6,35.2,39.6,12762844,7980764.8,1.5992006179658371,1.0,37.4,True,False,,,0.0,True,False,,,5.882352941176472,85.0,,,,,,,85.0,5
4749,2026-05-11,bull,1145.0,1190.0,1075.0,1175.0,9112557,3323602.9,2.741770685059879,0.8695652173913043,1085.0,True,False,,,0.0,True,False,,,8.294930875576046,85.0,,,,,,,85.0,6
8213,2026-05-11,bull,39.0,41.8,39.0,41.8,6809218,1128814.7,6.032184024534763,1.0,39.8,True,False,,,0.0,False,False,,,5.025125628140703,85.0,,,,,,,85.0,7
5464,2026-05-11,bull,52.6,57.6,50.5,57.6,2779145,1350077.65,2.058507523622808,1.0,52.4,True,False,,,0.0,True,False,,,9.92366412213741,85.0,,,,,,,85.0,8
4919,2026-05-11,bull,163.0,184.0,156.0,184.0,50067134,20545022.45,2.436947154564925,1.0,179.0,True,False,,,0.0,True,False,,,2.7932960893854775,80.0,,,,,,,80.0,9
5483,2026-05-11,bull,151.0,163.5,150.0,163.5,33877465,20242501.55,1.6735809512634074,1.0,158.0,True,False,,,0.0,True,False,,,3.4810126582278444,80.0,,,,,,,80.0,10
2492,2026-05-11,bull,158.5,171.5,151.5,171.5,30310516,16602134.2,1.825699975368227,1.0,164.5,True,False,,,0.0,True,False,,,4.255319148936176,80.0,,,,,,,80.0,11
1721,2026-05-11,bull,28.9,31.35,27.1,31.35,12326720,6537694.75,1.8854841762075234,1.0,30.0,True,False,,,0.0,True,False,,,4.500000000000015,80.0,,,,,,,80.0,12
3356,2026-05-11,bull,54.8,59.9,54.3,59.7,3170822,946863.85,3.3487623379010616,0.9642857142857151,57.6,True,False,,,0.0,True,False,,,3.645833333333326,80.0,,,,,,,80.0,13
3003,2026-05-11,bull,56.4,59.3,56.0,59.1,2446931,904915.95,2.7040422925466174,0.9393939393939407,57.1,False,True,,,0.0,True,False,,,3.5026269702276736,80.0,,,,,,,80.0,14
6138,2026-05-11,bull,265.0,286.0,254.0,285.0,2370897,887879.75,2.670290655913709,0.96875,274.0,True,False,,,0.0,True,False,,,4.014598540145986,80.0,,,,,,,80.0,15
2472,2026-05-11,bull,219.0,228.0,203.5,225.0,16591811,5446341.15,3.0464141968043994,0.8775510204081632,221.5,False,True,,,0.0,True,False,,,1.5801354401805856,77.0,,,,,,,77.0,16
1560,2026-05-11,bull,584.0,629.0,581.0,629.0,4553067,2865296.3,1.589038802025466,1.0,617.0,True,False,,,0.0,True,False,,,1.944894651539708,77.0,,,,,,,77.0,17
6432,2026-05-11,bull,44.35,48.6,42.7,48.6,3042570,1458460.3,2.086152087924505,1.0,47.9,True,False,,,0.0,True,False,,,1.4613778705636848,77.0,,,,,,,77.0,18
2302,2026-05-11,bull,20.0,21.5,19.95,21.5,4993779,1420629.4,3.515187704829986,1.0,20.65,True,False,,,3.0,False,False,,,4.1162227602905554,72.0,,,,,,,72.0,19
5009,2026-05-11,bull,38.55,40.15,38.5,40.15,18608056,4089940.95,4.549712630936639,1.0,37.15,True,False,,,4.0,False,False,,,8.075370121130554,69.0,,,,,,,69.0,20
4966,2026-05-11,bull,700.0,735.0,695.0,735.0,7155634,2628082.35,2.7227586685021494,1.0,669.0,True,False,,,13.0,False,False,,,9.865470852017943,69.0,,,,,,,69.0,21
6206,2026-05-11,bull,128.0,130.5,127.0,130.5,5058880,1404370.9,3.602239265994475,1.0,123.5,True,False,,,4.0,False,False,,,5.668016194331993,69.0,,,,,,,69.0,22
8114,2026-05-11,bull,209.5,218.0,208.0,218.0,3561304,851885.95,4.180493879491733,1.0,200.5,True,False,,,24.0,False,False,,,8.728179551122196,69.0,,,,,,,69.0,23
3032,2026-05-11,bull,71.0,77.7,70.7,77.7,4040512,836824.05,4.828388954643452,1.0,76.3,True,False,,,32.0,False,False,,,1.8348623853211121,61.0,,,,,,,61.0,24
6278,2026-05-08,bull,181.5,201.0,176.5,201.0,30433241,13494564.35,2.255222192482264,1.0,191.0,True,False,,,0.0,True,False,,,5.235602094240832,85.0,,,,,,,85.0,1
3702,2026-05-08,bull,105.5,113.5,105.5,113.5,25183767,15715765.65,1.6024524392166664,1.0,105.0,True,False,,,0.0,True,False,,,8.095238095238088,85.0,,,,,,,85.0,2
3026,2026-05-08,bull,313.5,330.0,297.0,330.0,22732968,9937681.7,2.2875524379091354,1.0,300.0,False,True,,,0.0,True,True,,,10.000000000000009,85.0,,,,,,,85.0,3
4722,2026-05-08,bull,216.0,236.5,213.0,236.5,10764769,3088406.15,3.4855418870345147,1.0,223.5,True,False,,,0.0,True,False,,,5.8165548098433995,85.0,,,,,,,85.0,4
2472,2026-05-08,bull,198.5,221.5,197.5,221.5,10762892,5250610.1,2.0498364561482103,1.0,205.0,False,True,,,0.0,True,True,,,8.048780487804885,85.0,,,,,,,85.0,5
6834,2026-05-08,bull,48.0,48.1,45.8,48.1,5906614,1169710.4,5.049637927473331,1.0,43.75,False,True,,,0.0,False,False,,,9.942857142857143,85.0,,,,,,,85.0,6
3450,2026-05-08,bull,376.0,414.5,375.0,410.0,40990138,23974464.45,1.7097415496178061,0.8860759493670886,397.0,True,False,,,0.0,True,False,,,3.2745591939546514,80.0,,,,,,,80.0,7
3709,2026-05-08,bull,85.3,92.9,83.6,92.9,9430972,5244895.95,1.7981237549621931,1.0,90.5,False,True,,,0.0,True,False,,,2.6519337016574607,80.0,,,,,,,80.0,8
2379,2026-05-08,bull,555.0,592.0,551.0,592.0,9246415,3798451.25,2.434259226046405,1.0,575.0,True,False,,,1.0,False,False,,,2.9565217391304355,80.0,,,,,,,80.0,9
6532,2026-05-08,bull,112.0,114.0,109.0,114.0,5313911,2722827.25,1.951615182344014,1.0,111.5,True,False,,,0.0,True,False,,,2.2421524663677195,80.0,,,,,,,80.0,10
6669,2026-05-08,bull,4920.0,5250.0,4890.0,5200.0,4060772,2599602.2,1.5620743819958298,0.8611111111111112,5060.0,True,False,,,0.0,True,False,,,2.7667984189723382,80.0,,,,,,,80.0,11
3034,2026-05-08,bull,464.0,498.0,455.5,498.0,20155564,4555479.45,4.424466013121846,1.0,453.0,True,False,,,18.0,False,False,,,9.933774834437092,69.0,,,,,,,69.0,12
6695,2026-05-08,bull,48.95,52.9,48.55,52.9,7375991,2166214.35,3.4050143745008428,1.0,51.5,True,False,,,10.0,False,False,,,2.7184466019417375,64.0,,,,,,,64.0,13
8926,2026-05-08,bull,48.0,49.2,47.8,49.1,6852068,1792790.35,3.8220129866272425,0.9285714285714278,47.8,True,False,,,5.0,False,False,,,2.7196652719665426,64.0,,,,,,,64.0,14
4966,2026-05-08,bull,610.0,669.0,605.0,669.0,5861432,2386682.6,2.455890867097284,1.0,660.0,True,False,,,18.0,False,False,,,1.3636363636363669,61.0,,,,,,,61.0,15
8150,2026-05-07,bull,90.0,98.1,84.5,98.1,80749867,36968867.8,2.18426670345582,1.0,92.5,True,False,,,0.0,True,False,,,6.054054054054059,85.0,,,,,,,85.0,1
3162,2026-05-07,bull,88.6,97.2,84.6,95.9,20302387,8280378.2,2.45186711399245,0.8968253968253971,91.3,False,True,,,0.0,True,True,,,5.038335158817087,85.0,,,,,,,85.0,2
2342,2026-05-07,bull,41.75,45.95,40.6,45.95,16079768,4663387.05,3.4480878013331533,1.0,43.6,False,True,,,0.0,True,True,,,5.389908256880727,85.0,,,,,,,85.0,3
6016,2026-05-07,bull,20.9,22.1,20.6,21.9,15943211,7350296.45,2.1690568684478024,0.8666666666666648,20.6,True,False,,,0.0,True,False,,,6.31067961165046,85.0,,,,,,,85.0,4
5864,2026-05-07,bull,34.25,34.3,33.1,34.3,10211512,3551726.1,2.8750843146378884,1.0,31.2,True,False,,,0.0,True,False,,,9.935897435897424,85.0,,,,,,,85.0,5
8042,2026-05-07,bull,79.4,85.0,77.3,85.0,10045137,4578865.3,2.1938048712636293,1.0,77.8,True,False,,,0.0,True,False,,,9.254498714652959,85.0,,,,,,,85.0,6
3094,2026-05-07,bull,32.85,33.35,32.0,33.35,7117486,1699446.25,4.188120689312769,1.0,30.35,True,False,,,0.0,True,False,,,9.8846787479407,85.0,,,,,,,85.0,7
6526,2026-05-07,bull,687.0,720.0,671.0,720.0,6365852,1763687.5,3.609399057372692,1.0,655.0,True,False,,,0.0,True,False,,,9.92366412213741,85.0,,,,,,,85.0,8
8016,2026-05-07,bull,244.0,265.5,242.0,265.5,5281178,1533486.85,3.4439017197962927,1.0,248.5,True,False,,,0.0,True,False,,,6.841046277665996,85.0,,,,,,,85.0,9
2070,2026-05-07,bull,68.5,72.6,67.3,72.6,4388262,1318395.2,3.328487543037171,1.0,66.0,True,False,,,0.0,True,False,,,9.999999999999986,85.0,,,,,,,85.0,10
3122,2026-05-07,bull,37.5,39.9,37.5,39.9,3205589,840727.55,3.812874931956256,1.0,36.3,True,False,,,0.0,True,False,,,9.917355371900838,85.0,,,,,,,85.0,11
8227,2026-05-07,bull,200.0,204.0,199.5,204.0,2892255,1814086.55,1.5943313178745524,1.0,190.5,True,False,,,1.0,False,False,,,7.086614173228356,85.0,,,,,,,85.0,12
6834,2026-05-07,bull,40.9,43.75,40.2,43.75,2483119,1068282.3,2.3244033903772436,1.0,40.95,True,False,,,0.0,True,False,,,6.8376068376068355,85.0,,,,,,,85.0,13
1785,2026-05-07,bull,179.0,185.0,167.5,185.0,98221825,24423958.95,4.021535787915333,1.0,180.0,False,True,,,0.0,True,False,,,2.777777777777768,80.0,,,,,,,80.0,14
6182,2026-05-07,bull,51.5,55.6,51.0,55.6,69286091,42486862.45,1.630765064884192,1.0,53.0,True,False,,,0.0,True,False,,,4.9056603773584895,80.0,,,,,,,80.0,15
4919,2026-05-07,bull,162.0,177.0,151.5,177.0,49800900,16949575.6,2.9381797618578718,1.0,172.0,False,True,,,0.0,True,False,,,2.9069767441860517,80.0,,,,,,,80.0,16
4540,2026-05-07,bull,72.9,75.7,71.0,75.7,22444945,10883464.0,2.0622979044171967,1.0,73.0,False,True,,,0.0,True,False,,,3.698630136986303,80.0,,,,,,,80.0,17
3529,2026-05-07,bull,4335.0,4785.0,4245.0,4705.0,1712961,977912.2,1.7516511195994897,0.8518518518518519,4570.0,False,True,,,0.0,True,False,,,2.9540481400437635,80.0,,,,,,,80.0,18
2301,2026-05-07,bull,188.0,203.5,185.5,203.5,53993413,33240442.15,1.624328965190976,1.0,200.0,True,False,,,0.0,True,False,,,1.750000000000007,77.0,,,,,,,77.0,19
3090,2026-05-07,bull,107.5,116.0,105.5,116.0,18920314,7014137.1,2.6974542599117433,1.0,114.5,True,False,,,0.0,True,False,,,1.3100436681222627,77.0,,,,,,,77.0,20
3526,2026-05-07,bull,367.5,377.5,355.0,377.5,2659780,1317087.85,2.019440085184902,1.0,371.5,True,False,,,0.0,True,False,,,1.6150740242261152,77.0,,,,,,,77.0,21
3141,2026-05-07,bull,52.2,56.1,51.5,56.1,3253113,908218.55,3.58186143632499,1.0,53.1,True,False,,,11.0,False,False,,,5.649717514124286,69.0,,,,,,,69.0,22
3033,2026-05-06,bull,40.8,42.4,40.45,42.4,51739018,6376285.35,8.114288360698914,1.0,38.75,True,False,,,0.0,False,False,,,9.419354838709681,85.0,,,,,,,85.0,1
6173,2026-05-06,bull,94.0,101.0,90.3,101.0,36342289,10639197.3,3.4158863657881406,1.0,95.0,True,False,,,0.0,True,False,,,6.315789473684208,85.0,,,,,,,85.0,2
6488,2026-05-06,bull,660.0,732.0,629.0,721.0,28039698,9220510.4,3.041013651478556,0.8932038834951457,666.0,False,True,,,0.0,True,True,,,8.258258258258255,85.0,,,,,,,85.0,3
8042,2026-05-06,bull,75.0,77.8,71.5,77.3,25650434,3328348.0,7.706656275125077,0.9206349206349206,70.8,True,False,,,0.0,False,False,,,9.180790960451969,85.0,,,,,,,85.0,4
6274,2026-05-06,bull,1275.0,1340.0,1160.0,1315.0,16724084,7946371.75,2.104618878420834,0.8611111111111112,1220.0,True,False,,,0.0,True,False,,,7.786885245901631,85.0,,,,,,,85.0,5
3532,2026-05-06,bull,242.0,250.5,214.0,250.5,16611741,3894870.55,4.265030323023188,1.0,228.0,True,False,,,0.0,True,False,,,9.868421052631572,85.0,,,,,,,85.0,6
8215,2026-05-06,bull,30.95,31.2,29.95,31.2,8642517,4466290.0,1.9350550456866884,1.0,29.25,True,False,,,0.0,True,False,,,6.666666666666665,85.0,,,,,,,85.0,7
6526,2026-05-06,bull,642.0,655.0,640.0,655.0,5119621,1520180.75,3.3677712337825616,1.0,623.0,True,False,,,0.0,True,False,,,5.136436597110761,85.0,,,,,,,85.0,8
6108,2026-05-06,bull,20.2,22.0,19.8,22.0,10594363,2022921.0,5.237161016174136,1.0,21.25,True,False,,,0.0,False,False,,,3.529411764705892,80.0,,,,,,,80.0,9
3094,2026-05-06,bull,28.3,30.35,28.15,30.35,7112616,1354871.0,5.249662883034621,1.0,29.0,True,False,,,0.0,False,False,,,4.655172413793118,80.0,,,,,,,80.0,10
4556,2026-05-06,bull,41.3,43.25,39.6,43.25,2340212,871532.05,2.6851703273562917,1.0,41.3,True,False,,,0.0,True,False,,,4.72154963680389,80.0,,,,,,,80.0,11
3023,2026-05-06,bull,296.5,306.0,295.0,305.5,5173612,2132762.9,2.425779255631275,0.9545454545454546,302.0,True,False,,,0.0,True,False,,,1.1589403973509826,77.0,,,,,,,77.0,12
6831,2026-05-06,bull,535.0,569.0,490.0,561.0,3268307,1618382.45,2.0194898925158267,0.8987341772151899,555.0,True,False,,,0.0,True,False,,,1.08108108108107,77.0,,,,,,,77.0,13
2354,2026-05-06,bull,62.0,64.3,60.2,64.3,83280910,8325082.2,10.003614138488626,1.0,60.7,True,False,,,33.0,False,False,,,5.930807248764403,69.0,,,,,,,69.0,14
3706,2026-05-06,bull,85.3,88.3,83.6,87.8,36666496,11332006.85,3.235657768773763,0.8936170212765958,86.2,True,False,,,33.0,False,False,,,1.8561484918793392,61.0,,,,,,,61.0,15
2357,2026-05-06,bull,598.0,634.0,596.0,629.0,8876828,3760771.0,2.3603745083122583,0.868421052631579,619.0,True,False,,,49.0,False,False,,,1.6155088852988664,61.0,,,,,,,61.0,16
6488,2026-05-05,bull,615.0,666.0,615.0,666.0,16328597,8577604.8,1.903631302761815,1.0,633.0,False,True,,,0.0,True,True,,,5.213270142180093,85.0,,,,,,,85.0,1
6274,2026-05-05,bull,1140.0,1220.0,1125.0,1220.0,13565657,8133562.5,1.667861653488247,1.0,1110.0,True,False,,,0.0,True,False,,,9.90990990990992,85.0,,,,,,,85.0,2
2417,2026-05-05,bull,56.0,56.9,52.5,56.9,10351663,2163654.0,4.784343060396902,1.0,51.8,True,False,,,0.0,False,False,,,9.845559845559858,85.0,,,,,,,85.0,3
2465,2026-05-05,bull,81.4,89.5,81.4,89.5,8479160,2350004.5,3.6081462822730765,1.0,81.4,True,False,,,0.0,True,False,,,9.950859950859936,85.0,,,,,,,85.0,4
3532,2026-05-05,bull,209.5,228.0,207.0,228.0,7926989,3551617.05,2.2319379844175486,1.0,207.5,True,False,,,0.0,True,False,,,9.879518072289152,85.0,,,,,,,85.0,5
8040,2026-05-05,bull,78.6,81.8,78.3,81.8,7716130,2039973.4,3.782465987056498,1.0,77.6,True,False,,,0.0,True,False,,,5.4123711340206215,85.0,,,,,,,85.0,6
1595,2026-05-05,bull,75.5,84.7,75.2,84.7,5480272,3257368.05,1.6824233294730082,1.0,80.0,True,False,,,0.0,True,False,,,5.875000000000008,85.0,,,,,,,85.0,7
6435,2026-05-05,bull,197.0,216.5,196.0,215.0,1800981,1164070.35,1.5471410297496193,0.926829268292683,201.5,True,False,,,0.0,True,False,,,6.699751861042191,85.0,,,,,,,85.0,8
3707,2026-05-05,bull,69.7,75.5,69.6,75.5,29648305,11344786.95,2.613385789496911,1.0,72.8,True,False,,,0.0,True,False,,,3.708791208791218,80.0,,,,,,,80.0,9
2855,2026-05-05,bull,37.6,39.35,37.6,39.1,12656977,6980835.8,1.8131033822626226,0.8571428571428571,37.6,True,False,,,0.0,True,False,,,3.9893617021276695,80.0,,,,,,,80.0,10
3550,2026-05-05,bull,21.1,23.5,21.1,23.5,9625894,3747979.6,2.568288792180192,1.0,22.7,True,False,,,0.0,True,False,,,3.524229074889873,80.0,,,,,,,80.0,11
2342,2026-05-05,bull,37.65,39.7,37.65,39.7,7017435,2498618.75,2.8085257104550263,1.0,36.6,True,False,,,2.0,False,False,,,8.469945355191255,77.0,,,,,,,77.0,12
4991,2026-05-05,bull,690.0,744.0,682.0,744.0,5630971,2599449.05,2.1662171066595826,1.0,731.0,True,False,,,0.0,True,False,,,1.7783857729138264,77.0,,,,,,,77.0,13
4526,2026-05-05,bull,37.1,40.8,37.1,40.3,27541998,6797933.6,4.051525010482598,0.8648648648648647,39.5,False,True,,,4.0,False,False,,,2.025316455696191,64.0,,,,,,,64.0,14
4541,2026-05-05,bull,47.85,51.8,47.3,51.7,3000334,1321283.0,2.27077318031035,0.9777777777777791,50.4,True,False,,,8.0,False,False,,,2.5793650793650924,64.0,,,,,,,64.0,15
3022,2026-05-05,bull,71.0,75.7,70.8,75.0,2784107,1008803.8,2.7598101831099364,0.8571428571428568,72.6,True,False,,,19.0,False,False,,,3.3057851239669533,64.0,,,,,,,64.0,16
2486,2026-05-04,bull,280.0,297.5,279.0,297.5,16433973,10441761.25,1.5738698296707367,1.0,278.0,True,False,,,0.0,True,False,,,7.014388489208634,85.0,,,,,,,85.0,1
2465,2026-05-04,bull,76.1,81.4,75.0,81.4,6841042,2017335.15,3.3911281424903543,1.0,75.0,True,False,,,0.0,True,False,,,8.53333333333335,85.0,,,,,,,85.0,2
3580,2026-05-04,bull,90.0,94.4,87.8,94.4,3063026,1577610.05,1.9415609072723643,1.0,89.1,True,False,,,0.0,True,False,,,5.948372615039288,85.0,,,,,,,85.0,3
3526,2026-05-04,bull,350.0,363.0,350.0,363.0,2318517,1024486.6,2.2631013426627544,1.0,334.5,False,True,,,0.0,True,True,,,8.520179372197312,85.0,,,,,,,85.0,4
2855,2026-05-04,bull,35.85,37.6,35.65,37.55,10983622,6604047.25,1.663165265814838,0.9743589743589722,36.6,True,False,,,0.0,True,False,,,2.595628415300544,80.0,,,,,,,80.0,5
2395,2026-05-04,bull,369.0,395.0,364.5,395.0,8477702,2815556.15,3.0110221740738505,1.0,376.5,False,True,,,0.0,True,False,,,4.913678618857897,80.0,,,,,,,80.0,6
3498,2026-05-04,bull,92.0,96.4,89.0,96.4,7723983,4126560.6,1.8717725846556088,1.0,91.9,True,False,,,0.0,True,False,,,4.896626768226331,80.0,,,,,,,80.0,7
6414,2026-05-04,bull,323.0,334.5,323.0,334.0,2405527,1602629.5,1.5009875956981948,0.9565217391304348,326.0,True,False,,,0.0,True,False,,,2.4539877300613577,80.0,,,,,,,80.0,8
6166,2026-05-04,bull,77.6,82.5,77.1,82.3,4452902,1639227.75,2.7164632858368827,0.9629629629629625,81.0,False,True,,,0.0,True,False,,,1.6049382716049276,77.0,,,,,,,77.0,9
4576,2026-04-30,bull,198.0,222.0,193.5,222.0,10276060,4234116.0,2.4269670457776784,1.0,215.0,True,False,,,0.0,True,False,,,3.2558139534883734,80.0,,,,,,,80.0,1
2417,2026-04-30,bull,47.1,47.15,44.7,47.15,11980273,1242248.15,9.644025632076813,1.0,43.5,True,False,,,2.0,False,False,,,8.390804597701141,77.0,,,,,,,77.0,2
6207,2026-04-30,bull,59.2,64.6,58.7,64.5,14952808,2543613.0,5.878570364281044,0.983050847457628,63.2,True,False,,,3.0,False,False,,,2.0569620253164445,72.0,,,,,,,72.0,3
2486,2026-04-29,bull,223.0,253.5,222.0,253.5,22024048,7810993.1,2.8196220017144813,1.0,235.0,True,False,,,0.0,True,False,1.0,,7.87234042553191,85.0,,,,,,,85.0,1
3526,2026-04-29,bull,298.5,332.5,292.5,328.0,2957222,829027.7,3.567096732714721,0.8875,307.5,True,False,,,0.0,True,False,1.0,,6.666666666666665,85.0,,,,,,,85.0,2
6147,2026-04-29,bull,141.0,158.0,133.5,158.0,57067708,35986311.45,1.585817098240003,1.0,151.5,True,False,,,0.0,True,False,1.0,,4.290429042904287,80.0,,,,,,,80.0,3
2426,2026-04-29,bull,50.8,59.5,50.3,59.5,36419814,14690518.55,2.4791374025391364,1.0,57.1,True,False,,,0.0,True,False,1.0,,4.203152364273199,80.0,,,,,,,80.0,4
8027,2026-04-29,bull,161.0,179.0,159.0,176.0,26743794,13748003.2,1.945285697925936,0.85,172.0,True,False,,,0.0,True,False,1.0,,2.3255813953488413,80.0,,,,,,,80.0,5
3016,2026-04-29,bull,73.5,81.6,69.9,81.6,20043561,3948666.7,5.076032626405262,1.0,78.4,True,False,,,0.0,False,False,1.0,,4.081632653061207,80.0,,,,,,,80.0,6
1727,2026-04-29,bull,74.6,83.2,74.3,83.2,18527043,11865771.15,1.56138549832052,1.0,79.5,False,True,,,0.0,True,False,1.0,,4.654088050314464,80.0,,,,,,,80.0,7
6197,2026-04-29,bull,196.0,206.5,186.0,206.5,14266259,4074163.0,3.5016416868937252,1.0,201.0,True,False,,,0.0,True,False,1.0,,2.736318407960203,80.0,,,,,,,80.0,8
2464,2026-04-28,bull,95.6,106.5,93.8,106.5,31112681,10901056.45,2.8540977787524437,1.0,100.5,True,False,0.02154726027397271,,0.0,True,False,0.0,,5.970149253731338,85.0,,,,,,,85.0,1
3605,2026-04-28,bull,76.8,84.1,75.5,83.6,25016004,4925633.55,5.078738348288212,0.9418604651162791,78.5,False,True,-0.04417335329341319,,1.0,False,False,0.0,,6.496815286624202,85.0,,,,,,,85.0,2
8103,2026-04-28,bull,122.5,128.0,120.0,128.0,10241784,2538011.1,4.035358237794941,1.0,116.5,False,True,-0.06934206349206348,,0.0,True,True,0.0,,9.871244635193133,85.0,,,,,,,85.0,3
4958,2026-04-28,bull,362.0,394.0,354.0,394.0,75673830,48556666.4,1.5584642771110828,1.0,378.5,False,True,0.11867350698856419,,0.0,True,False,0.0,,4.095112285336855,80.0,,,,,,,80.0,4
6405,2026-04-28,bull,38.3,42.1,36.0,42.1,6822437,1691911.45,4.032384200721616,1.0,40.5,True,False,0.34775360360360363,,0.0,True,False,0.0,,3.9506172839506304,80.0,,,,,,,80.0,5
2243,2026-04-28,bull,25.0,27.4,25.0,27.4,3411621,1451405.1,2.350564291113487,1.0,26.2,False,True,-0.20658664825046033,,0.0,True,False,0.0,,4.580152671755733,80.0,,,,,,,80.0,6
3374,2026-04-27,bull,217.5,218.0,213.5,218.0,19926653,7573989.6,2.6309321840103927,1.0,203.5,True,False,0.15551363636363638,,0.0,True,False,0.0,,7.125307125307123,85.0,,,,,,,85.0,1
8103,2026-04-27,bull,106.5,116.5,101.0,116.5,6729023,2252686.8,2.987109881409169,1.0,111.0,True,False,-0.04258469387755102,,0.0,True,False,0.0,,4.954954954954949,80.0,,,,,,,80.0,2
4927,2026-04-27,bull,53.8,58.6,53.7,58.6,48691111,18436525.55,2.6410133985359296,1.0,57.5,False,True,-0.09550517241379317,,0.0,True,False,0.0,,1.9130434782608674,77.0,,,,,,,77.0,3
5483,2026-04-27,bull,140.0,143.0,139.0,143.0,31950166,11502967.6,2.777558549326002,1.0,141.0,True,False,0.06311551724137923,,0.0,True,False,0.0,,1.4184397163120588,77.0,,,,,,,77.0,4
6435,2026-04-27,bull,197.0,200.5,193.5,200.5,2304352,951506.0,2.4217945026095475,1.0,198.5,False,True,0.26850897435897425,,0.0,True,False,0.0,,1.0075566750629816,77.0,,,,,,,77.0,5
6789,2026-04-24,bull,546.0,566.0,532.0,566.0,19370855,7040932.8,2.751177372407247,1.0,538.0,True,False,0.018040784982935064,,0.0,True,False,0.0,,5.2044609665427455,85.0,,,,,,,85.0,1
3209,2026-04-24,bull,50.3,54.5,50.1,54.5,13248712,3635409.05,3.6443524835258914,1.0,51.9,True,False,0.08620776173285197,,0.0,True,False,0.0,,5.009633911368017,85.0,,,,,,,85.0,2
6658,2026-04-24,bull,103.0,110.5,102.5,110.5,8773691,2215839.9,3.959532906686986,1.0,100.5,True,False,0.4468248971193415,,0.0,True,False,0.0,,9.950248756218905,85.0,,,,,,,85.0,3
1595,2026-04-24,bull,65.8,66.6,60.8,66.6,6556805,1453237.15,4.511861673781186,1.0,60.6,True,False,0.31577921348314597,,0.0,False,False,0.0,,9.900990099009888,85.0,,,,,,,85.0,4
8210,2026-04-24,bull,1165.0,1210.0,1130.0,1210.0,5363957,3309046.0,1.6209980157423016,1.0,1145.0,True,False,0.19030384615384613,,0.0,True,False,0.0,,5.676855895196509,85.0,,,,,,,85.0,5
3228,2026-04-24,bull,211.5,220.5,201.5,218.5,3132652,837656.7,3.73978027036613,0.8947368421052632,201.5,False,True,0.1279528169014085,,0.0,True,True,0.0,,8.436724565756816,85.0,,,,,,,85.0,6
3189,2026-04-24,bull,499.0,526.0,498.5,526.0,57209204,24777593.3,2.308908831754858,1.0,509.0,True,False,-0.0846045787545788,,0.0,True,False,0.0,,3.3398821218074692,80.0,,,,,,,80.0,7
6190,2026-04-24,bull,70.0,75.0,65.7,74.5,36805735,14347434.7,2.5653181749626643,0.9462365591397849,71.9,False,True,0.08444649595687329,,0.0,True,False,0.0,,3.616133518776077,80.0,,,,,,,80.0,8
2454,2026-04-24,bull,2340.0,2435.0,2330.0,2435.0,22985015,13178774.05,1.7440935638470862,1.0,2335.0,True,False,0.5650002024291497,,0.0,True,False,0.0,,4.282655246252687,80.0,,,,,,,80.0,9
3390,2026-04-24,bull,27.85,28.75,27.7,28.75,9527967,911968.9,10.44768851218501,1.0,28.1,True,False,-0.061972448979591845,,0.0,False,False,0.0,,2.313167259786475,80.0,,,,,,,80.0,10
2855,2026-04-24,bull,34.65,35.35,34.25,35.25,16783159,5689989.1,2.9495942268149515,0.909090909090908,34.65,True,False,0.2216780898876404,,0.0,True,False,0.0,,1.7316017316017396,77.0,,,,,,,77.0,11
4720,2026-04-24,bull,26.6,27.35,26.6,27.35,12006332,7146755.65,1.679969567729659,1.0,27.0,True,False,-0.09434557522123896,,0.0,True,False,0.0,,1.2962962962963065,77.0,,,,,,,77.0,12
7711,2026-04-24,bull,391.5,409.0,381.5,405.0,4762106,846989.55,5.622390500567569,0.8545454545454545,372.0,True,False,0.012309806295399593,,20.0,False,False,0.0,,8.870967741935477,69.0,,,,,,,69.0,13
6669,2026-04-24,bull,4335.0,4675.0,4320.0,4635.0,5019268,2068779.8,2.426197316891822,0.8873239436619719,4480.0,True,False,0.06643915662650604,,7.0,False,False,0.0,,3.459821428571419,64.0,,,,,,,64.0,14
1721,2026-04-23,bull,29.4,29.95,24.7,29.95,32491516,3622208.75,8.970083792106129,1.0,27.25,False,True,0.030513636363636375,,0.0,False,False,0.0,,9.908256880733934,85.0,,,,,,,85.0,1
6290,2026-04-23,bull,285.5,306.5,276.5,306.5,27033241,7698234.9,3.511615500327224,1.0,281.0,True,False,-0.13771813186813184,,0.0,True,False,0.0,,9.074733096085419,85.0,,,,,,,85.0,2
3162,2026-04-23,bull,80.1,83.9,77.6,83.9,22945755,3748299.2,6.121644451435467,1.0,76.3,False,True,0.09572194679564686,,0.0,False,False,0.0,,9.960681520314552,85.0,,,,,,,85.0,3
3338,2026-04-23,bull,85.0,85.4,78.5,85.4,20492152,2114583.85,9.690867543512166,1.0,77.7,False,True,-0.13279610778443104,,0.0,False,False,0.0,,9.90990990990992,85.0,,,,,,,85.0,4
8240,2026-04-23,bull,70.8,72.8,66.6,72.8,19020979,3856100.8,4.9326975581136265,1.0,68.5,True,False,-0.09245351826792966,,0.0,False,False,0.0,,6.277372262773717,85.0,,,,,,,85.0,5
6658,2026-04-23,bull,100.0,100.5,88.0,100.5,8313495,1840103.0,4.5179508973139,1.0,91.4,True,False,0.552402427184466,,0.0,False,False,0.0,,9.956236323851186,85.0,,,,,,,85.0,6
2474,2026-04-23,bull,220.0,231.5,218.0,231.5,17155472,3431987.45,4.998698931722492,1.0,227.0,True,False,-0.12978162393162393,,0.0,False,False,0.0,,1.982378854625555,77.0,,,,,,,77.0,7
5536,2026-04-23,bull,920.0,955.0,903.0,949.0,4640871,2545427.95,1.823218370804799,0.8846153846153846,906.0,True,False,-0.1247024590163934,,3.0,False,False,0.0,,4.746136865342154,72.0,,,,,,,72.0,8
3483,2026-04-23,bull,101.0,101.5,95.0,101.5,8221060,869643.3,9.453370134628761,1.0,95.4,True,False,-0.11075196078431379,,42.0,False,False,0.0,,6.394129979035634,69.0,,,,,,,69.0,9
3605,2026-04-23,bull,74.7,77.8,70.3,77.8,18887553,3029674.5,6.234185553596599,1.0,76.0,True,False,0.05529649681528661,,4.0,False,False,0.0,,2.368421052631575,64.0,,,,,,,64.0,10
8028,2026-04-22,bull,218.0,230.0,217.0,230.0,34886659,13973676.05,2.496598523908102,1.0,209.5,True,False,-0.023017381974248942,,0.0,True,False,0.0,,9.785202863961807,85.0,,,,,,,85.0,1
2340,2026-04-22,bull,42.45,42.95,41.8,42.95,26240267,6982477.7,3.7580165848578364,1.0,39.05,True,False,-0.11502030567685592,,0.0,True,False,0.0,,9.987195902688883,85.0,,,,,,,85.0,2
3701,2026-04-22,bull,74.7,78.6,73.1,78.6,24606502,7048286.1,3.4911326882715503,1.0,74.5,True,False,-0.210424332909784,,0.0,True,False,0.0,,5.503355704697976,85.0,,,,,,,85.0,3
2454,2026-04-22,bull,2120.0,2295.0,2110.0,2295.0,24343038,11123196.3,2.1884930683098704,1.0,2090.0,True,False,0.46511774193548383,,0.0,True,False,0.0,,9.808612440191379,85.0,,,,,,,85.0,4
3211,2026-04-22,bull,386.0,417.0,386.0,415.0,21027241,10892122.15,1.930499925581536,0.9354838709677419,388.0,True,False,-0.0980485815602837,,1.0,False,False,0.0,,6.958762886597936,85.0,,,,,,,85.0,5
1721,2026-04-22,bull,27.0,27.25,25.75,27.25,14634311,2978297.0,4.913650653376745,1.0,24.8,True,False,0.014558163265306144,,0.0,False,False,0.0,,9.879032258064523,85.0,,,,,,,85.0,6
2351,2026-04-22,bull,148.5,166.0,146.5,166.0,13549514,8199078.15,1.6525655387246185,1.0,152.0,True,False,-0.02064289940828399,,0.0,True,False,0.0,,9.210526315789469,85.0,,,,,,,85.0,7
3338,2026-04-22,bull,70.0,77.7,69.7,77.7,12501941,1564349.8,7.9917809942507745,1.0,73.4,True,False,-0.14349705882352945,,0.0,False,False,0.0,,5.858310626702989,85.0,,,,,,,85.0,8
8271,2026-04-22,bull,228.0,238.0,225.0,238.0,11157545,5050246.6,2.2093069673072994,1.0,216.5,True,False,-0.031390275049115936,,0.0,True,False,0.0,,9.930715935334877,85.0,,,,,,,85.0,9
6234,2026-04-22,bull,35.6,38.25,35.0,38.25,8963987,2346947.6,3.8194235780977808,1.0,35.55,True,False,0.46858519619500594,,0.0,True,False,0.0,,7.594936708860778,85.0,,,,,,,85.0,10
6532,2026-04-22,bull,99.7,102.5,97.6,102.5,6512976,1721930.55,3.7823685746210844,1.0,93.2,True,False,-0.0010190821256038434,,0.0,True,False,0.0,,9.978540772532195,85.0,,,,,,,85.0,11
6291,2026-04-22,bull,480.0,506.0,462.0,506.0,3461909,2243415.7,1.5431420043998085,1.0,461.0,True,False,-0.05889518664047153,,0.0,True,False,0.0,,9.76138828633406,85.0,,,,,,,85.0,12
8040,2026-04-22,bull,70.3,71.9,70.3,71.9,1811946,820646.9,2.2079483880338793,1.0,65.4,True,False,0.0537526490066226,,0.0,True,False,0.0,,9.938837920489284,85.0,,,,,,,85.0,13
6208,2026-04-22,bull,76.9,82.5,76.9,82.5,1780369,1009948.55,1.762831383836335,1.0,77.7,True,False,-0.1462994382022472,,0.0,True,False,0.0,,6.177606177606165,85.0,,,,,,,85.0,14
6182,2026-04-22,bull,44.05,45.0,42.5,45.0,102141473,13081069.5,7.808342658832292,1.0,43.25,True,False,0.19761320346320335,,0.0,False,False,0.0,,4.046242774566466,80.0,,,,,,,80.0,15
1711,2026-04-22,bull,54.2,59.6,53.6,59.6,50378967,32615790.4,1.5446189217600566,1.0,57.9,True,False,-0.03253759811616961,,0.0,True,False,0.0,,2.936096718480141,80.0,,,,,,,80.0,16
2464,2026-04-22,bull,87.4,94.7,86.6,94.0,31474322,5817977.9,5.409838700143567,0.91358024691358,90.4,True,False,0.16380226554267643,,0.0,False,False,0.0,,3.9823008849557473,80.0,,,,,,,80.0,17
1727,2026-04-22,bull,58.5,64.9,58.0,64.9,17514233,5986391.8,2.925674360304984,1.0,63.6,True,False,0.12912822931785187,,0.0,True,False,0.0,,2.0440251572327206,80.0,,,,,,,80.0,18
3071,2026-04-22,bull,30.65,33.4,30.1,33.4,5154751,1968766.65,2.618264079188867,1.0,32.65,True,False,-0.15514577464788734,,0.0,True,False,0.0,,2.297090352220521,80.0,,,,,,,80.0,19
2460,2026-04-22,bull,37.1,39.8,36.9,39.4,3709782,1688814.3,2.1966784625165716,0.8620689655172418,38.45,False,True,-0.13858195876288656,,0.0,True,False,0.0,,2.4707412223667014,80.0,,,,,,,80.0,20
2497,2026-04-22,bull,56.2,61.1,55.7,61.1,2373274,907638.75,2.61477818129735,1.0,58.2,True,False,-0.01566996726677581,,0.0,True,False,0.0,,4.982817869415812,80.0,,,,,,,80.0,21
6877,2026-04-22,bull,169.0,180.0,165.5,180.0,1754216,1114488.7,1.5740096781600388,1.0,172.5,True,False,-0.13816552162849868,,0.0,True,False,0.0,,4.347826086956519,80.0,,,,,,,80.0,22
6166,2026-04-22,bull,78.8,81.0,77.9,81.0,2153348,1247133.1,1.726638479886389,1.0,79.7,True,False,0.06205123456790131,,0.0,True,False,0.0,,1.6311166875784044,77.0,,,,,,,77.0,23
6462,2026-04-22,bull,135.5,143.5,135.5,143.5,6400065,1868100.85,3.4259740313270557,1.0,130.5,True,False,-0.12737777777777778,,4.0,False,False,0.0,,9.961685823754785,69.0,,,,,,,69.0,24
4961,2026-04-22,bull,156.0,169.0,155.5,169.0,3353266,1132290.0,2.9614904308966783,1.0,159.5,True,False,-0.08584999999999995,,28.0,False,False,0.0,,5.956112852664575,69.0,,,,,,,69.0,25
3312,2026-04-22,bull,43.15,47.4,42.6,47.4,9276914,1491031.25,6.221810575734077,1.0,45.9,True,False,-0.13952346938775503,,18.0,False,False,0.0,,3.267973856209161,64.0,,,,,,,64.0,26
3034,2026-04-22,bull,416.0,434.5,416.0,432.5,7962573,4021876.9,1.97981519523882,0.8918918918918919,421.0,True,False,0.028396575342465667,,31.0,False,False,0.0,,2.7315914489311144,64.0,,,,,,,64.0,27
5498,2026-04-21,bull,77.6,83.1,76.8,83.1,50348823,14636657.15,3.439912712582736,1.0,76.0,True,False,-0.14195149942329874,,0.0,True,False,0.0,,9.342105263157885,85.0,,,,,,,85.0,1
3189,2026-04-21,bull,453.0,473.5,446.0,473.5,38001566,18582767.25,2.0449896126208005,1.0,430.5,True,False,-0.033067741935483876,,0.0,True,False,0.0,,9.988385598141702,85.0,,,,,,,85.0,2
2436,2026-04-21,bull,69.6,75.1,66.7,75.1,27574769,4802892.55,5.7412837603456275,1.0,71.4,True,False,-0.03438437094682221,,0.0,False,False,0.0,,5.182072829131634,85.0,,,,,,,85.0,3
2454,2026-04-21,bull,1930.0,2090.0,1925.0,2090.0,19459855,10563581.2,1.8421645682053356,1.0,1975.0,True,False,0.6120745283018868,,0.0,True,False,0.0,,5.822784810126591,85.0,,,,,,,85.0,4
2351,2026-04-21,bull,143.0,152.0,138.5,151.0,15576568,7524648.25,2.0700725778111955,0.9259259259259259,141.5,False,True,0.04802205387205385,,0.0,True,True,0.0,,6.7137809187279185,85.0,,,,,,,85.0,5
6488,2026-04-21,bull,565.0,602.0,555.0,597.0,14014125,4648557.55,3.0147255033983607,0.8936170212765957,555.0,True,False,0.1978227879799667,,0.0,True,False,0.0,,7.567567567567557,85.0,,,,,,,85.0,6
6205,2026-04-21,bull,82.0,89.1,79.6,89.1,11873824,2959487.05,4.01212230342417,1.0,82.5,True,False,0.03507920353982299,,0.0,True,False,0.0,,7.999999999999985,85.0,,,,,,,85.0,7
3388,2026-04-21,bull,116.0,119.5,115.0,119.5,7493325,969657.65,7.727804756658188,1.0,109.0,False,True,-0.00585,,0.0,False,False,0.0,,9.633027522935777,85.0,,,,,,,85.0,8
6861,2026-04-21,bull,182.0,195.0,176.5,195.0,7104348,1761342.05,4.033485716190106,1.0,179.5,True,False,0.7470637529137528,,0.0,True,False,0.0,,8.635097493036215,85.0,,,,,,,85.0,9
5284,2026-04-21,bull,361.5,384.5,342.0,380.0,6552473,1902120.65,3.444825121897499,0.8941176470588236,350.0,False,True,-0.0615529177718833,,0.0,True,True,0.0,,8.571428571428562,85.0,,,,,,,85.0,10
6231,2026-04-21,bull,304.0,317.0,282.5,317.0,5031781,1979343.8,2.5421460385002344,1.0,292.5,True,False,-0.09069848484848483,,1.0,False,False,0.0,,8.376068376068368,85.0,,,,,,,85.0,11
6174,2026-04-21,bull,31.2,33.2,30.45,33.2,4914542,862459.15,5.698289594353541,1.0,30.25,True,False,0.21423862629246662,,0.0,False,False,0.0,,9.752066115702496,85.0,,,,,,,85.0,12
3430,2026-04-21,bull,98.9,103.5,98.8,103.5,3997810,831313.6,4.809027543877545,1.0,94.1,True,False,0.40428824884792613,,0.0,False,False,0.0,,9.989373007438896,85.0,,,,,,,85.0,13
6532,2026-04-21,bull,84.8,93.2,83.9,93.2,2652152,1695611.8,1.5641268832877901,1.0,86.5,True,False,-0.054997442326980985,,0.0,True,False,0.0,,7.745664739884406,85.0,,,,,,,85.0,14
6153,2026-04-21,bull,19.0,20.65,18.9,20.65,16327665,5370209.4,3.040414960355177,1.0,20.15,True,False,-0.14705370370370371,,0.0,True,False,0.0,,2.481389578163773,80.0,,,,,,,80.0,15
6415,2026-04-21,bull,377.5,398.5,364.5,394.0,20094999,6202290.8,3.2399317684362687,0.8676470588235294,365.5,True,False,0.012157202881152428,,3.0,False,False,0.0,,7.797537619699035,77.0,,,,,,,77.0,16
3504,2026-04-21,bull,70.4,74.8,67.3,74.2,7648202,926380.65,8.256003620110157,0.9200000000000007,73.3,False,True,-0.1274716216216216,,0.0,False,False,0.0,,1.2278308321964637,77.0,,,,,,,77.0,17
3661,2026-04-21,bull,3745.0,3985.0,3740.0,3985.0,4763004,2494412.2,1.9094694934542091,1.0,3735.0,True,False,0.10756463414634157,,8.0,False,False,0.0,,6.693440428380182,69.0,,,,,,,69.0,18
6462,2026-04-21,bull,122.0,130.5,121.0,130.5,5983932,1648366.95,3.630218380682772,1.0,129.0,True,False,-0.053820479704797065,,24.0,False,False,0.0,,1.1627906976744207,61.0,,,,,,,61.0,19
8358,2026-04-20,bull,373.0,404.0,362.5,404.0,50938117,28337377.95,1.7975592904141648,1.0,367.5,True,False,0.06593217821782185,,0.0,True,False,0.0,,9.93197278911564,85.0,,,,,,,85.0,1
3189,2026-04-20,bull,397.0,430.5,396.0,430.5,33909184,20226662.9,1.6764596398153253,1.0,408.0,True,False,0.15750540838852092,,0.0,True,False,0.0,,5.514705882352944,85.0,,,,,,,85.0,2
2484,2026-04-20,bull,45.75,46.6,44.9,46.6,27553465,12566136.05,2.1926760056047616,1.0,43.85,True,False,-0.13481622313203698,,0.0,True,False,0.0,,6.271379703534774,85.0,,,,,,,85.0,3
8289,2026-04-20,bull,51.0,54.6,50.9,54.6,11382241,4513763.65,2.5216741244305068,1.0,51.9,True,False,-0.1636998293515358,,0.0,True,False,0.0,,5.202312138728327,85.0,,,,,,,85.0,4
4720,2026-04-20,bull,21.95,24.3,21.95,24.3,9322363,5190327.2,1.7961031435551884,1.0,22.5,True,False,0.009744541910331382,,0.0,True,False,0.0,,8.000000000000007,85.0,,,,,,,85.0,5
4707,2026-04-20,bull,15.1,15.95,14.7,15.85,9248833,3340281.55,2.7688782701565984,0.9200000000000003,15.05,True,False,-0.07147500000000004,,0.0,True,False,0.0,,5.31561461794019,85.0,,,,,,,85.0,6
8182,2026-04-20,bull,39.55,42.95,39.4,42.95,7985774,1163715.2,6.862309609773938,1.0,39.05,True,False,-0.06980348837209302,,0.0,False,False,0.0,,9.987195902688883,85.0,,,,,,,85.0,7
5244,2026-04-20,bull,50.0,50.8,49.1,50.8,7795366,2187530.8,3.563545710990675,1.0,46.2,False,True,-0.15243634538152603,,1.0,False,False,0.0,,9.956709956709942,85.0,,,,,,,85.0,8
3363,2026-04-20,bull,909.0,988.0,906.0,988.0,6752315,3954509.65,1.7074974137438255,1.0,912.0,True,False,-0.13385,,0.0,True,False,0.0,,8.333333333333325,85.0,,,,,,,85.0,9
8383,2026-04-20,bull,65.0,68.6,65.0,68.6,5179116,2207628.4,2.3460089569422102,1.0,62.4,True,False,-0.11803836565096967,,0.0,True,False,0.0,,9.935897435897424,85.0,,,,,,,85.0,10
2834,2026-04-20,bull,16.35,16.95,16.35,16.9,79165282,26970845.0,2.935216972252816,0.9166666666666652,16.4,True,False,-0.0530476401179941,,0.0,True,False,0.0,,3.0487804878048808,80.0,,,,,,,80.0,11
3374,2026-04-20,bull,185.5,202.5,184.0,202.5,20619836,4187806.95,4.923779019947421,1.0,196.5,True,False,-0.023049017199017176,,0.0,False,False,0.0,,3.053435114503822,80.0,,,,,,,80.0,12
2464,2026-04-20,bull,81.5,86.9,81.3,86.9,19558958,4056758.5,4.82132668237461,1.0,85.0,True,False,0.27824090909090915,,0.0,False,False,0.0,,2.2352941176470686,80.0,,,,,,,80.0,13
2340,2026-04-20,bull,32.8,35.5,32.8,35.5,16774797,6404891.7,2.6190602098705273,1.0,34.25,True,False,0.06201171574903976,,0.0,True,False,0.0,,3.649635036496357,80.0,,,,,,,80.0,14
3680,2026-04-20,bull,436.5,473.0,430.0,473.0,4354425,2098871.15,2.0746509379577684,1.0,462.0,True,False,0.18677295081967218,,0.0,True,False,0.0,,2.3809523809523725,80.0,,,,,,,80.0,15
6568,2026-04-20,bull,227.0,247.5,226.0,247.5,2572643,1516247.2,1.6967173954220658,1.0,240.5,True,False,0.04473365758754868,,0.0,True,False,0.0,,2.9106029106028997,80.0,,,,,,,80.0,16
6584,2026-04-20,bull,710.0,733.0,694.0,733.0,1749891,937323.25,1.8669023733274512,1.0,710.0,True,False,-0.06389749340369397,,0.0,True,False,0.0,,3.2394366197183055,80.0,,,,,,,80.0,17
6456,2026-04-20,bull,78.5,84.8,75.2,83.8,49721028,12629839.65,3.9367901238556104,0.8958333333333333,82.8,True,False,-0.04284284009546533,,0.0,True,False,0.0,,1.2077294685990392,77.0,,,,,,,77.0,18
8074,2026-04-20,bull,72.0,78.3,70.7,78.3,24707820,4304531.9,5.739955138908368,1.0,76.8,True,False,0.1780580459770115,,0.0,False,False,0.0,,1.953125,77.0,,,,,,,77.0,19
6226,2026-04-20,bull,15.5,16.05,15.15,16.0,11656828,3693887.9,3.155707026193188,0.9444444444444436,15.7,True,False,-0.20584999999999995,,0.0,True,False,0.0,,1.9108280254777066,77.0,,,,,,,77.0,20
6488,2026-04-20,bull,508.0,555.0,508.0,551.0,8933070,4433669.15,2.0148255762385876,0.9148936170212766,543.0,True,False,0.17291106194690267,,1.0,False,False,0.0,,1.4732965009208066,77.0,,,,,,,77.0,21
6261,2026-04-20,bull,79.1,86.1,79.1,86.1,4313170,1415890.15,3.0462603331197693,1.0,84.7,True,False,0.2413283295711061,,0.0,True,False,0.0,,1.6528925619834656,77.0,,,,,,,77.0,22
6643,2026-04-20,bull,517.0,556.0,513.0,556.0,3293913,1334421.2,2.468420765497431,1.0,525.0,True,False,0.1268933628318584,,3.0,False,False,0.0,,5.9047619047619015,77.0,,,,,,,77.0,23
6715,2026-04-20,bull,433.0,468.5,432.0,468.5,2390592,1424000.7,1.6787856916081572,1.0,460.0,True,False,-0.09038608247422683,,0.0,True,False,0.0,,1.8478260869565277,77.0,,,,,,,77.0,24
6854,2026-04-20,bull,172.0,184.0,170.0,184.0,2390529,1268311.5,1.8848122089880917,1.0,167.5,True,False,-0.17727857142857137,,3.0,False,False,0.0,,9.850746268656717,77.0,,,,,,,77.0,25
2481,2026-04-17,bull,108.5,118.0,107.5,118.0,48725665,26870586.3,1.8133458070470163,1.0,109.5,False,True,-0.13889347826086948,,0.0,True,True,0.0,,7.762557077625565,85.0,,,,,,,85.0,1
6173,2026-04-17,bull,84.3,92.2,81.8,92.2,40774355,5475178.85,7.44712750342393,1.0,83.9,True,False,-0.04328315508021394,,0.0,False,False,0.0,,9.892729439809301,85.0,,,,,,,85.0,2
8358,2026-04-17,bull,341.5,367.5,341.5,367.5,40256277,26533032.3,1.517213582859129,1.0,344.0,True,False,0.0732384718498659,,0.0,True,False,0.0,,6.83139534883721,85.0,,,,,,,85.0,3
6278,2026-04-17,bull,145.0,157.0,143.0,157.0,27549290,6097454.2,4.518162678450294,1.0,147.5,True,False,0.10526111111111117,,0.0,False,False,0.0,,6.440677966101704,85.0,,,,,,,85.0,4
4540,2026-04-17,bull,52.7,58.1,52.6,57.9,16717104,2677019.5,6.244670238674018,0.9636363636363631,55.0,True,False,0.15939701873935266,,0.0,False,False,0.0,,5.272727272727273,85.0,,,,,,,85.0,5
8261,2026-04-17,bull,115.0,127.5,114.5,127.5,10714805,2539263.3,4.219651030281105,1.0,118.0,True,False,-0.07949341085271319,,0.0,True,False,0.0,,8.05084745762712,85.0,,,,,,,85.0,6
6139,2026-04-17,bull,660.0,729.0,652.0,723.0,9661479,5953293.05,1.6228797942342181,0.922077922077922,673.0,True,False,-0.08409933687002655,,0.0,True,False,0.0,,7.42942050520059,85.0,,,,,,,85.0,7
8383,2026-04-17,bull,57.1,62.4,56.5,62.4,8866823,1840893.2,4.816587404418681,1.0,57.5,True,False,0.017226923076922994,,0.0,False,False,0.0,,8.521739130434792,85.0,,,,,,,85.0,8
3587,2026-04-17,bull,343.5,367.0,340.5,367.0,7123348,3831831.35,1.8589930895575557,1.0,339.5,False,True,-0.07895344827586201,,0.0,True,True,0.0,,8.100147275405,85.0,,,,,,,85.0,9
6909,2026-04-17,bull,58.3,64.9,57.4,64.9,7113388,2807363.8,2.5338319173311277,1.0,61.3,True,False,-0.12973059701492537,,0.0,True,False,0.0,,5.872756933115841,85.0,,,,,,,85.0,10
6205,2026-04-17,bull,69.5,75.0,68.5,75.0,6738285,2209596.1,3.049555074793986,1.0,70.0,True,False,0.1396045454545455,,0.0,True,False,0.0,,7.14285714285714,85.0,,,,,,,85.0,11
8182,2026-04-17,bull,37.3,39.05,36.0,39.05,5311448,904183.8,5.874301220614658,1.0,35.5,True,False,-0.04124823008849552,,0.0,False,False,0.0,,9.999999999999986,85.0,,,,,,,85.0,12
6788,2026-04-17,bull,389.5,431.0,384.0,431.0,4712745,2934650.15,1.6058967028829656,1.0,409.5,True,False,-0.07583939554612937,,0.0,True,False,0.0,,5.250305250305254,85.0,,,,,,,85.0,13
6829,2026-04-17,bull,185.5,197.0,185.5,197.0,4232694,1618436.6,2.6152979980803694,1.0,179.5,True,False,0.2587870023419204,,0.0,True,False,0.0,,9.749303621169926,85.0,,,,,,,85.0,14
3581,2026-04-17,bull,118.5,119.0,113.5,119.0,3444890,1939834.05,1.77586840482566,1.0,108.5,True,False,0.5037285440613027,,0.0,True,False,0.0,,9.677419354838701,85.0,,,,,,,85.0,15
5228,2026-04-17,bull,35.4,37.1,34.25,37.1,3323415,808312.65,4.111546441837821,1.0,33.75,True,False,-0.14425399002493774,,0.0,True,False,0.0,,9.925925925925938,85.0,,,,,,,85.0,16
6877,2026-04-17,bull,154.0,157.5,146.0,157.5,1680827,1004139.55,1.6738978162945577,1.0,143.5,True,False,0.05646454005934722,,0.0,True,False,0.0,,9.756097560975618,85.0,,,,,,,85.0,17
1815,2026-04-17,bull,115.5,127.0,115.5,127.0,128213671,66015805.45,1.942166275576359,1.0,122.5,True,False,-0.15760097276264592,,0.0,True,False,0.0,,3.6734693877551017,80.0,,,,,,,80.0,18
1711,2026-04-17,bull,43.0,47.95,43.0,47.95,73476393,33519216.65,2.1920677254252,1.0,45.85,True,False,0.09871273764258551,,0.0,True,False,0.0,,4.580152671755733,80.0,,,,,,,80.0,19
2402,2026-04-17,bull,70.7,77.7,70.7,77.7,39487468,18058586.25,2.186631193236403,1.0,75.9,True,False,-0.0848308917197452,,0.0,True,False,0.0,,2.371541501976271,80.0,,,,,,,80.0,20
8111,2026-04-17,bull,72.5,79.2,72.4,79.2,16317476,3006461.2,5.427469345022646,1.0,74.3,True,False,-0.17631818727490997,,2.0,False,False,0.0,,6.594885598923295,77.0,,,,,,,77.0,21
4707,2026-04-17,bull,14.15,15.05,14.15,15.05,8271400,2987353.4,2.7688053244721567,1.0,14.8,True,False,-0.015783774834437138,,0.0,True,False,0.0,,1.6891891891891886,77.0,,,,,,,77.0,22
3045,2026-04-17,bull,110.0,112.5,109.5,112.5,19150988,6826975.8,2.8051934796663556,1.0,110.0,True,False,-0.023627777777777782,,21.0,False,False,0.0,,2.2727272727272707,64.0,,,,,,,64.0,23
6415,2026-04-17,bull,310.0,332.5,306.0,332.5,16101903,5902633.65,2.7279184097762865,1.0,320.0,True,False,0.19913614958448758,,12.0,False,False,0.0,,3.90625,64.0,,,,,,,64.0,24
2476,2026-04-17,bull,108.5,116.0,108.0,115.0,10760275,3612656.6,2.9784937212133586,0.875,112.5,True,False,-0.051875104602510415,,4.0,False,False,0.0,,2.2222222222222143,64.0,,,,,,,64.0,25
6245,2026-04-17,bull,79.0,83.4,79.0,82.8,3045853,1272812.5,2.3930099680824943,0.8636363636363619,79.0,True,False,-0.03946344537815125,,13.0,False,False,0.0,,4.810126582278484,64.0,,,,,,,64.0,26
5244,2026-04-17,bull,46.0,46.2,45.25,46.2,4216354,1984601.55,2.1245342673444956,1.0,45.55,True,False,-0.17184999999999992,,21.0,False,False,0.0,,1.4270032930845389,61.0,,,,,,,61.0,27
3714,2026-04-16,bull,71.9,76.0,69.0,76.0,180045652,28364959.65,6.347467234983358,1.0,69.1,True,False,-0.042260923276983255,,0.0,False,False,0.0,,9.985528219971073,85.0,,,,,,,85.0,1
4989,2026-04-16,bull,98.6,107.0,93.1,105.0,63862894,29218674.15,2.185687607594611,0.8561151079136691,98.3,False,True,0.096589024390244,,0.0,True,True,0.0,,6.815869786368256,85.0,,,,,,,85.0,2
6285,2026-04-16,bull,251.0,267.0,244.0,267.0,53385894,32366514.65,1.6494174481650592,1.0,251.0,True,False,-0.19987985074626866,,0.0,True,False,0.0,,6.374501992031867,85.0,,,,,,,85.0,3
6456,2026-04-16,bull,70.2,77.1,65.1,76.8,50429597,9588584.4,5.259337029979107,0.9750000000000002,70.1,False,True,0.010150000000000013,,0.0,False,False,0.0,,9.557774607703283,85.0,,,,,,,85.0,4
6213,2026-04-16,bull,237.0,252.0,229.0,252.0,46275824,28426164.9,1.627930611209534,1.0,235.5,True,False,0.06134367588932812,,0.0,True,False,0.0,,7.006369426751591,85.0,,,,,,,85.0,5
4979,2026-04-16,bull,551.0,586.0,537.0,586.0,32773935,12654051.25,2.589995437232009,1.0,533.0,True,False,-0.017213636363636355,,0.0,True,False,0.0,,9.943714821763594,85.0,,,,,,,85.0,6
3221,2026-04-16,bull,42.05,45.7,41.8,45.7,21112481,11242957.15,1.877840564392794,1.0,41.55,False,True,-0.06512552140504932,,0.0,True,True,0.0,,9.98796630565586,85.0,,,,,,,85.0,7
2484,2026-04-16,bull,37.3,40.3,37.25,40.3,17633554,9481686.85,1.8597486163551162,1.0,38.35,True,False,-0.10185000000000008,,0.0,True,False,0.0,,5.084745762711851,85.0,,,,,,,85.0,8
6829,2026-04-16,bull,168.0,179.5,166.0,179.5,5383221,1382284.35,3.8944382174333376,1.0,163.5,True,False,0.31760013477088955,,0.0,True,False,0.0,,9.78593272171253,85.0,,,,,,,85.0,9
2460,2026-04-16,bull,34.0,37.75,32.2,37.3,4369127,945659.7,4.620189482537958,0.9189189189189184,35.5,False,True,-0.027707923497267896,,0.0,False,False,0.0,,5.070422535211261,85.0,,,,,,,85.0,10
6877,2026-04-16,bull,134.0,143.5,129.5,143.5,1452284,952141.15,1.5252822546320994,1.0,135.0,True,False,0.09155259740259739,,0.0,True,False,0.0,,6.296296296296289,85.0,,,,,,,85.0,11
3645,2026-04-16,bull,93.3,102.5,87.5,100.5,40776749,11530188.75,3.536520510126081,0.8666666666666667,97.1,False,True,0.039376130653266415,,0.0,True,False,0.0,,3.501544799176104,80.0,,,,,,,80.0,12
6173,2026-04-16,bull,76.3,83.9,74.7,83.9,23912892,4594942.3,5.204176774972779,1.0,80.4,True,False,0.010757354685646668,,0.0,False,False,0.0,,4.353233830845782,80.0,,,,,,,80.0,13
2340,2026-04-16,bull,29.65,32.25,28.95,32.25,11175026,5054187.05,2.211043218117541,1.0,30.8,True,False,0.10998577712609961,,1.0,False,False,0.0,,4.707792207792205,80.0,,,,,,,80.0,14
3443,2026-04-16,bull,3165.0,3375.0,3140.0,3345.0,4238415,2682085.25,1.58026856156045,0.8723404255319149,3225.0,False,True,0.2695991017964071,,0.0,True,False,0.0,,3.7209302325581506,80.0,,,,,,,80.0,15
6175,2026-04-16,bull,62.0,64.2,59.5,63.5,18192664,5204133.2,3.4958105991599138,0.8510638297872335,62.4,True,False,-0.030850000000000023,,0.0,True,False,0.0,,1.7628205128205066,77.0,,,,,,,77.0,16
6278,2026-04-15,bull,127.0,137.5,122.0,137.0,33365776,3291491.2,10.13697864360081,0.967741935483871,125.0,True,False,0.14772142857142848,,0.0,False,False,0.0,,9.600000000000009,85.0,,,,,,,85.0,1
2495,2026-04-15,bull,41.1,45.2,40.15,45.2,25800472,13311247.9,1.9382459250871586,1.0,42.8,False,True,-0.09178749999999988,,0.0,True,True,0.0,,5.6074766355140415,85.0,,,,,,,85.0,2
4720,2026-04-15,bull,20.0,22.15,19.9,22.15,15210771,4267899.25,3.5639948623435758,1.0,20.65,False,True,0.2827863636363638,,0.0,True,True,0.0,,7.2639225181598155,85.0,,,,,,,85.0,3
3673,2026-04-15,bull,64.5,66.5,64.4,66.5,14998762,8478475.7,1.7690399230606983,1.0,60.5,True,False,-0.13822410071942445,,0.0,True,False,0.0,,9.917355371900815,85.0,,,,,,,85.0,4
6187,2026-04-15,bull,1055.0,1135.0,1000.0,1135.0,9046127,3720565.3,2.431385090862402,1.0,1070.0,False,True,-0.032398672566371724,,0.0,True,True,0.0,,6.074766355140193,85.0,,,,,,,85.0,5
6829,2026-04-15,bull,155.0,163.5,151.5,163.5,4931435,1146687.95,4.300590234684162,1.0,152.5,True,False,0.4227214285714286,,0.0,True,False,0.0,,7.21311475409836,85.0,,,,,,,85.0,6
8155,2026-04-15,bull,343.0,358.5,340.0,358.5,4495843,2739291.8,1.6412428204983494,1.0,335.5,False,True,0.21555762463343112,,0.0,True,True,0.0,,6.85543964232489,85.0,,,,,,,85.0,7
4960,2026-04-15,bull,26.5,28.05,26.45,28.05,32829171,17260177.05,1.902018206701999,1.0,27.5,True,False,0.24822166123778514,,0.0,True,False,0.0,,2.0000000000000018,80.0,,,,,,,80.0,8
6175,2026-04-15,bull,58.6,62.4,56.8,62.4,14315312,4968418.1,2.8812615427836077,1.0,59.6,False,True,0.01834354838709675,,0.0,True,False,0.0,,4.697986577181212,80.0,,,,,,,80.0,9
6725,2026-04-15,bull,341.5,366.5,341.0,366.5,2889243,1271316.6,2.272638460002803,1.0,359.0,True,False,-0.12143441558441556,,0.0,True,False,0.0,,2.089136490250687,80.0,,,,,,,80.0,10
6456,2026-04-15,bull,66.2,70.1,62.1,70.1,38149141,8286129.7,4.603975846528205,1.0,69.3,True,False,0.11950612535612529,,1.0,False,False,0.0,,1.1544011544011523,77.0,,,,,,,77.0,11
2493,2026-04-15,bull,139.0,152.5,132.5,152.5,9246376,1846955.4,5.006280065019437,1.0,143.5,True,False,-0.18945655737704922,,4.0,False,False,0.0,,6.271777003484313,69.0,,,,,,,69.0,12
2388,2026-04-15,bull,58.2,62.4,57.9,62.4,22249251,7288410.5,3.052689060255319,1.0,60.4,True,False,0.13998333333333327,,18.0,False,False,0.0,,3.31125827814569,64.0,,,,,,,64.0,13
