ticker,entry_date,entry_open,exit_date,exit_open,exit_reason,hold_days,trade_return,trade_return_net
1203,2025-05-05,42.05,2025-05-08,40.15,sunrise_attack_end,2,-0.045184,-0.051034
1203,2026-04-16,43.3,2026-04-21,44.0,sunrise_attack_end,2,0.016166,0.010316
1203,2026-04-17,43.7,2026-04-21,44.0,sunrise_attack_end,1,0.006865,0.001015
1210,2025-04-24,60.3,2025-04-28,59.8,sunrise_attack_end,1,-0.008292,-0.014142
1210,2025-05-05,63.7,2025-05-07,61.7,sunrise_attack_end,1,-0.031397,-0.037247
1215,2025-05-09,109.5,2025-05-13,109.0,sunrise_attack_end,1,-0.004566,-0.010416
1215,2025-06-26,119.5,2025-07-02,125.5,sunrise_attack_end,3,0.050209,0.044359
1215,2025-08-18,132.5,2025-08-25,137.0,reversal_k.bearish_engulfing,4,0.033962,0.028112
1215,2025-08-19,136.5,2025-08-25,137.0,reversal_k.bearish_engulfing,3,0.003663,-0.002187
1215,2025-10-17,146.0,2025-10-21,137.5,reversal_k.bearish_engulfing,1,-0.058219,-0.064069
1215,2026-01-13,150.0,2026-01-15,148.0,sunrise_attack_end,1,-0.013333,-0.019183
1215,2026-01-16,154.0,2026-01-20,150.0,breakout_price_break,1,-0.025974,-0.031824
1216,2025-07-11,85.3,2025-07-16,84.0,sunrise_attack_end,2,-0.01524,-0.02109
1216,2025-07-22,87.1,2025-07-24,86.3,reversal_k.bearish_engulfing,1,-0.009185,-0.015035
1218,2025-05-05,22.65,2025-05-12,21.75,prev_day_low_break,4,-0.039735,-0.045585
1227,2025-05-05,38.1,2025-05-07,37.2,sunrise_attack_end,1,-0.023622,-0.029472
1295,2025-09-05,156.0,2025-09-10,150.5,breakout_price_break,2,-0.035256,-0.041106
1301,2026-01-26,51.2,2026-01-30,49.6,high_long_black,3,-0.03125,-0.0371
1303,2025-07-28,37.3,2025-07-30,36.4,gap_attack_filled,1,-0.024129,-0.029979
1303,2025-11-12,51.6,2025-11-18,56.2,gap_attack_filled,3,0.089147,0.083297
1303,2025-11-13,52.1,2025-11-18,56.2,gap_attack_filled,2,0.078695,0.072845
1304,2026-03-09,12.8,2026-03-11,12.75,gap_attack_filled,1,-0.003906,-0.009756
1308,2026-03-09,14.6,2026-03-11,14.4,gap_attack_filled,1,-0.013699,-0.019549
1313,2026-03-03,12.85,2026-03-06,12.4,high_long_black,2,-0.035019,-0.040869
1314,2025-11-05,9.37,2025-11-10,9.41,high_long_black,2,0.004269,-0.001581
1326,2026-01-26,40.95,2026-01-30,44.25,gap_fill,3,0.080586,0.074736
1402,2025-05-05,35.7,2025-05-07,35.55,sunrise_attack_end,1,-0.004202,-0.010052
1410,2025-05-29,38.2,2025-06-05,39.8,sunrise_attack_end,3,0.041885,0.036035
1410,2025-06-02,40.0,2025-06-05,39.8,sunrise_attack_end,2,-0.005,-0.01085
1419,2025-05-16,52.0,2025-05-28,75.2,reversal_k.bearish_engulfing,7,0.446154,0.440304
1470,2025-04-28,26.6,2025-04-30,25.55,reversal_k.bearish_engulfing,1,-0.039474,-0.045324
1512,2025-05-08,8.4,2025-05-13,8.5,sunrise_attack_end,2,0.011905,0.006055
1514,2026-01-20,131.0,2026-01-27,139.0,gap_attack_filled,4,0.061069,0.055219
1519,2025-11-03,800.0,2025-11-05,748.0,gap_attack_filled,1,-0.065,-0.07085
1519,2026-01-14,935.0,2026-01-26,1030.0,high_long_black,7,0.101604,0.095754
1560,2026-04-16,535.0,2026-04-20,540.0,breakout_price_break,1,0.009346,0.003496
1560,2026-05-05,583.0,2026-05-11,584.0,gap_attack_filled,3,0.001715,-0.004135
1587,2025-12-17,49.0,2025-12-19,50.2,sunrise_attack_end,1,0.02449,0.01864
1599,2025-07-18,32.95,2025-07-22,32.5,breakout_price_break,1,-0.013657,-0.019507
1603,2025-06-16,42.0,2025-06-19,41.65,sunrise_attack_end,2,-0.008333,-0.014183
1603,2025-06-17,41.0,2025-06-19,41.65,sunrise_attack_end,1,0.015854,0.010004
1603,2026-01-23,43.9,2026-01-27,42.95,gap_attack_filled,1,-0.02164,-0.02749
1605,2026-01-06,37.3,2026-01-09,38.45,gap_attack_filled,2,0.030831,0.024981
1605,2026-01-07,39.8,2026-01-09,38.45,gap_attack_filled,1,-0.03392,-0.03977
1609,2026-01-22,49.6,2026-01-26,43.25,reversal_k.bearish_engulfing,1,-0.128024,-0.133874
1612,2025-06-16,38.75,2025-06-20,38.8,gap_attack_filled,3,0.00129,-0.00456
1612,2025-06-17,38.55,2025-06-20,38.8,gap_attack_filled,2,0.006485,0.000635
1616,2025-05-15,27.0,2025-05-28,26.8,prev_day_low_break,8,-0.007407,-0.013257
1623,2025-12-24,254.49,2025-12-31,269.16,reversal_k.bearish_engulfing,3,0.057645,0.051795
1717,2025-08-13,34.8,2025-08-20,42.5,high_long_black,4,0.221264,0.215414
1717,2026-04-09,77.6,2026-04-15,81.1,sunrise_attack_end,3,0.045103,0.039253
1717,2026-04-10,80.0,2026-04-15,81.1,sunrise_attack_end,2,0.01375,0.0079
1721,2026-04-21,27.0,2026-04-24,27.5,sunrise_attack_end,2,0.018519,0.012669
1722,2025-05-02,59.7,2025-05-07,56.3,gap_attack_filled,2,-0.056951,-0.062801
1722,2025-05-05,57.2,2025-05-07,56.3,gap_attack_filled,1,-0.015734,-0.021584
1726,2025-05-26,77.8,2025-05-28,77.4,breakout_price_break,1,-0.005141,-0.010991
1726,2025-07-01,78.5,2025-07-04,78.3,trend_change,1,-0.002548,-0.008398
1727,2025-11-25,45.9,2025-11-27,39.0,reversal_k.bearish_engulfing,1,-0.150327,-0.156177
1727,2026-03-12,55.0,2026-03-17,55.1,high_long_black,2,0.001818,-0.004032
1730,2025-05-06,56.6,2025-05-08,57.7,sunrise_attack_end,1,0.019435,0.013585
1734,2025-05-12,32.55,2025-05-15,32.5,sunrise_attack_end,2,-0.001536,-0.007386
1734,2025-05-19,33.1,2025-05-23,33.55,sunrise_attack_end,3,0.013595,0.007745
1735,2026-03-02,21.7,2026-03-04,19.7,high_long_black,1,-0.092166,-0.098016
1737,2025-08-19,32.2,2025-08-21,32.25,breakout_price_break,1,0.001553,-0.004297
1773,2026-04-23,176.0,2026-04-27,178.0,sunrise_attack_end,1,0.011364,0.005514
1784,2025-12-24,111.0,2025-12-30,108.0,reversal_k.bearish_engulfing,2,-0.027027,-0.032877
1784,2025-12-26,113.5,2025-12-30,108.0,reversal_k.bearish_engulfing,1,-0.048458,-0.054308
1785,2025-12-23,69.1,2025-12-29,67.7,reversal_k.bearish_engulfing,2,-0.02026,-0.02611
1785,2026-03-10,75.0,2026-03-16,82.5,sunrise_attack_end,3,0.1,0.09415
1802,2026-04-17,75.5,2026-04-21,71.4,high_long_black,1,-0.054305,-0.060155
1809,2026-03-19,35.75,2026-03-23,30.0,high_long_black,1,-0.160839,-0.166689
1809,2026-05-11,43.45,2026-05-13,38.8,high_long_black,1,-0.10702,-0.11287
1815,2025-06-04,38.95,2025-06-09,39.0,sunrise_attack_end,2,0.001284,-0.004566
1815,2025-11-12,93.5,2025-11-17,92.9,gap_attack_filled,2,-0.006417,-0.012267
1815,2025-12-29,97.7,2025-12-31,95.5,sunrise_attack_end,1,-0.022518,-0.028368
1815,2026-01-19,109.0,2026-01-22,110.0,high_long_black,2,0.009174,0.003324
1815,2026-04-17,128.5,2026-04-21,121.0,high_long_black,1,-0.058366,-0.064216
1904,2026-03-26,20.5,2026-03-30,20.15,gap_attack_filled,1,-0.017073,-0.022923
2009,2025-12-26,52.5,2025-12-31,50.7,breakout_low_break,2,-0.034286,-0.040136
2009,2025-12-29,50.9,2025-12-31,50.7,breakout_low_break,1,-0.003929,-0.009779
2022,2026-03-20,9.49,2026-03-24,9.26,breakout_price_break,1,-0.024236,-0.030086
2049,2026-04-14,279.0,2026-04-17,281.5,reversal_k.bearish_engulfing,2,0.008961,0.003111
2049,2026-04-15,285.0,2026-04-17,281.5,reversal_k.bearish_engulfing,1,-0.012281,-0.018131
2059,2025-05-22,2115.0,2025-05-28,2095.0,breakout_price_break,3,-0.009456,-0.015306
2059,2025-06-03,2170.0,2025-06-09,2145.0,breakout_price_break,3,-0.011521,-0.017371
2059,2025-07-18,2425.0,2025-07-24,2515.0,sunrise_attack_end,3,0.037113,0.031263
2072,2025-06-03,289.5,2025-06-10,339.91,sunrise_attack_end,4,0.174128,0.168278
2072,2025-06-04,303.92,2025-06-10,339.91,sunrise_attack_end,3,0.118419,0.112569
2108,2026-05-11,29.75,2026-05-13,27.8,reversal_k.bearish_engulfing,1,-0.065546,-0.071396
2207,2025-05-05,640.0,2025-05-08,642.0,gap_attack_filled,2,0.003125,-0.002725
2207,2025-05-06,652.0,2025-05-08,642.0,gap_attack_filled,1,-0.015337,-0.021187
2228,2025-08-08,115.5,2025-08-13,112.5,sunrise_attack_end,2,-0.025974,-0.031824
2233,2026-05-04,318.0,2026-05-07,310.0,sunrise_attack_end,2,-0.025157,-0.031007
2241,2025-12-04,40.65,2025-12-08,39.1,sunrise_attack_end,1,-0.03813,-0.04398
2254,2026-04-20,85.2,2026-04-23,86.1,high_long_black,2,0.010563,0.004713
2254,2026-04-21,93.7,2026-04-23,86.1,high_long_black,1,-0.08111,-0.08696
2301,2026-05-07,208.0,2026-05-13,222.0,high_long_black,3,0.067308,0.061458
2301,2026-05-08,210.5,2026-05-13,222.0,high_long_black,2,0.054632,0.048782
2303,2025-05-21,49.45,2025-05-26,47.8,sunrise_attack_end,2,-0.033367,-0.039217
2303,2025-12-17,50.2,2025-12-24,49.9,gap_attack_filled,4,-0.005976,-0.011826
2303,2026-01-07,57.0,2026-01-09,54.4,gap_fill,1,-0.045614,-0.051464
2303,2026-05-04,80.8,2026-05-11,94.7,high_long_black,4,0.17203,0.16618
2303,2026-05-05,88.5,2026-05-11,94.7,high_long_black,3,0.070056,0.064206
2305,2026-03-26,16.3,2026-04-01,16.7,high_long_black,3,0.02454,0.01869
2305,2026-03-27,16.75,2026-04-01,16.7,high_long_black,2,-0.002985,-0.008835
2312,2026-01-13,29.7,2026-01-16,34.6,sunrise_attack_end,2,0.164983,0.159133
2313,2025-12-17,96.0,2025-12-19,93.0,high_long_black,1,-0.03125,-0.0371
2316,2025-12-01,121.0,2025-12-03,110.5,reversal_k.bearish_engulfing,1,-0.086777,-0.092627
2321,2025-08-21,16.0,2025-08-27,19.95,high_long_black,3,0.246875,0.241025
2321,2025-08-22,18.8,2025-08-27,19.95,high_long_black,2,0.06117,0.05532
2323,2025-12-11,11.1,2025-12-16,11.1,sunrise_attack_end,2,0.0,-0.00585
2329,2025-06-04,41.2,2025-06-06,40.9,sunrise_attack_end,1,-0.007282,-0.013132
2329,2025-11-13,50.8,2025-11-17,50.0,breakout_price_break,1,-0.015748,-0.021598
2329,2025-12-26,58.0,2025-12-30,55.8,gap_fill,1,-0.037931,-0.043781
2330,2025-12-29,1515.0,2025-12-31,1520.0,breakout_price_break,1,0.0033,-0.00255
2330,2025-12-31,1555.0,2026-01-08,1660.0,sunrise_attack_end,4,0.067524,0.061674
2330,2026-01-02,1630.0,2026-01-08,1660.0,sunrise_attack_end,3,0.018405,0.012555
2330,2026-01-05,1645.0,2026-01-08,1660.0,sunrise_attack_end,2,0.009119,0.003269
2330,2026-04-14,2065.0,2026-04-17,2055.0,sunrise_attack_end,2,-0.004843,-0.010693
2330,2026-04-15,2080.0,2026-04-17,2055.0,sunrise_attack_end,1,-0.012019,-0.017869
2331,2025-12-12,25.15,2025-12-17,24.0,high_long_black,2,-0.045726,-0.051576
2337,2026-01-02,47.65,2026-01-12,60.0,high_long_black,5,0.259182,0.253332
2337,2026-01-05,49.4,2026-01-12,60.0,high_long_black,4,0.214575,0.208725
2344,2025-09-05,24.65,2025-09-15,26.95,sunrise_attack_end,5,0.093306,0.087456
2344,2025-09-08,24.4,2025-09-15,26.95,sunrise_attack_end,4,0.104508,0.098658
2345,2025-07-28,853.0,2025-07-31,841.0,sunrise_attack_end,2,-0.014068,-0.019918
2345,2026-01-06,1265.0,2026-01-08,1235.0,high_long_black,1,-0.023715,-0.029565
2351,2026-03-24,104.0,2026-03-27,96.9,sunrise_attack_end,2,-0.068269,-0.074119
2356,2026-01-22,54.5,2026-01-26,48.25,reversal_k.bearish_engulfing,1,-0.114679,-0.120529
2360,2026-01-07,922.0,2026-01-12,931.0,sunrise_attack_end,2,0.009761,0.003911
2368,2025-11-12,560.0,2025-11-17,565.0,gap_attack_filled,2,0.008929,0.003079
2369,2026-01-07,27.7,2026-01-09,24.95,reversal_k.bearish_engulfing,1,-0.099278,-0.105128
2369,2026-03-20,35.8,2026-03-24,35.4,high_long_black,1,-0.011173,-0.017023
2376,2025-06-03,289.5,2025-06-09,289.5,sunrise_attack_end,3,0.0,-0.00585
2376,2025-06-04,288.0,2025-06-09,289.5,sunrise_attack_end,2,0.005208,-0.000642
2382,2025-10-03,310.5,2025-10-09,310.0,sunrise_attack_end,2,-0.00161,-0.00746
2382,2025-10-07,307.0,2025-10-09,310.0,sunrise_attack_end,1,0.009772,0.003922
2383,2025-05-08,667.0,2025-05-13,689.0,sunrise_attack_end,2,0.032984,0.027134
2383,2025-05-09,681.0,2025-05-13,689.0,sunrise_attack_end,1,0.011747,0.005897
2383,2025-11-03,1440.0,2025-11-06,1450.0,sunrise_attack_end,2,0.006944,0.001094
2383,2025-11-04,1405.0,2025-11-06,1450.0,sunrise_attack_end,1,0.032028,0.026178
2395,2026-05-04,391.0,2026-05-12,487.0,sunrise_attack_end,5,0.245524,0.239674
2395,2026-05-05,400.5,2026-05-12,487.0,sunrise_attack_end,4,0.21598,0.21013
2399,2026-03-18,31.35,2026-03-24,35.85,sunrise_attack_end,3,0.143541,0.137691
2402,2025-07-16,43.1,2025-07-18,41.05,high_long_black,1,-0.047564,-0.053414
2402,2025-08-11,46.45,2025-08-21,60.0,reversal_k.bearish_engulfing,7,0.291712,0.285862
2402,2025-12-10,68.0,2025-12-12,63.5,high_long_black,1,-0.066176,-0.072026
2408,2025-06-04,50.1,2025-06-09,52.8,sunrise_attack_end,2,0.053892,0.048042
2413,2026-02-25,57.7,2026-03-02,53.6,sunrise_attack_end,1,-0.071057,-0.076907
2414,2025-05-12,43.2,2025-05-15,42.2,sunrise_attack_end,2,-0.023148,-0.028998
2414,2025-05-13,41.3,2025-05-15,42.2,sunrise_attack_end,1,0.021792,0.015942
2414,2025-07-10,45.5,2025-07-15,46.3,gap_attack_filled,2,0.017582,0.011732
2414,2025-07-11,47.7,2025-07-15,46.3,gap_attack_filled,1,-0.02935,-0.0352
2414,2026-05-06,49.3,2026-05-12,48.15,gap_attack_filled,3,-0.023327,-0.029177
2415,2026-03-17,30.0,2026-03-20,29.6,gap_attack_filled,2,-0.013333,-0.019183
2419,2026-04-08,39.5,2026-04-10,36.95,high_long_black,1,-0.064557,-0.070407
2421,2025-07-17,115.0,2025-07-22,113.5,sunrise_attack_end,2,-0.013043,-0.018893
2421,2025-10-16,143.0,2025-10-20,135.0,high_long_black,1,-0.055944,-0.061794
2425,2025-05-13,39.6,2025-05-15,39.6,sunrise_attack_end,1,0.0,-0.00585
2427,2025-08-05,33.15,2025-08-07,32.8,gap_attack_filled,1,-0.010558,-0.016408
2428,2025-09-24,175.5,2025-09-26,169.5,sunrise_attack_end,1,-0.034188,-0.040038
2429,2025-06-09,74.0,2025-06-12,69.6,high_long_black,2,-0.059459,-0.065309
2429,2025-06-10,77.9,2025-06-12,69.6,high_long_black,1,-0.106547,-0.112397
2429,2025-07-29,82.5,2025-08-04,88.2,sunrise_attack_end,3,0.069091,0.063241
2429,2025-07-30,88.1,2025-08-04,88.2,sunrise_attack_end,2,0.001135,-0.004715
2440,2026-04-28,17.1,2026-05-05,17.7,sunrise_attack_end,3,0.035088,0.029238
2449,2025-12-29,245.0,2026-01-06,263.0,gap_fill,4,0.073469,0.067619
2449,2026-05-05,362.0,2026-05-07,332.5,reversal_k.bearish_engulfing,1,-0.081492,-0.087342
2451,2025-06-10,110.5,2025-06-13,104.5,gap_attack_filled,2,-0.054299,-0.060149
2451,2025-07-03,113.5,2025-07-08,103.5,reversal_k.bearish_engulfing,2,-0.088106,-0.093956
2451,2026-03-18,307.0,2026-03-20,335.0,sunrise_attack_end,1,0.091205,0.085355
2451,2026-05-12,340.0,2026-05-14,335.5,gap_attack_filled,1,-0.013235,-0.019085
2454,2026-04-21,2120.0,2026-04-24,2340.0,high_long_black,2,0.103774,0.097924
2457,2026-01-21,39.55,2026-01-26,35.3,high_long_black,2,-0.107459,-0.113309
2458,2026-05-08,151.0,2026-05-12,151.5,sunrise_attack_end,1,0.003311,-0.002539
2460,2026-04-10,34.0,2026-04-16,34.0,sunrise_attack_end,3,0.0,-0.00585
2466,2025-04-16,101.0,2025-04-18,112.5,sunrise_attack_end,1,0.113861,0.108011
2466,2025-04-17,112.5,2025-04-21,107.5,high_long_black,1,-0.044444,-0.050294
2467,2025-12-08,226.5,2025-12-11,226.0,sunrise_attack_end,2,-0.002208,-0.008058
2467,2026-02-26,311.0,2026-03-05,391.5,sunrise_attack_end,3,0.258842,0.252992
2471,2025-04-25,69.5,2025-04-29,69.0,sunrise_attack_end,1,-0.007194,-0.013044
2472,2026-01-14,119.5,2026-01-21,117.0,breakout_price_break,4,-0.020921,-0.026771
2478,2025-05-16,48.9,2025-05-20,47.9,gap_attack_filled,1,-0.02045,-0.0263
2478,2026-01-13,75.0,2026-01-15,70.5,high_long_black,1,-0.06,-0.06585
2478,2026-04-17,78.9,2026-04-21,75.2,high_long_black,1,-0.046895,-0.052745
2480,2025-05-20,169.0,2025-05-26,167.0,breakout_price_break,3,-0.011834,-0.017684
2480,2025-05-21,170.0,2025-05-26,167.0,breakout_price_break,2,-0.017647,-0.023497
2480,2025-05-22,172.0,2025-05-26,167.0,breakout_price_break,1,-0.02907,-0.03492
2481,2025-08-18,60.3,2025-08-21,63.8,sunrise_attack_end,2,0.058043,0.052193
2481,2026-03-17,105.0,2026-03-19,101.0,sunrise_attack_end,1,-0.038095,-0.043945
2483,2026-04-22,24.2,2026-04-24,23.7,gap_attack_filled,1,-0.020661,-0.026511
2484,2026-01-15,27.15,2026-01-19,27.7,sunrise_attack_end,1,0.020258,0.014408
2488,2026-04-15,50.5,2026-04-20,51.8,gap_attack_filled,2,0.025743,0.019893
2488,2026-04-16,52.6,2026-04-20,51.8,gap_attack_filled,1,-0.015209,-0.021059
2492,2026-01-19,146.0,2026-01-22,150.5,breakout_price_break,2,0.030822,0.024972
2492,2026-01-20,146.0,2026-01-22,150.5,breakout_price_break,1,0.030822,0.024972
2492,2026-05-11,175.0,2026-05-14,220.0,open,3,0.257143,0.251293
2493,2025-08-05,112.5,2025-08-12,138.0,sunrise_attack_end,4,0.226667,0.220817
2603,2025-05-14,246.0,2025-05-20,255.0,sunrise_attack_end,3,0.036585,0.030735
2603,2025-05-15,247.0,2025-05-20,255.0,sunrise_attack_end,2,0.032389,0.026539
2605,2026-02-25,32.7,2026-03-04,38.6,sunrise_attack_end,3,0.180428,0.174578
2607,2025-05-16,33.7,2025-05-20,34.15,sunrise_attack_end,1,0.013353,0.007503
2607,2025-05-26,34.65,2025-05-28,34.7,breakout_price_break,1,0.001443,-0.004407
2607,2025-08-04,37.0,2025-08-07,37.1,sunrise_attack_end,2,0.002703,-0.003147
2607,2025-08-05,37.3,2025-08-07,37.1,sunrise_attack_end,1,-0.005362,-0.011212
2609,2025-05-16,84.2,2025-05-20,82.5,sunrise_attack_end,1,-0.02019,-0.02604
2612,2025-05-16,50.7,2025-05-21,50.0,reversal_k.bearish_engulfing,2,-0.013807,-0.019657
2612,2025-05-19,51.0,2025-05-21,50.0,reversal_k.bearish_engulfing,1,-0.019608,-0.025458
2612,2025-07-25,52.3,2025-07-29,50.5,breakout_price_break,1,-0.034417,-0.040267
2612,2025-10-30,59.7,2025-11-03,57.9,high_long_black,1,-0.030151,-0.036001
2612,2025-12-01,63.5,2025-12-08,68.2,high_long_black,4,0.074016,0.068166
2615,2025-05-13,93.0,2025-05-21,113.0,sunrise_attack_end,5,0.215054,0.209204
2633,2025-06-11,28.45,2025-06-18,29.05,sunrise_attack_end,4,0.02109,0.01524
2633,2025-06-12,28.4,2025-06-18,29.05,sunrise_attack_end,3,0.022887,0.017037
2633,2025-06-13,28.75,2025-06-18,29.05,sunrise_attack_end,2,0.010435,0.004585
2636,2025-05-16,85.2,2025-05-20,82.1,breakout_price_break,1,-0.036385,-0.042235
2645,2025-05-14,110.5,2025-05-20,112.5,sunrise_attack_end,3,0.0181,0.01225
2645,2025-05-15,117.0,2025-05-20,112.5,sunrise_attack_end,2,-0.038462,-0.044312
2705,2025-05-27,19.15,2025-05-29,18.95,reversal_k.bearish_engulfing,1,-0.010444,-0.016294
2727,2025-05-22,245.0,2025-05-28,256.0,sunrise_attack_end,3,0.044898,0.039048
2727,2025-05-23,251.0,2025-05-28,256.0,sunrise_attack_end,2,0.01992,0.01407
2727,2025-05-26,256.0,2025-05-28,256.0,sunrise_attack_end,1,0.0,-0.00585
2731,2025-11-17,182.5,2025-11-19,175.5,breakout_price_break,1,-0.038356,-0.044206
2743,2025-05-09,105.5,2025-05-13,105.0,breakout_price_break,1,-0.004739,-0.010589
2743,2025-05-16,116.0,2025-05-20,115.0,sunrise_attack_end,1,-0.008621,-0.014471
2745,2025-07-01,145.0,2025-07-07,150.0,sunrise_attack_end,3,0.034483,0.028633
2753,2025-11-12,218.5,2025-11-14,201.0,reversal_k.bearish_engulfing,1,-0.080092,-0.085942
2754,2025-08-29,90.5,2025-09-05,91.6,gap_attack_filled,4,0.012155,0.006305
2754,2025-09-01,90.8,2025-09-05,91.6,gap_attack_filled,3,0.008811,0.002961
2754,2025-09-08,95.5,2025-09-11,95.4,sunrise_attack_end,2,-0.001047,-0.006897
2754,2025-09-09,94.8,2025-09-11,95.4,sunrise_attack_end,1,0.006329,0.000479
2755,2025-06-10,152.0,2025-06-12,143.0,reversal_k.bearish_engulfing,1,-0.059211,-0.065061
2755,2025-08-15,165.0,2025-08-25,172.0,high_long_black,5,0.042424,0.036574
2756,2025-04-24,84.8,2025-05-05,99.6,sunrise_attack_end,5,0.174528,0.168678
2801,2025-06-25,18.9,2025-06-30,18.95,sunrise_attack_end,2,0.002646,-0.003204
2801,2025-06-26,18.95,2025-06-30,18.95,sunrise_attack_end,1,0.0,-0.00585
2801,2025-07-01,19.15,2025-07-10,19.8,sunrise_attack_end,6,0.033943,0.028093
2801,2025-07-02,19.3,2025-07-10,19.8,sunrise_attack_end,5,0.025907,0.020057
2801,2025-07-03,19.55,2025-07-10,19.8,sunrise_attack_end,4,0.012788,0.006938
2801,2025-07-07,19.8,2025-07-10,19.8,sunrise_attack_end,2,0.0,-0.00585
2812,2025-06-27,21.7,2025-07-03,22.15,sunrise_attack_end,3,0.020737,0.014887
2812,2025-06-30,22.0,2025-07-03,22.15,sunrise_attack_end,2,0.006818,0.000968
2834,2025-07-09,15.9,2025-07-16,16.3,sunrise_attack_end,4,0.025157,0.019307
2838,2025-07-11,18.4,2025-07-21,18.3,trailing_stop,5,-0.005435,-0.011285
2838,2025-10-08,19.75,2025-10-13,18.95,gap_attack_filled,1,-0.040506,-0.046356
2838,2026-04-16,21.55,2026-04-20,20.85,reversal_k.bearish_engulfing,1,-0.032483,-0.038333
2850,2025-09-03,118.0,2025-09-08,120.0,sunrise_attack_end,2,0.016949,0.011099
2851,2026-05-12,33.45,2026-05-14,34.05,sunrise_attack_end,1,0.017937,0.012087
2867,2025-10-27,6.84,2025-10-29,7.17,breakout_low_break,1,0.048246,0.042396
2867,2025-12-12,7.76,2025-12-16,7.78,sunrise_attack_end,1,0.002577,-0.003273
2867,2026-02-23,8.14,2026-02-25,8.14,sunrise_attack_end,1,0.0,-0.00585
2867,2026-02-25,8.2,2026-03-03,8.19,breakout_price_break,2,-0.00122,-0.00707
2867,2026-02-26,8.17,2026-03-03,8.19,breakout_price_break,1,0.002448,-0.003402
2880,2025-07-14,28.55,2025-07-16,28.4,breakout_price_break,1,-0.005254,-0.011104
2880,2025-07-17,29.0,2025-07-22,28.85,sunrise_attack_end,2,-0.005172,-0.011022
2880,2026-02-09,34.0,2026-02-11,34.2,sunrise_attack_end,1,0.005882,3.2e-05
2880,2026-02-11,35.95,2026-03-03,36.7,sunrise_attack_end,5,0.020862,0.015012
2881,2025-12-04,94.9,2025-12-08,94.6,sunrise_attack_end,1,-0.003161,-0.009011
2881,2025-12-08,95.3,2025-12-11,95.7,reversal_k.bearish_engulfing,2,0.004197,-0.001653
2881,2025-12-09,96.3,2025-12-11,95.7,reversal_k.bearish_engulfing,1,-0.006231,-0.012081
2881,2025-12-17,97.6,2025-12-19,96.6,breakout_price_break,1,-0.010246,-0.016096
2882,2026-02-11,81.4,2026-02-25,78.2,gap_attack_filled,2,-0.039312,-0.045162
2882,2026-02-23,79.2,2026-02-25,78.2,gap_attack_filled,1,-0.012626,-0.018476
2883,2026-02-09,18.9,2026-03-03,21.0,sunrise_attack_end,7,0.111111,0.105261
2883,2026-05-06,22.25,2026-05-13,21.5,reversal_k.dark_double_star,4,-0.033708,-0.039558
2883,2026-05-07,22.6,2026-05-13,21.5,reversal_k.dark_double_star,3,-0.048673,-0.054523
2883,2026-05-08,22.9,2026-05-13,21.5,reversal_k.dark_double_star,2,-0.061135,-0.066985
2884,2025-06-06,30.9,2025-06-12,31.1,sunrise_attack_end,3,0.006472,0.000622
2884,2025-06-09,31.1,2025-06-12,31.1,sunrise_attack_end,2,0.0,-0.00585
2884,2025-06-10,31.25,2025-06-12,31.1,sunrise_attack_end,1,-0.0048,-0.01065
2884,2025-06-13,31.55,2025-06-18,31.8,sunrise_attack_end,2,0.007924,0.002074
2884,2025-06-16,31.8,2025-06-18,31.8,sunrise_attack_end,1,0.0,-0.00585
2885,2026-04-15,50.4,2026-04-20,50.7,reversal_k.bearish_engulfing,2,0.005952,0.000102
2885,2026-04-28,52.8,2026-04-30,51.3,gap_attack_filled,1,-0.028409,-0.034259
2886,2025-05-15,40.3,2025-05-20,41.3,sunrise_attack_end,2,0.024814,0.018964
2886,2025-05-16,40.45,2025-05-20,41.3,sunrise_attack_end,1,0.021014,0.015164
2886,2025-05-19,41.3,2025-05-22,40.6,gap_attack_filled,2,-0.016949,-0.022799
2886,2025-05-20,41.0,2025-05-22,40.6,gap_attack_filled,1,-0.009756,-0.015606
2886,2025-07-02,41.8,2025-07-04,41.7,gap_attack_filled,1,-0.002392,-0.008242
2886,2025-07-08,42.05,2025-07-10,41.55,breakout_price_break,1,-0.011891,-0.017741
2886,2025-07-11,42.3,2025-07-16,41.75,breakout_price_break,2,-0.013002,-0.018852
2886,2025-07-22,42.85,2025-07-25,42.7,sunrise_attack_end,2,-0.003501,-0.009351
2886,2025-07-23,42.65,2025-07-25,42.7,sunrise_attack_end,1,0.001172,-0.004678
2887,2025-10-09,18.45,2025-10-14,18.85,breakout_price_break,1,0.02168,0.01583
2887,2025-10-14,19.15,2025-10-17,19.5,sunrise_attack_end,2,0.018277,0.012427
2887,2025-12-17,21.65,2025-12-19,21.1,gap_attack_filled,1,-0.025404,-0.031254
2889,2026-02-23,17.6,2026-02-25,17.25,sunrise_attack_end,1,-0.019886,-0.025736
2890,2025-06-09,23.9,2025-06-12,23.95,sunrise_attack_end,2,0.002092,-0.003758
2890,2025-07-10,24.9,2025-07-18,25.65,reversal_k.bearish_engulfing,5,0.03012,0.02427
2890,2025-08-06,26.3,2025-08-12,26.1,sunrise_attack_end,3,-0.007605,-0.013455
2890,2025-11-11,26.95,2025-11-14,26.85,gap_attack_filled,2,-0.003711,-0.009561
2890,2025-11-12,27.0,2025-11-14,26.85,gap_attack_filled,1,-0.005556,-0.011406
2890,2025-11-20,26.9,2025-11-24,26.7,breakout_price_break,1,-0.007435,-0.013285
2890,2025-11-26,27.1,2025-11-28,27.2,sunrise_attack_end,1,0.00369,-0.00216
2890,2025-12-02,27.35,2025-12-04,27.35,breakout_price_break,1,0.0,-0.00585
2890,2025-12-15,27.5,2025-12-19,28.85,sunrise_attack_end,3,0.049091,0.043241
2890,2025-12-17,29.05,2025-12-19,28.85,sunrise_attack_end,1,-0.006885,-0.012735
2890,2026-02-10,30.65,2026-02-25,32.7,sunrise_attack_end,3,0.066884,0.061034
2890,2026-02-11,32.45,2026-02-25,32.7,sunrise_attack_end,2,0.007704,0.001854
2891,2025-05-16,41.95,2025-05-20,41.65,sunrise_attack_end,1,-0.007151,-0.013001
2891,2025-05-21,42.45,2025-05-27,41.35,reversal_k.gap_reversal,3,-0.025913,-0.031763
2891,2025-07-07,44.9,2025-07-09,44.4,breakout_price_break,1,-0.011136,-0.016986
2891,2025-12-09,44.95,2025-12-11,45.0,sunrise_attack_end,1,0.001112,-0.004738
2891,2025-12-11,45.3,2025-12-17,46.9,sunrise_attack_end,3,0.03532,0.02947
2891,2025-12-12,46.5,2025-12-17,46.9,sunrise_attack_end,2,0.008602,0.002752
2891,2026-02-23,54.1,2026-02-25,53.7,reversal_k.bearish_engulfing,1,-0.007394,-0.013244
2892,2025-06-17,28.3,2025-06-23,28.05,breakout_price_break,3,-0.008834,-0.014684
2892,2025-06-18,28.35,2025-06-23,28.05,breakout_price_break,2,-0.010582,-0.016432
2892,2025-06-19,28.5,2025-06-23,28.05,breakout_price_break,1,-0.015789,-0.021639
2892,2025-08-01,29.95,2025-08-07,29.05,sunrise_attack_end,3,-0.03005,-0.0359
2892,2025-08-04,30.3,2025-08-07,29.05,sunrise_attack_end,2,-0.041254,-0.047104
2892,2025-08-05,30.5,2025-08-07,29.05,sunrise_attack_end,1,-0.047541,-0.053391
2897,2026-04-13,10.35,2026-04-17,10.35,reversal_k.bearish_engulfing,3,0.0,-0.00585
3004,2025-05-16,125.0,2025-05-23,146.5,high_long_black,4,0.172,0.16615
3006,2025-12-26,104.5,2025-12-30,105.0,high_long_black,1,0.004785,-0.001065
3006,2025-12-30,115.0,2026-01-09,142.0,sunrise_attack_end,6,0.234783,0.228933
3006,2025-12-31,119.5,2026-01-09,142.0,sunrise_attack_end,5,0.188285,0.182435
3010,2026-01-28,126.0,2026-01-30,124.0,sunrise_attack_end,1,-0.015873,-0.021723
3016,2026-01-21,75.2,2026-01-23,70.0,high_long_black,1,-0.069149,-0.074999
3016,2026-04-22,77.6,2026-04-24,69.3,reversal_k.bearish_engulfing,1,-0.106959,-0.112809
3016,2026-04-29,89.7,2026-05-08,120.0,sunrise_attack_end,5,0.337793,0.331943
3017,2025-10-28,1320.0,2025-11-05,1395.0,reversal_k.bearish_engulfing,5,0.056818,0.050968
3017,2026-02-03,1645.0,2026-02-06,1605.0,gap_attack_filled,2,-0.024316,-0.030166
3017,2026-02-04,1665.0,2026-02-06,1605.0,gap_attack_filled,1,-0.036036,-0.041886
3027,2025-05-09,37.8,2025-05-14,39.0,gap_fill,2,0.031746,0.025896
3027,2025-05-12,40.3,2025-05-14,39.0,gap_fill,1,-0.032258,-0.038108
3028,2025-05-15,34.5,2025-05-19,34.5,sunrise_attack_end,1,0.0,-0.00585
3028,2025-10-27,34.9,2025-10-30,35.5,sunrise_attack_end,2,0.017192,0.011342
3028,2025-10-28,35.7,2025-10-30,35.5,sunrise_attack_end,1,-0.005602,-0.011452
3028,2026-01-06,42.05,2026-01-08,42.2,sunrise_attack_end,1,0.003567,-0.002283
3028,2026-01-07,42.2,2026-01-09,39.5,reversal_k.dark_double_star,1,-0.063981,-0.069831
3030,2026-02-26,219.0,2026-03-04,241.0,high_long_black,2,0.100457,0.094607
3031,2026-03-17,23.5,2026-03-19,22.1,gap_fill,1,-0.059574,-0.065424
3036,2026-05-11,270.0,2026-05-14,288.0,sunrise_attack_end,2,0.066667,0.060817
3036,2026-05-12,272.5,2026-05-14,288.0,sunrise_attack_end,1,0.056881,0.051031
3040,2025-09-09,73.2,2025-09-11,73.8,sunrise_attack_end,1,0.008197,0.002347
3044,2025-06-10,220.0,2025-06-12,219.0,sunrise_attack_end,1,-0.004545,-0.010395
3044,2026-04-21,454.0,2026-04-24,473.5,high_long_black,2,0.042952,0.037102
3054,2025-12-16,27.6,2025-12-18,28.0,sunrise_attack_end,1,0.014493,0.008643
3054,2026-02-25,37.95,2026-03-04,36.75,high_long_black,3,-0.031621,-0.037471
3054,2026-02-26,41.7,2026-03-04,36.75,high_long_black,2,-0.118705,-0.124555
3060,2025-11-12,30.0,2025-11-14,28.7,sunrise_attack_end,1,-0.043333,-0.049183
3073,2025-05-19,56.7,2025-05-21,51.2,high_long_black,1,-0.097002,-0.102852
3081,2025-11-27,542.0,2025-12-01,530.0,sunrise_attack_end,1,-0.02214,-0.02799
3090,2025-12-11,109.0,2025-12-15,102.0,high_long_black,1,-0.06422,-0.07007
3093,2025-08-12,34.3,2025-08-14,31.0,high_long_black,1,-0.09621,-0.10206
3094,2026-05-06,32.85,2026-05-11,31.15,reversal_k.bearish_engulfing,2,-0.05175,-0.0576
3094,2026-05-07,34.05,2026-05-11,31.15,reversal_k.bearish_engulfing,1,-0.085169,-0.091019
3114,2025-12-30,28.5,2026-01-02,27.5,reversal_k.bearish_engulfing,1,-0.035088,-0.040938
3122,2026-04-24,34.0,2026-04-29,32.9,gap_attack_filled,2,-0.032353,-0.038203
3128,2025-06-06,39.5,2025-06-10,38.55,gap_attack_filled,1,-0.024051,-0.029901
3130,2025-05-06,231.0,2025-05-09,232.5,sunrise_attack_end,2,0.006494,0.000644
3130,2025-05-07,232.0,2025-05-09,232.5,sunrise_attack_end,1,0.002155,-0.003695
3130,2025-05-13,235.5,2025-05-16,240.5,sunrise_attack_end,2,0.021231,0.015381
3130,2025-05-15,240.5,2025-05-20,235.5,breakout_price_break,2,-0.02079,-0.02664
3131,2026-01-07,1890.0,2026-01-09,1820.0,gap_attack_filled,1,-0.037037,-0.042887
3131,2026-03-11,1960.0,2026-03-16,2000.0,sunrise_attack_end,2,0.020408,0.014558
3135,2025-06-09,37.23,2025-06-11,35.82,breakout_price_break,1,-0.037873,-0.043723
3135,2025-08-13,38.1,2025-08-15,37.1,breakout_price_break,1,-0.026247,-0.032097
3135,2025-09-18,41.5,2025-09-22,39.0,high_long_black,1,-0.060241,-0.066091
3135,2025-10-13,49.5,2025-10-15,43.85,high_long_black,1,-0.114141,-0.119991
3135,2026-03-20,146.5,2026-03-24,152.0,breakout_low_break,1,0.037543,0.031693
3147,2025-04-23,243.5,2025-04-29,293.0,sunrise_attack_end,3,0.203285,0.197435
3163,2025-11-26,288.0,2025-12-03,319.0,gap_attack_filled,4,0.107639,0.101789
3167,2026-02-10,279.0,2026-02-23,281.5,gap_attack_filled,1,0.008961,0.003111
3169,2026-04-22,120.0,2026-04-24,108.0,reversal_k.bearish_engulfing,1,-0.1,-0.10585
3171,2025-05-14,43.8,2025-05-19,43.35,reversal_k.bearish_engulfing,2,-0.010274,-0.016124
3189,2025-10-08,129.0,2025-10-15,127.0,reversal_k.dark_double_star,3,-0.015504,-0.021354
3205,2025-09-09,61.2,2025-09-11,52.5,reversal_k.bearish_engulfing,1,-0.142157,-0.148007
3211,2025-08-11,266.0,2025-08-13,260.5,breakout_price_break,1,-0.020677,-0.026527
3217,2025-07-28,174.0,2025-07-30,172.0,breakout_price_break,1,-0.011494,-0.017344
3217,2025-11-03,203.0,2025-11-06,196.0,gap_attack_filled,2,-0.034483,-0.040333
3231,2025-08-11,127.5,2025-08-13,124.0,reversal_k.bearish_engulfing,1,-0.027451,-0.033301
3231,2025-09-30,146.0,2025-10-03,149.5,gap_attack_filled,2,0.023973,0.018123
3257,2025-05-19,62.7,2025-05-21,63.6,sunrise_attack_end,1,0.014354,0.008504
3257,2025-10-27,79.5,2025-10-29,78.2,breakout_price_break,1,-0.016352,-0.022202
3260,2025-06-06,100.5,2025-06-10,98.1,gap_attack_filled,1,-0.023881,-0.029731
3260,2025-12-29,240.0,2026-01-05,295.0,sunrise_attack_end,3,0.229167,0.223317
3260,2025-12-30,260.5,2026-01-05,295.0,sunrise_attack_end,2,0.132438,0.126588
3264,2025-12-29,111.0,2026-01-06,123.0,gap_fill,4,0.108108,0.102258
3264,2026-04-09,189.5,2026-04-15,187.0,reversal_k.bearish_engulfing,3,-0.013193,-0.019043
3265,2026-04-08,160.5,2026-04-13,163.0,gap_attack_filled,2,0.015576,0.009726
3265,2026-04-09,166.0,2026-04-13,163.0,gap_attack_filled,1,-0.018072,-0.023922
3294,2025-08-01,45.8,2025-08-06,49.15,high_long_black,2,0.073144,0.067294
3294,2025-08-04,51.5,2025-08-06,49.15,high_long_black,1,-0.045631,-0.051481
3306,2025-10-23,70.5,2025-10-28,67.1,high_long_black,1,-0.048227,-0.054077
3324,2025-08-08,700.0,2025-08-12,710.0,gap_attack_filled,1,0.014286,0.008436
3324,2026-04-24,1270.0,2026-04-28,1175.0,high_long_black,1,-0.074803,-0.080653
3332,2025-11-04,79.6,2025-11-06,75.8,reversal_k.bearish_engulfing,1,-0.047739,-0.053589
3339,2025-05-02,37.2,2025-05-06,36.2,gap_attack_filled,1,-0.026882,-0.032732
3339,2025-05-08,38.55,2025-05-12,37.1,sunrise_attack_end,1,-0.037613,-0.043463
3349,2025-11-24,25.75,2025-11-27,25.3,sunrise_attack_end,2,-0.017476,-0.023326
3354,2026-05-08,35.65,2026-05-12,35.6,sunrise_attack_end,1,-0.001403,-0.007253
3356,2025-04-29,66.2,2025-05-02,61.7,high_long_black,1,-0.067976,-0.073826
3357,2026-05-13,232.0,2026-05-14,232.0,open,1,0.0,-0.00585
3363,2025-12-03,422.5,2025-12-05,406.0,gap_attack_filled,1,-0.039053,-0.044903
3372,2025-12-26,22.3,2025-12-31,22.65,sunrise_attack_end,2,0.015695,0.009845
3374,2026-04-20,203.5,2026-04-22,193.0,high_long_black,1,-0.051597,-0.057447
3374,2026-04-27,220.0,2026-04-29,206.0,reversal_k.bearish_engulfing,1,-0.063636,-0.069486
3388,2026-04-08,70.5,2026-04-23,122.5,sunrise_attack_end,10,0.737589,0.731739
3390,2026-04-22,27.95,2026-04-24,27.85,reversal_k.bearish_engulfing,1,-0.003578,-0.009428
3406,2026-04-14,538.0,2026-04-16,510.0,high_long_black,1,-0.052045,-0.057895
3430,2026-04-20,98.9,2026-04-24,119.5,sunrise_attack_end,3,0.208291,0.202441
3432,2026-04-28,22.5,2026-04-30,21.3,high_long_black,1,-0.053333,-0.059183
3443,2026-04-14,3150.0,2026-04-23,4035.0,sunrise_attack_end,6,0.280952,0.275102
3444,2026-04-17,85.0,2026-04-24,96.0,sunrise_attack_end,4,0.129412,0.123562
3444,2026-04-20,95.0,2026-04-24,96.0,sunrise_attack_end,3,0.010526,0.004676
3450,2026-02-26,301.0,2026-03-05,316.5,high_long_black,3,0.051495,0.045645
3450,2026-04-17,375.0,2026-04-22,381.0,sunrise_attack_end,2,0.016,0.01015
3455,2026-04-02,152.5,2026-04-13,186.5,high_long_black,4,0.222951,0.217101
3455,2026-04-07,167.5,2026-04-13,186.5,high_long_black,3,0.113433,0.107583
3481,2026-05-12,35.8,2026-05-14,35.4,reversal_k.bearish_engulfing,2,-0.011173,-0.017023
3490,2026-04-13,28.9,2026-04-17,29.2,sunrise_attack_end,3,0.010381,0.004531
3498,2026-03-03,62.0,2026-03-05,66.0,sunrise_attack_end,1,0.064516,0.058666
3504,2026-04-17,67.4,2026-04-23,73.2,sunrise_attack_end,3,0.086053,0.080203
3504,2026-04-20,70.4,2026-04-23,73.2,sunrise_attack_end,2,0.039773,0.033923
3515,2025-09-10,324.0,2025-09-15,306.0,high_long_black,2,-0.055556,-0.061406
3515,2025-09-11,328.0,2025-09-15,306.0,high_long_black,1,-0.067073,-0.072923
3518,2026-04-17,28.0,2026-04-22,30.75,high_long_black,2,0.098214,0.092364
3526,2026-04-29,330.0,2026-05-06,367.0,sunrise_attack_end,3,0.112121,0.106271
3532,2026-04-10,173.5,2026-04-15,181.5,gap_attack_filled,2,0.04611,0.04026
3532,2026-04-13,184.0,2026-04-15,181.5,gap_attack_filled,1,-0.013587,-0.019437
3535,2025-12-01,91.3,2025-12-03,88.7,sunrise_attack_end,1,-0.028478,-0.034328
3550,2026-05-05,24.25,2026-05-07,22.25,high_long_black,1,-0.082474,-0.088324
3551,2025-08-07,177.5,2025-08-11,170.5,reversal_k.bearish_engulfing,1,-0.039437,-0.045287
3551,2025-08-19,180.0,2025-08-21,170.0,high_long_black,1,-0.055556,-0.061406
3551,2025-12-09,193.0,2025-12-15,212.5,sunrise_attack_end,3,0.101036,0.095186
3556,2026-04-13,49.55,2026-04-15,49.25,gap_attack_filled,1,-0.006054,-0.011904
3556,2026-04-20,54.6,2026-04-24,54.2,reversal_k.dark_double_star,3,-0.007326,-0.013176
3570,2025-04-25,216.5,2025-05-02,229.5,gap_attack_filled,3,0.060046,0.054196
3570,2025-04-28,233.0,2025-05-02,229.5,gap_attack_filled,2,-0.015021,-0.020871
3580,2026-04-09,81.5,2026-04-13,78.6,gap_attack_filled,1,-0.035583,-0.041433
3583,2025-08-28,399.5,2025-09-01,387.0,gap_attack_filled,1,-0.031289,-0.037139
3588,2026-04-20,62.0,2026-04-27,64.1,high_long_black,4,0.033871,0.028021
3588,2026-04-21,61.0,2026-04-27,64.1,high_long_black,3,0.05082,0.04497
3588,2026-04-22,69.8,2026-04-27,64.1,high_long_black,2,-0.081662,-0.087512
3593,2025-04-14,8.93,2025-04-18,9.85,high_long_black,3,0.103024,0.097174
3593,2026-04-09,14.5,2026-04-16,19.35,sunrise_attack_end,4,0.334483,0.328633
3593,2026-04-10,14.8,2026-04-16,19.35,sunrise_attack_end,3,0.307432,0.301582
3624,2025-10-27,48.0,2025-10-29,46.4,sunrise_attack_end,1,-0.033333,-0.039183
3628,2025-08-11,47.5,2025-08-14,49.15,gap_attack_filled,2,0.034737,0.028887
3628,2025-08-12,49.35,2025-08-14,49.15,gap_attack_filled,1,-0.004053,-0.009903
3631,2026-04-20,35.45,2026-04-27,36.0,reversal_k.bearish_engulfing,4,0.015515,0.009665
3631,2026-04-21,35.45,2026-04-27,36.0,reversal_k.bearish_engulfing,3,0.015515,0.009665
3653,2025-08-18,1780.0,2025-08-21,1590.0,high_long_black,2,-0.106742,-0.112592
3653,2025-08-19,1640.0,2025-08-21,1590.0,high_long_black,1,-0.030488,-0.036338
3653,2026-02-10,3320.0,2026-02-23,3365.0,sunrise_attack_end,1,0.013554,0.007704
3673,2026-04-08,52.0,2026-04-10,52.8,reversal_k.bearish_engulfing,1,0.015385,0.009535
3680,2026-04-20,488.0,2026-04-24,476.0,high_long_black,3,-0.02459,-0.03044
3680,2026-04-21,503.0,2026-04-24,476.0,high_long_black,2,-0.053678,-0.059528
3684,2025-11-05,59.0,2025-11-07,56.2,high_long_black,1,-0.047458,-0.053308
3684,2025-12-26,69.6,2025-12-30,66.9,gap_fill,1,-0.038793,-0.044643
3689,2025-08-11,115.0,2025-08-14,115.0,reversal_k.bearish_engulfing,2,0.0,-0.00585
3689,2025-08-12,115.5,2025-08-14,115.0,reversal_k.bearish_engulfing,1,-0.004329,-0.010179
3689,2026-01-02,129.5,2026-01-07,128.0,gap_attack_filled,2,-0.011583,-0.017433
3691,2026-05-12,155.0,2026-05-14,139.0,reversal_k.dark_double_star,2,-0.103226,-0.109076
3701,2026-04-22,78.7,2026-04-24,73.4,reversal_k.bearish_engulfing,1,-0.067344,-0.073194
3702,2025-07-01,73.2,2025-07-07,70.9,reversal_k.dark_double_star,3,-0.031421,-0.037271
3702,2025-07-02,73.0,2025-07-07,70.9,reversal_k.dark_double_star,2,-0.028767,-0.034617
3702,2025-07-03,74.2,2025-07-07,70.9,reversal_k.dark_double_star,1,-0.044474,-0.050324
3706,2025-11-03,106.5,2025-11-05,91.6,high_long_black,1,-0.139906,-0.145756
3711,2026-01-02,263.5,2026-01-06,270.5,sunrise_attack_end,1,0.026565,0.020715
3711,2026-01-06,277.5,2026-01-09,273.0,sunrise_attack_end,2,-0.016216,-0.022066
3711,2026-04-13,430.0,2026-04-15,431.5,gap_attack_filled,1,0.003488,-0.002362
3715,2025-11-12,122.0,2025-11-17,124.5,gap_attack_filled,2,0.020492,0.014642
3715,2025-11-13,123.0,2025-11-17,124.5,gap_attack_filled,1,0.012195,0.006345
3715,2026-01-09,143.5,2026-01-14,139.0,reversal_k.bearish_engulfing,2,-0.031359,-0.037209
4105,2026-01-27,86.5,2026-01-29,86.1,gap_attack_filled,1,-0.004624,-0.010474
4111,2025-04-29,31.2,2025-05-02,31.0,breakout_price_break,1,-0.00641,-0.01226
4114,2025-06-09,35.6,2025-06-16,36.3,gap_attack_filled,4,0.019663,0.013813
4114,2025-06-11,36.45,2025-06-16,36.3,gap_attack_filled,2,-0.004115,-0.009965
4114,2025-06-12,36.45,2025-06-16,36.3,gap_attack_filled,1,-0.004115,-0.009965
4114,2025-08-01,38.0,2025-08-07,39.05,sunrise_attack_end,3,0.027632,0.021782
4114,2025-08-04,38.0,2025-08-07,39.05,sunrise_attack_end,2,0.027632,0.021782
4114,2025-08-05,38.85,2025-08-07,39.05,sunrise_attack_end,1,0.005148,-0.000702
4123,2026-03-02,44.8,2026-03-06,48.8,reversal_k.bearish_engulfing,3,0.089286,0.083436
4127,2026-05-11,44.65,2026-05-14,43.35,high_long_black,2,-0.029115,-0.034965
4127,2026-05-12,48.0,2026-05-14,43.35,high_long_black,1,-0.096875,-0.102725
4153,2025-04-15,43.5,2025-04-18,41.2,reversal_k.bearish_engulfing,2,-0.052874,-0.058724
4168,2025-06-04,26.8,2025-06-06,27.65,sunrise_attack_end,1,0.031716,0.025866
4169,2025-07-18,59.64,2025-07-25,70.8,sunrise_attack_end,4,0.187123,0.181273
4205,2025-07-14,98.0,2025-07-16,96.9,breakout_price_break,1,-0.011224,-0.017074
4207,2025-11-13,19.4,2025-11-19,19.5,breakout_price_break,3,0.005155,-0.000695
4207,2025-11-17,19.7,2025-11-19,19.5,breakout_price_break,1,-0.010152,-0.016002
4304,2025-12-29,35.3,2025-12-31,32.85,reversal_k.bearish_engulfing,1,-0.069405,-0.075255
4305,2025-07-15,47.0,2025-07-17,47.0,reversal_k.bearish_engulfing,1,0.0,-0.00585
4305,2025-07-21,47.0,2025-07-23,47.3,breakout_price_break,1,0.006383,0.000533
4305,2025-07-29,45.6,2025-07-31,45.55,gap_attack_filled,1,-0.001096,-0.006946
4414,2025-07-14,11.0,2025-07-16,10.35,high_long_black,1,-0.059091,-0.064941
4414,2025-09-04,14.0,2025-09-08,12.85,high_long_black,1,-0.082143,-0.087993
4414,2025-09-05,12.85,2025-09-10,12.85,reversal_k.bearish_engulfing,2,0.0,-0.00585
4417,2025-05-13,47.35,2025-05-16,48.0,sunrise_attack_end,2,0.013728,0.007878
4419,2026-03-31,55.0,2026-04-08,51.0,breakout_price_break,2,-0.072727,-0.078577
4442,2025-11-19,78.6,2025-11-21,59.5,reversal_k.bearish_engulfing,1,-0.243003,-0.248853
4540,2026-04-17,58.7,2026-04-22,58.9,sunrise_attack_end,2,0.003407,-0.002443
4554,2025-05-12,35.9,2025-05-19,42.65,gap_attack_filled,4,0.188022,0.182172
4554,2025-05-13,39.5,2025-05-19,42.65,gap_attack_filled,3,0.079747,0.073897
4556,2026-04-23,38.6,2026-04-28,38.4,reversal_k.bearish_engulfing,2,-0.005181,-0.011031
4560,2025-05-29,39.25,2025-06-06,41.3,gap_attack_filled,4,0.052229,0.046379
4577,2025-11-20,42.8,2025-11-24,43.3,breakout_price_break,1,0.011682,0.005832
4577,2026-02-24,74.6,2026-03-02,83.9,sunrise_attack_end,2,0.124665,0.118815
4585,2025-08-27,526.03,2025-09-02,751.72,high_long_black,3,0.429044,0.423194
4711,2025-05-27,16.65,2025-05-29,15.45,breakout_price_break,1,-0.072072,-0.077922
4720,2026-04-09,19.6,2026-04-13,18.5,high_long_black,1,-0.056122,-0.061972
4720,2026-04-14,20.0,2026-04-23,26.2,sunrise_attack_end,6,0.31,0.30415
4721,2025-07-22,79.9,2025-07-28,86.7,gap_attack_filled,3,0.085106,0.079256
4722,2025-08-11,81.6,2025-08-14,84.5,high_long_black,2,0.035539,0.029689
4722,2025-08-12,89.2,2025-08-14,84.5,high_long_black,1,-0.052691,-0.058541
4722,2026-05-08,242.5,2026-05-12,235.0,gap_fill,1,-0.030928,-0.036778
4739,2026-03-18,81.3,2026-03-23,80.3,high_long_black,2,-0.0123,-0.01815
4739,2026-03-19,87.2,2026-03-23,80.3,high_long_black,1,-0.079128,-0.084978
4749,2026-04-22,1065.0,2026-04-24,1020.0,reversal_k.bearish_engulfing,1,-0.042254,-0.048104
4749,2026-05-08,1145.0,2026-05-14,1160.0,sunrise_attack_end,3,0.0131,0.00725
4760,2026-04-08,236.0,2026-04-15,269.5,sunrise_attack_end,4,0.141949,0.136099
4764,2025-10-17,54.1,2025-10-30,75.5,reversal_k.bearish_engulfing,7,0.395564,0.389714
4764,2025-12-10,90.0,2025-12-17,98.7,high_long_black,4,0.096667,0.090817
4764,2026-03-11,154.5,2026-03-17,160.0,reversal_k.bearish_engulfing,3,0.035599,0.029749
4764,2026-03-12,160.5,2026-03-17,160.0,reversal_k.bearish_engulfing,2,-0.003115,-0.008965
4768,2025-12-15,271.5,2025-12-22,299.5,sunrise_attack_end,4,0.103131,0.097281
4768,2025-12-16,286.0,2025-12-22,299.5,sunrise_attack_end,3,0.047203,0.041353
4904,2026-04-17,96.8,2026-04-22,96.2,reversal_k.bearish_engulfing,2,-0.006198,-0.012048
4904,2026-04-20,98.5,2026-04-22,96.2,reversal_k.bearish_engulfing,1,-0.02335,-0.0292
4931,2025-06-26,107.0,2025-07-01,97.7,high_long_black,2,-0.086916,-0.092766
4952,2026-04-22,56.0,2026-04-24,53.0,high_long_black,1,-0.053571,-0.059421
4960,2025-08-14,14.6,2025-08-20,15.15,gap_attack_filled,3,0.037671,0.031821
4967,2025-12-24,164.0,2025-12-29,160.0,sunrise_attack_end,1,-0.02439,-0.03024
4967,2025-12-29,166.0,2026-01-06,190.0,high_long_black,4,0.144578,0.138728
4971,2025-11-28,204.0,2025-12-03,197.0,reversal_k.dark_double_star,2,-0.034314,-0.040164
4973,2026-01-07,44.9,2026-01-12,49.5,high_long_black,2,0.10245,0.0966
4973,2026-01-08,51.3,2026-01-12,49.5,high_long_black,1,-0.035088,-0.040938
4973,2026-03-13,71.9,2026-03-23,79.6,reversal_k.bearish_engulfing,5,0.107093,0.101243
4977,2026-02-25,160.5,2026-03-04,167.5,gap_fill,3,0.043614,0.037764
4989,2025-10-09,37.35,2025-10-15,37.0,high_long_black,2,-0.009371,-0.015221
4989,2025-10-13,41.05,2025-10-15,37.0,high_long_black,1,-0.09866,-0.10451
4991,2025-12-19,200.5,2025-12-29,230.0,sunrise_attack_end,4,0.147132,0.141282
5007,2026-01-28,58.6,2026-02-03,58.4,breakout_price_break,3,-0.003413,-0.009263
5007,2026-01-29,60.0,2026-02-03,58.4,breakout_price_break,2,-0.026667,-0.032517
5209,2025-11-03,185.0,2025-11-05,187.5,sunrise_attack_end,1,0.013514,0.007664
5234,2025-06-04,230.5,2025-06-06,234.5,sunrise_attack_end,1,0.017354,0.011504
5234,2025-08-15,313.5,2025-08-21,333.0,sunrise_attack_end,3,0.062201,0.056351
5234,2025-08-18,328.5,2025-08-21,333.0,sunrise_attack_end,2,0.013699,0.007849
5243,2025-10-29,92.0,2025-10-31,84.2,high_long_black,1,-0.084783,-0.090633
5251,2025-06-17,60.0,2025-06-20,55.0,high_long_black,2,-0.083333,-0.089183
5251,2025-06-18,57.9,2025-06-20,55.0,high_long_black,1,-0.050086,-0.055936
5272,2026-04-20,28.0,2026-04-23,26.7,breakout_low_break,2,-0.046429,-0.052279
5272,2026-04-21,26.15,2026-04-23,26.7,breakout_low_break,1,0.021033,0.015183
5274,2025-08-14,5245.0,2025-08-18,5135.0,sunrise_attack_end,1,-0.020972,-0.026822
5274,2025-09-19,5355.0,2025-09-23,5250.0,breakout_price_break,1,-0.019608,-0.025458
5274,2025-10-02,5500.0,2025-10-07,5600.0,breakout_price_break,1,0.018182,0.012332
5284,2025-08-22,245.5,2025-09-01,283.0,reversal_k.bearish_engulfing,5,0.152749,0.146899
5284,2025-12-05,327.0,2025-12-09,302.5,reversal_k.bearish_engulfing,1,-0.074924,-0.080774
5285,2026-05-08,64.6,2026-05-14,74.5,sunrise_attack_end,3,0.153251,0.147401
5289,2025-12-31,582.0,2026-01-06,595.0,high_long_black,2,0.022337,0.016487
5289,2026-01-02,620.0,2026-01-06,595.0,high_long_black,1,-0.040323,-0.046173
5289,2026-05-06,1590.0,2026-05-11,1745.0,sunrise_attack_end,2,0.097484,0.091634
5292,2026-03-26,242.0,2026-04-01,252.0,sunrise_attack_end,3,0.041322,0.035472
5312,2025-05-21,162.5,2025-05-27,167.5,sunrise_attack_end,3,0.030769,0.024919
5340,2025-07-31,51.3,2025-08-05,48.8,reversal_k.gap_reversal,2,-0.048733,-0.054583
5340,2025-11-14,71.5,2025-11-18,64.9,high_long_black,1,-0.092308,-0.098158
5340,2026-01-15,84.2,2026-01-23,100.5,gap_attack_filled,5,0.193587,0.187737
5340,2026-04-17,132.0,2026-04-21,120.0,high_long_black,1,-0.090909,-0.096759
5347,2026-05-07,178.5,2026-05-11,169.0,high_long_black,1,-0.053221,-0.059071
5351,2025-11-11,46.1,2025-11-14,43.6,gap_attack_filled,2,-0.05423,-0.06008
5351,2026-03-17,83.3,2026-03-23,73.6,reversal_k.bearish_engulfing,3,-0.116447,-0.122297
5381,2025-07-30,25.5,2025-08-04,26.0,sunrise_attack_end,2,0.019608,0.013758
5386,2025-12-30,88.6,2026-01-05,94.9,gap_attack_filled,2,0.071106,0.065256
5386,2025-12-31,94.9,2026-01-05,94.9,gap_attack_filled,1,0.0,-0.00585
5386,2026-05-06,522.0,2026-05-11,423.0,gap_attack_filled,2,-0.189655,-0.195505
5434,2025-09-24,319.0,2025-09-30,315.0,reversal_k.bearish_engulfing,2,-0.012539,-0.018389
5434,2026-04-07,368.5,2026-04-09,360.5,gap_fill,1,-0.02171,-0.02756
5439,2025-06-06,208.5,2025-06-12,222.0,sunrise_attack_end,3,0.064748,0.058898
5439,2025-11-03,361.5,2025-11-05,325.5,reversal_k.bearish_engulfing,1,-0.099585,-0.105435
5439,2025-12-01,374.5,2025-12-03,362.0,reversal_k.bearish_engulfing,1,-0.033378,-0.039228
5452,2026-03-20,38.0,2026-03-24,36.3,high_long_black,1,-0.044737,-0.050587
5460,2025-08-20,17.3,2025-08-25,17.3,reversal_k.bearish_engulfing,2,0.0,-0.00585
5464,2025-05-16,28.0,2025-05-21,28.6,sunrise_attack_end,2,0.021429,0.015579
5469,2025-05-22,59.3,2025-05-26,60.5,sunrise_attack_end,1,0.020236,0.014386
5471,2026-05-11,50.6,2026-05-14,50.7,sunrise_attack_end,2,0.001976,-0.003874
5471,2026-05-12,52.3,2026-05-14,50.7,sunrise_attack_end,1,-0.030593,-0.036443
5475,2025-12-08,78.0,2025-12-12,80.5,sunrise_attack_end,3,0.032051,0.026201
5490,2025-05-02,31.9,2025-05-06,29.05,high_long_black,1,-0.089342,-0.095192
5490,2025-05-05,29.05,2025-05-07,27.7,high_long_black,1,-0.046472,-0.052322
5498,2026-04-21,86.7,2026-04-23,80.8,high_long_black,1,-0.068051,-0.073901
5607,2026-02-26,54.2,2026-03-03,55.7,sunrise_attack_end,1,0.027675,0.021825
5864,2026-01-08,17.65,2026-01-13,17.95,sunrise_attack_end,2,0.016997,0.011147
5864,2026-04-30,29.3,2026-05-13,33.3,reversal_k.bearish_engulfing,7,0.136519,0.130669
5864,2026-05-04,29.95,2026-05-13,33.3,reversal_k.bearish_engulfing,6,0.111853,0.106003
5876,2025-04-10,46.9,2025-04-15,47.0,sunrise_attack_end,2,0.002132,-0.003718
5880,2025-07-08,25.2,2025-07-16,25.4,reversal_k.bearish_engulfing,5,0.007937,0.002087
5880,2025-07-11,25.7,2025-07-16,25.4,reversal_k.bearish_engulfing,2,-0.011673,-0.017523
5880,2025-07-14,25.75,2025-07-16,25.4,reversal_k.bearish_engulfing,1,-0.013592,-0.019442
5902,2025-05-07,47.5,2025-05-13,48.55,sunrise_attack_end,3,0.022105,0.016255
5902,2025-05-08,48.5,2025-05-13,48.55,sunrise_attack_end,2,0.001031,-0.004819
5904,2026-04-21,543.0,2026-04-24,536.0,sunrise_attack_end,2,-0.012891,-0.018741
6005,2026-05-11,32.4,2026-05-13,31.7,breakout_price_break,1,-0.021605,-0.027455
6015,2026-05-07,16.7,2026-05-11,16.6,gap_attack_filled,1,-0.005988,-0.011838
6016,2026-04-24,19.2,2026-04-29,19.35,sunrise_attack_end,2,0.007813,0.001963
6021,2026-01-16,29.2,2026-01-21,28.95,reversal_k.gap_reversal,2,-0.008562,-0.014412
6023,2025-12-31,97.4,2026-01-05,95.6,breakout_price_break,1,-0.01848,-0.02433
6023,2026-04-07,100.5,2026-04-09,99.7,gap_attack_filled,1,-0.00796,-0.01381
6024,2026-03-10,54.9,2026-03-16,56.3,sunrise_attack_end,3,0.025501,0.019651
6024,2026-03-11,55.0,2026-03-16,56.3,sunrise_attack_end,2,0.023636,0.017786
6024,2026-03-12,55.1,2026-03-16,56.3,sunrise_attack_end,1,0.021779,0.015929
6024,2026-05-07,58.4,2026-05-11,58.2,gap_attack_filled,1,-0.003425,-0.009275
6026,2026-05-07,16.9,2026-05-12,16.8,sunrise_attack_end,2,-0.005917,-0.011767
6101,2025-06-13,40.9,2025-06-17,39.6,gap_attack_filled,1,-0.031785,-0.037635
6101,2025-08-08,41.3,2025-08-12,38.8,breakout_price_break,1,-0.060533,-0.066383
6114,2025-05-09,44.9,2025-05-14,48.3,high_long_black,2,0.075724,0.069874
6116,2026-01-06,10.6,2026-01-12,10.1,reversal_k.bearish_engulfing,3,-0.04717,-0.05302
6120,2026-04-14,15.3,2026-04-17,15.1,gap_attack_filled,2,-0.013072,-0.018922
6121,2025-08-05,413.0,2025-08-08,406.5,breakout_price_break,2,-0.015738,-0.021588
6126,2025-10-08,29.5,2025-10-14,31.3,sunrise_attack_end,2,0.061017,0.055167
6126,2025-10-09,29.95,2025-10-14,31.3,sunrise_attack_end,1,0.045075,0.039225
6126,2026-01-07,37.0,2026-01-09,34.85,gap_attack_filled,1,-0.058108,-0.063958
6127,2026-03-19,46.85,2026-03-24,43.5,high_long_black,2,-0.071505,-0.077355
6127,2026-03-20,47.55,2026-03-24,43.5,high_long_black,1,-0.085174,-0.091024
6138,2026-01-27,270.0,2026-01-29,270.0,gap_attack_filled,1,0.0,-0.00585
6138,2026-05-11,291.0,2026-05-14,291.0,open,3,0.0,-0.00585
6139,2025-09-01,385.0,2025-09-03,367.0,high_long_black,1,-0.046753,-0.052603
6139,2026-03-25,659.0,2026-03-27,569.0,high_long_black,1,-0.136571,-0.142421
6139,2026-04-17,754.0,2026-04-22,725.0,high_long_black,2,-0.038462,-0.044312
6153,2026-01-26,20.1,2026-01-28,16.85,reversal_k.bearish_engulfing,1,-0.161692,-0.167542
6153,2026-04-21,21.6,2026-04-23,19.95,high_long_black,1,-0.076389,-0.082239
6163,2025-10-01,25.2,2025-10-03,24.8,reversal_k.bearish_engulfing,1,-0.015873,-0.021723
6165,2025-04-17,53.7,2025-04-21,52.9,gap_fill,1,-0.014898,-0.020748
6167,2025-06-09,15.7,2025-06-11,14.5,high_long_black,1,-0.076433,-0.082283
6168,2026-03-25,26.85,2026-03-27,24.9,reversal_k.bearish_engulfing,1,-0.072626,-0.078476
6169,2025-04-24,21.45,2025-04-28,20.15,reversal_k.bearish_engulfing,1,-0.060606,-0.066456
6169,2025-05-06,23.0,2025-05-13,25.0,gap_attack_filled,4,0.086957,0.081107
6169,2025-05-07,26.6,2025-05-13,25.0,gap_attack_filled,3,-0.06015,-0.066
6173,2026-01-14,77.1,2026-01-16,74.5,gap_attack_filled,1,-0.033722,-0.039572
6173,2026-04-16,84.3,2026-04-21,89.3,gap_attack_filled,2,0.059312,0.053462
6173,2026-04-17,93.5,2026-04-21,89.3,gap_attack_filled,1,-0.04492,-0.05077
6179,2025-07-28,30.4,2025-07-31,28.4,breakout_price_break,2,-0.065789,-0.071639
6182,2026-04-21,44.05,2026-04-24,41.15,reversal_k.bearish_engulfing,2,-0.065834,-0.071684
6182,2026-04-22,46.2,2026-04-24,41.15,reversal_k.bearish_engulfing,1,-0.109307,-0.115157
6190,2026-04-08,62.9,2026-04-14,64.7,sunrise_attack_end,3,0.028617,0.022767
6190,2026-04-09,64.8,2026-04-14,64.7,sunrise_attack_end,2,-0.001543,-0.007393
6191,2025-07-22,107.0,2025-07-28,112.0,sunrise_attack_end,3,0.046729,0.040879
6196,2025-05-21,175.0,2025-05-23,174.5,breakout_price_break,1,-0.002857,-0.008707
6196,2026-04-15,349.5,2026-04-17,335.0,sunrise_attack_end,1,-0.041488,-0.047338
6197,2025-07-09,152.5,2025-07-11,147.5,gap_attack_filled,1,-0.032787,-0.038637
6197,2025-08-11,167.5,2025-08-14,176.5,gap_fill,2,0.053731,0.047881
6205,2026-04-15,69.0,2026-04-17,69.5,gap_attack_filled,1,0.007246,0.001396
6205,2026-04-17,82.5,2026-04-23,87.4,gap_attack_filled,3,0.059394,0.053544
6213,2025-07-25,99.5,2025-07-30,103.5,sunrise_attack_end,2,0.040201,0.034351
6213,2025-07-28,104.0,2025-07-30,103.5,sunrise_attack_end,1,-0.004808,-0.010658
6218,2026-04-07,29.5,2026-04-15,36.75,sunrise_attack_end,5,0.245763,0.239913
6218,2026-04-08,32.9,2026-04-15,36.75,sunrise_attack_end,4,0.117021,0.111171
6220,2026-02-02,29.4,2026-02-04,29.1,sunrise_attack_end,1,-0.010204,-0.016054
6225,2026-05-13,31.9,2026-05-14,31.9,open,1,0.0,-0.00585
6226,2026-03-16,12.15,2026-03-20,14.9,sunrise_attack_end,3,0.226337,0.220487
6226,2026-03-17,13.35,2026-03-20,14.9,sunrise_attack_end,2,0.116105,0.110255
6239,2025-09-15,149.5,2025-09-17,150.0,sunrise_attack_end,1,0.003344,-0.002506
6239,2026-01-05,199.0,2026-01-08,206.0,gap_attack_filled,2,0.035176,0.029326
6244,2026-02-04,27.9,2026-02-09,27.35,high_long_black,2,-0.019713,-0.025563
6259,2026-04-13,21.75,2026-04-15,20.5,reversal_k.bearish_engulfing,1,-0.057471,-0.063321
6261,2026-04-07,81.0,2026-04-10,81.6,sunrise_attack_end,2,0.007407,0.001557
6265,2025-11-11,17.0,2025-11-18,19.5,reversal_k.bearish_engulfing,4,0.147059,0.141209
6271,2025-12-23,138.0,2025-12-26,134.0,gap_attack_filled,1,-0.028986,-0.034836
6274,2025-06-03,191.5,2025-06-05,187.5,gap_attack_filled,1,-0.020888,-0.026738
6274,2025-10-31,388.0,2025-11-04,393.0,sunrise_attack_end,1,0.012887,0.007037
6276,2025-04-29,46.8,2025-05-02,44.45,high_long_black,1,-0.050214,-0.056064
6282,2026-01-13,53.5,2026-01-19,56.6,reversal_k.bearish_engulfing,3,0.057944,0.052094
6282,2026-01-14,55.0,2026-01-19,56.6,reversal_k.bearish_engulfing,2,0.029091,0.023241
6284,2026-01-14,97.4,2026-01-19,91.8,gap_attack_filled,2,-0.057495,-0.063345
6284,2026-01-15,94.0,2026-01-19,91.8,gap_attack_filled,1,-0.023404,-0.029254
6285,2026-04-08,223.0,2026-04-13,227.0,gap_attack_filled,2,0.017937,0.012087
6285,2026-04-09,229.5,2026-04-13,227.0,gap_attack_filled,1,-0.010893,-0.016743
6290,2025-05-12,95.8,2025-05-14,94.5,gap_attack_filled,1,-0.01357,-0.01942
6290,2025-08-14,114.0,2025-08-18,112.5,breakout_price_break,1,-0.013158,-0.019008
6292,2026-05-11,57.7,2026-05-14,55.0,high_long_black,2,-0.046794,-0.052644
6418,2025-08-04,24.1,2025-08-07,23.65,sunrise_attack_end,2,-0.018672,-0.024522
6426,2026-01-29,114.0,2026-02-04,131.0,sunrise_attack_end,3,0.149123,0.143273
6426,2026-01-30,123.0,2026-02-04,131.0,sunrise_attack_end,2,0.065041,0.059191
6432,2025-10-07,32.6,2025-10-13,29.45,gap_attack_filled,2,-0.096626,-0.102476
6432,2025-10-08,32.5,2025-10-13,29.45,gap_attack_filled,1,-0.093846,-0.099696
6442,2025-11-13,1010.0,2025-11-17,1020.0,breakout_price_break,1,0.009901,0.004051
6442,2025-11-17,1080.0,2025-11-19,1035.0,high_long_black,1,-0.041667,-0.047517
6465,2026-03-19,48.5,2026-03-24,43.7,high_long_black,2,-0.098969,-0.104819
6465,2026-03-20,45.0,2026-03-24,43.7,high_long_black,1,-0.028889,-0.034739
6485,2026-01-07,102.0,2026-01-12,101.5,reversal_k.bearish_engulfing,2,-0.004902,-0.010752
6486,2026-04-24,88.7,2026-04-28,86.2,breakout_price_break,1,-0.028185,-0.034035
6488,2026-04-21,599.0,2026-04-24,586.0,reversal_k.bearish_engulfing,2,-0.021703,-0.027553
6492,2026-01-23,61.1,2026-01-28,62.5,sunrise_attack_end,2,0.022913,0.017063
6494,2026-04-13,52.4,2026-04-16,53.7,sunrise_attack_end,2,0.024809,0.018959
6505,2025-05-12,41.05,2025-05-14,39.5,reversal_k.bearish_engulfing,1,-0.037759,-0.043609
6505,2025-07-30,44.1,2025-08-04,41.0,gap_attack_filled,2,-0.070295,-0.076145
6505,2025-07-31,43.05,2025-08-04,41.0,gap_attack_filled,1,-0.047619,-0.053469
6505,2025-10-23,46.35,2025-10-28,45.9,sunrise_attack_end,1,-0.009709,-0.015559
6509,2026-02-11,40.0,2026-02-25,40.1,sunrise_attack_end,2,0.0025,-0.00335
6509,2026-02-23,39.15,2026-02-25,40.1,sunrise_attack_end,1,0.024266,0.018416
6510,2025-08-07,971.0,2025-08-11,972.0,gap_attack_filled,1,0.00103,-0.00482
6510,2025-12-12,2150.0,2025-12-18,2260.0,sunrise_attack_end,3,0.051163,0.045313
6516,2025-05-12,86.9,2025-05-20,93.3,sunrise_attack_end,5,0.073648,0.067798
6516,2025-05-13,90.0,2025-05-20,93.3,sunrise_attack_end,4,0.036667,0.030817
6526,2026-04-22,618.0,2026-04-24,579.0,reversal_k.bearish_engulfing,1,-0.063107,-0.068957
6531,2025-08-01,349.0,2025-08-05,348.5,sunrise_attack_end,1,-0.001433,-0.007283
6531,2025-10-03,385.0,2025-10-13,359.5,reversal_k.bearish_engulfing,3,-0.066234,-0.072084
6531,2025-10-07,396.5,2025-10-13,359.5,reversal_k.bearish_engulfing,2,-0.093317,-0.099167
6531,2025-12-30,447.5,2026-01-07,485.5,sunrise_attack_end,4,0.084916,0.079066
6531,2026-01-02,469.5,2026-01-07,485.5,sunrise_attack_end,2,0.034079,0.028229
6531,2026-03-13,537.0,2026-03-17,534.0,gap_attack_filled,1,-0.005587,-0.011437
6531,2026-03-17,615.0,2026-03-19,555.0,high_long_black,1,-0.097561,-0.103411
6534,2025-07-25,98.0,2025-07-30,98.2,sunrise_attack_end,2,0.002041,-0.003809
6548,2025-04-28,36.7,2025-04-30,36.5,breakout_price_break,1,-0.00545,-0.0113
6548,2026-01-20,54.6,2026-01-23,61.5,sunrise_attack_end,2,0.126374,0.120524
6560,2025-04-18,34.5,2025-04-22,33.25,gap_attack_filled,1,-0.036232,-0.042082
6560,2025-04-25,38.45,2025-04-29,36.0,high_long_black,1,-0.063719,-0.069569
6584,2025-06-10,174.0,2025-06-12,172.5,sunrise_attack_end,1,-0.008621,-0.014471
6584,2025-10-21,277.5,2025-10-27,274.0,reversal_k.gap_reversal,2,-0.012613,-0.018463
6584,2026-02-10,420.0,2026-02-24,435.0,sunrise_attack_end,2,0.035714,0.029864
6584,2026-02-11,445.0,2026-02-24,435.0,sunrise_attack_end,1,-0.022472,-0.028322
6591,2025-05-14,66.1,2025-05-20,73.5,gap_attack_filled,3,0.111952,0.106102
6591,2025-05-15,71.7,2025-05-20,73.5,gap_attack_filled,2,0.025105,0.019255
6596,2025-05-08,118.0,2025-05-14,119.5,sunrise_attack_end,3,0.012712,0.006862
6596,2025-09-01,178.0,2025-09-03,161.0,high_long_black,1,-0.095506,-0.101356
6640,2026-03-11,959.0,2026-03-13,950.0,sunrise_attack_end,1,-0.009385,-0.015235
6642,2026-05-05,63.2,2026-05-07,60.9,gap_attack_filled,1,-0.036392,-0.042242
6645,2025-10-23,25.8,2025-10-28,22.45,high_long_black,1,-0.129845,-0.135695
6651,2026-04-27,106.0,2026-05-04,108.5,high_long_black,3,0.023585,0.017735
6651,2026-04-28,113.0,2026-05-04,108.5,high_long_black,2,-0.039823,-0.045673
6654,2025-11-03,98.1,2025-11-05,91.0,high_long_black,1,-0.072375,-0.078225
6655,2026-04-20,140.0,2026-04-23,139.5,sunrise_attack_end,2,-0.003571,-0.009421
6655,2026-04-21,138.5,2026-04-23,139.5,sunrise_attack_end,1,0.00722,0.00137
6664,2025-08-29,265.0,2025-09-03,290.0,sunrise_attack_end,2,0.09434,0.08849
6664,2025-12-11,318.0,2025-12-15,298.5,reversal_k.bearish_engulfing,1,-0.061321,-0.067171
6664,2026-04-02,377.5,2026-04-08,370.0,high_long_black,1,-0.019868,-0.025718
6669,2025-08-08,3075.0,2025-08-15,3375.0,sunrise_attack_end,4,0.097561,0.091711
6669,2025-10-03,3525.0,2025-10-08,3460.0,sunrise_attack_end,1,-0.01844,-0.02429
6669,2025-10-15,3880.0,2025-10-20,3845.0,gap_attack_filled,2,-0.009021,-0.014871
6683,2026-01-27,492.0,2026-01-30,538.0,gap_attack_filled,2,0.093496,0.087646
6683,2026-01-28,540.0,2026-01-30,538.0,gap_attack_filled,1,-0.003704,-0.009554
6691,2025-12-08,543.0,2025-12-16,631.0,sunrise_attack_end,5,0.162063,0.156213
6691,2026-02-26,673.0,2026-03-04,644.0,reversal_k.bearish_engulfing,2,-0.043091,-0.048941
6693,2026-03-12,99.9,2026-03-16,98.6,breakout_price_break,1,-0.013013,-0.018863
6722,2025-10-22,58.83,2025-10-28,61.17,sunrise_attack_end,2,0.039776,0.033926
6725,2025-06-09,203.06,2025-06-11,204.56,sunrise_attack_end,1,0.007387,0.001537
6725,2025-08-12,250.79,2025-08-15,236.19,high_long_black,2,-0.058216,-0.064066
6728,2025-04-28,160.0,2025-04-30,157.0,gap_attack_filled,1,-0.01875,-0.0246
6728,2025-06-27,187.5,2025-07-02,190.0,gap_attack_filled,2,0.013333,0.007483
6728,2025-06-30,192.0,2025-07-02,190.0,gap_attack_filled,1,-0.010417,-0.016267
6730,2025-07-17,43.99,2025-07-23,44.99,prev_day_low_break,3,0.022732,0.016882
6730,2025-09-09,45.72,2025-09-11,46.04,breakout_price_break,1,0.006999,0.001149
6730,2025-09-11,46.7,2025-09-17,49.56,sunrise_attack_end,3,0.061242,0.055392
6730,2025-09-12,48.01,2025-09-17,49.56,sunrise_attack_end,2,0.032285,0.026435
6733,2025-08-15,40.2,2025-08-20,42.2,high_long_black,2,0.049751,0.043901
6752,2025-04-28,184.5,2025-05-02,186.5,reversal_k.bearish_engulfing,2,0.01084,0.00499
6776,2026-03-18,72.2,2026-03-23,64.6,reversal_k.bearish_engulfing,2,-0.105263,-0.111113
6782,2025-08-11,202.5,2025-08-19,205.5,gap_attack_filled,5,0.014815,0.008965
6782,2025-08-13,207.5,2025-08-19,205.5,gap_attack_filled,3,-0.009639,-0.015489
6782,2025-08-14,209.0,2025-08-19,205.5,gap_attack_filled,2,-0.016746,-0.022596
6782,2025-08-15,209.0,2025-08-19,205.5,gap_attack_filled,1,-0.016746,-0.022596
6785,2025-12-09,303.0,2025-12-11,286.0,reversal_k.bearish_engulfing,1,-0.056106,-0.061956
6788,2025-12-16,300.5,2025-12-18,291.5,gap_fill,1,-0.02995,-0.0358
6794,2025-09-19,92.8,2025-09-24,93.0,sunrise_attack_end,2,0.002155,-0.003695
6796,2025-12-23,106.5,2025-12-26,101.0,high_long_black,1,-0.051643,-0.057493
6805,2025-10-21,1300.0,2025-10-31,1430.0,sunrise_attack_end,6,0.1,0.09415
6805,2026-02-26,1715.0,2026-03-05,1730.0,gap_attack_filled,3,0.008746,0.002896
6805,2026-03-02,1755.0,2026-03-05,1730.0,gap_attack_filled,2,-0.014245,-0.020095
6823,2025-10-30,81.0,2025-11-06,85.9,gap_attack_filled,4,0.060494,0.054644
6830,2026-02-04,213.5,2026-02-09,210.5,high_long_black,2,-0.014052,-0.019902
6831,2026-03-04,322.5,2026-03-09,267.0,high_long_black,2,-0.172093,-0.177943
6834,2025-04-28,35.25,2025-04-30,35.95,sunrise_attack_end,1,0.019858,0.014008
6843,2025-05-19,63.5,2025-05-21,59.2,high_long_black,1,-0.067717,-0.073567
6843,2025-08-08,65.3,2025-08-12,65.4,sunrise_attack_end,1,0.001531,-0.004319
6862,2025-10-20,191.5,2025-10-28,203.0,reversal_k.bearish_engulfing,4,0.060052,0.054202
6910,2025-06-27,42.0,2025-07-02,45.2,sunrise_attack_end,2,0.07619,0.07034
6910,2025-08-21,52.52,2025-08-28,53.37,prev_day_low_break,4,0.016184,0.010334
6921,2026-04-20,96.0,2026-04-23,102.0,high_long_black,2,0.0625,0.05665
6925,2025-05-29,97.5,2025-06-04,105.0,high_long_black,2,0.076923,0.071073
6944,2025-08-14,499.5,2025-08-21,525.0,sunrise_attack_end,4,0.051051,0.045201
6944,2025-08-15,502.0,2025-08-21,525.0,sunrise_attack_end,3,0.045817,0.039967
6944,2025-08-18,509.0,2025-08-21,525.0,sunrise_attack_end,2,0.031434,0.025584
6944,2025-12-10,640.0,2025-12-12,643.0,breakout_price_break,1,0.004687,-0.001163
6944,2026-03-18,819.0,2026-03-24,812.0,breakout_price_break,3,-0.008547,-0.014397
6955,2025-05-22,176.5,2025-05-28,186.0,reversal_k.gap_reversal,3,0.053824,0.047974
6955,2025-08-01,195.0,2025-08-07,205.5,sunrise_attack_end,3,0.053846,0.047996
6955,2025-08-04,205.0,2025-08-07,205.5,sunrise_attack_end,2,0.002439,-0.003411
6996,2026-04-22,181.0,2026-04-24,171.0,reversal_k.dark_double_star,1,-0.055249,-0.061099
7556,2025-05-16,205.0,2025-05-20,185.5,high_long_black,1,-0.095122,-0.100972
7631,2025-06-24,122.5,2025-06-26,120.5,gap_attack_filled,1,-0.016327,-0.022177
7642,2025-06-13,118.0,2025-06-19,112.0,sunrise_attack_end,3,-0.050847,-0.056697
7716,2025-05-02,32.85,2025-05-06,31.48,reversal_k.bearish_engulfing,1,-0.041705,-0.047555
7744,2026-05-13,591.0,2026-05-14,591.0,open,1,0.0,-0.00585
7750,2025-05-22,607.61,2025-05-27,630.29,sunrise_attack_end,2,0.037327,0.031477
7750,2025-05-29,670.42,2025-06-06,734.99,sunrise_attack_end,4,0.096313,0.090463
7750,2025-08-13,865.98,2025-08-18,873.72,sunrise_attack_end,2,0.008938,0.003088
7751,2025-06-11,384.66,2025-06-16,422.23,sunrise_attack_end,2,0.097671,0.091821
7751,2025-08-15,465.18,2025-08-21,503.94,sunrise_attack_end,3,0.083323,0.077473
7751,2025-08-18,494.43,2025-08-21,503.94,sunrise_attack_end,2,0.019234,0.013384
7751,2025-12-03,602.0,2025-12-08,614.0,sunrise_attack_end,2,0.019934,0.014084
7751,2025-12-08,637.0,2025-12-11,644.0,sunrise_attack_end,2,0.010989,0.005139
7769,2026-04-28,5105.0,2026-05-04,5140.0,reversal_k.dark_double_star,2,0.006856,0.001006
7769,2026-04-29,5270.0,2026-05-04,5140.0,reversal_k.dark_double_star,1,-0.024668,-0.030518
7777,2025-09-12,19.65,2025-09-18,26.22,reversal_k.bearish_engulfing,3,0.334351,0.328501
7777,2026-01-29,40.25,2026-02-03,36.6,reversal_k.gap_reversal,2,-0.090683,-0.096533
7780,2025-07-02,208.13,2025-07-08,229.57,sunrise_attack_end,3,0.103013,0.097163
7786,2025-08-18,277.75,2025-08-21,282.29,breakout_price_break,2,0.016346,0.010496
7786,2025-08-19,291.04,2025-08-21,282.29,breakout_price_break,1,-0.030065,-0.035915
7792,2025-06-11,188.8,2025-06-13,189.52,sunrise_attack_end,1,0.003814,-0.002036
7799,2025-05-29,518.16,2025-06-03,520.83,sunrise_attack_end,1,0.005153,-0.000697
7799,2025-06-03,539.83,2025-06-06,599.7,sunrise_attack_end,2,0.110905,0.105055
7805,2025-06-27,711.21,2025-07-01,719.46,breakout_price_break,1,0.0116,0.00575
7805,2025-08-29,749.48,2025-09-03,771.76,breakout_price_break,2,0.029727,0.023877
7805,2025-09-01,773.4,2025-09-03,771.76,breakout_price_break,1,-0.002121,-0.007971
7821,2025-08-15,50.58,2025-08-19,48.59,sunrise_attack_end,1,-0.039344,-0.045194
7822,2025-11-03,632.44,2025-11-05,623.18,high_long_black,1,-0.014642,-0.020492
7822,2025-12-26,683.2,2026-01-05,837.4,sunrise_attack_end,4,0.225703,0.219853
7828,2025-08-14,417.34,2025-08-19,422.23,sunrise_attack_end,2,0.011717,0.005867
8016,2025-09-22,228.0,2025-09-24,225.0,sunrise_attack_end,1,-0.013158,-0.019008
8021,2025-10-01,115.5,2025-10-08,118.0,reversal_k.bearish_engulfing,3,0.021645,0.015795
8027,2026-03-26,131.0,2026-04-07,158.0,sunrise_attack_end,5,0.206107,0.200257
8034,2025-12-01,27.1,2025-12-03,26.1,high_long_black,1,-0.0369,-0.04275
8034,2025-12-04,28.1,2025-12-08,25.95,high_long_black,1,-0.076512,-0.082362
8038,2025-08-04,45.9,2025-08-07,48.8,sunrise_attack_end,2,0.063181,0.057331
8038,2025-08-05,44.2,2025-08-07,48.8,sunrise_attack_end,1,0.104072,0.098222
8039,2025-11-27,73.0,2025-12-03,83.8,sunrise_attack_end,3,0.147945,0.142095
8039,2025-11-28,80.0,2025-12-03,83.8,sunrise_attack_end,2,0.0475,0.04165
8039,2026-03-02,110.0,2026-03-05,105.5,high_long_black,2,-0.040909,-0.046759
8039,2026-03-03,109.0,2026-03-05,105.5,high_long_black,1,-0.03211,-0.03796
8048,2026-03-03,69.0,2026-03-05,68.2,reversal_k.bearish_engulfing,1,-0.011594,-0.017444
8048,2026-04-21,73.5,2026-04-23,70.4,reversal_k.bearish_engulfing,1,-0.042177,-0.048027
8059,2025-06-09,41.0,2025-06-11,39.3,reversal_k.bearish_engulfing,1,-0.041463,-0.047313
8064,2026-03-16,61.6,2026-03-20,67.4,sunrise_attack_end,3,0.094156,0.088306
8064,2026-03-17,66.9,2026-03-20,67.4,sunrise_attack_end,2,0.007474,0.001624
8070,2025-05-16,47.4,2025-05-23,47.35,prev_day_low_break,4,-0.001055,-0.006905
8070,2025-05-29,48.3,2025-06-03,46.5,reversal_k.bearish_engulfing,1,-0.037267,-0.043117
8074,2025-07-11,23.7,2025-07-15,23.35,breakout_low_break,1,-0.014768,-0.020618
8074,2026-04-20,78.3,2026-04-23,82.0,sunrise_attack_end,2,0.047254,0.041404
8103,2025-08-08,55.4,2025-08-14,60.0,gap_attack_filled,3,0.083032,0.077182
8103,2025-10-16,67.0,2025-10-23,79.2,sunrise_attack_end,4,0.18209,0.17624
8103,2025-10-17,76.0,2025-10-23,79.2,sunrise_attack_end,3,0.042105,0.036255
8103,2026-04-27,122.5,2026-05-04,121.5,high_long_black,3,-0.008163,-0.014013
8112,2026-03-12,88.4,2026-03-16,89.5,sunrise_attack_end,1,0.012443,0.006593
8150,2026-01-07,53.2,2026-01-09,52.5,reversal_k.bearish_engulfing,1,-0.013158,-0.019008
8150,2026-04-22,80.5,2026-04-24,72.1,reversal_k.bearish_engulfing,1,-0.104348,-0.110198
8155,2025-10-08,175.5,2025-10-13,162.0,high_long_black,1,-0.076923,-0.082773
8155,2025-11-27,181.0,2025-12-01,178.5,breakout_price_break,1,-0.013812,-0.019662
8155,2025-12-09,183.5,2025-12-11,176.5,high_long_black,1,-0.038147,-0.043997
8155,2026-01-26,206.5,2026-02-02,217.5,sunrise_attack_end,4,0.053269,0.047419
8182,2026-04-13,33.15,2026-04-15,32.35,gap_attack_filled,1,-0.024133,-0.029983
8210,2025-05-26,320.0,2025-06-02,321.5,gap_attack_filled,3,0.004687,-0.001163
8213,2026-02-04,37.2,2026-02-06,36.05,breakout_price_break,1,-0.030914,-0.036764
8213,2026-05-11,43.8,2026-05-13,39.5,high_long_black,1,-0.098174,-0.104024
8227,2025-08-27,204.0,2025-08-29,193.0,high_long_black,1,-0.053922,-0.059772
8240,2026-03-16,53.4,2026-03-20,58.8,high_long_black,3,0.101124,0.095274
8240,2026-03-17,58.1,2026-03-20,58.8,high_long_black,2,0.012048,0.006198
8271,2025-06-09,56.9,2025-06-11,56.5,high_long_black,1,-0.00703,-0.01288
8271,2025-08-12,66.3,2025-08-14,63.7,high_long_black,1,-0.039216,-0.045066
8271,2026-01-09,136.0,2026-01-13,131.0,gap_attack_filled,1,-0.036765,-0.042615
8284,2025-05-12,73.5,2025-05-15,72.1,breakout_price_break,2,-0.019048,-0.024898
8291,2026-05-06,32.2,2026-05-14,51.7,open,6,0.60559,0.59974
8299,2025-12-31,1455.0,2026-01-05,1485.0,sunrise_attack_end,1,0.020619,0.014769
8299,2026-05-11,2780.0,2026-05-14,2875.0,gap_attack_filled,2,0.034173,0.028323
8358,2025-12-10,288.0,2025-12-12,280.0,high_long_black,1,-0.027778,-0.033628
8358,2026-04-15,340.0,2026-04-23,402.0,sunrise_attack_end,5,0.182353,0.176503
8390,2025-04-22,70.0,2025-04-24,67.4,gap_attack_filled,1,-0.037143,-0.042993
8390,2025-11-20,76.0,2025-12-01,87.2,reversal_k.bearish_engulfing,6,0.147368,0.141518
8390,2026-05-13,114.0,2026-05-14,111.0,reversal_k.bearish_engulfing,1,-0.026316,-0.032166
8422,2025-10-20,213.0,2025-10-27,243.0,high_long_black,3,0.140845,0.134995
8422,2025-10-21,232.5,2025-10-27,243.0,high_long_black,2,0.045161,0.039311
8463,2025-12-02,27.35,2025-12-05,27.6,gap_attack_filled,2,0.009141,0.003291
8463,2025-12-03,27.8,2025-12-05,27.6,gap_attack_filled,1,-0.007194,-0.013044
8473,2025-10-13,43.5,2025-10-16,42.6,sunrise_attack_end,2,-0.02069,-0.02654
8489,2025-05-27,41.8,2025-05-29,40.2,high_long_black,1,-0.038278,-0.044128
8906,2025-05-19,38.7,2025-05-21,37.25,sunrise_attack_end,1,-0.037468,-0.043318
8926,2025-05-08,43.75,2025-05-14,44.55,sunrise_attack_end,3,0.018286,0.012436
8926,2025-05-09,44.7,2025-05-14,44.55,sunrise_attack_end,2,-0.003356,-0.009206
8926,2025-05-16,45.3,2025-05-22,45.9,sunrise_attack_end,3,0.013245,0.007395
8926,2025-05-19,45.95,2025-05-22,45.9,sunrise_attack_end,2,-0.001088,-0.006938
8926,2025-09-08,48.7,2025-09-11,47.85,sunrise_attack_end,2,-0.017454,-0.023304
8926,2025-10-20,50.3,2025-10-28,48.65,reversal_k.bearish_engulfing,4,-0.032803,-0.038653
8926,2026-05-11,52.5,2026-05-13,54.8,sunrise_attack_end,1,0.04381,0.03796
8931,2025-05-09,52.0,2025-05-14,52.3,sunrise_attack_end,2,0.005769,-8.1e-05
8932,2025-06-06,110.0,2025-06-16,137.0,sunrise_attack_end,5,0.245455,0.239605
8996,2025-10-03,416.0,2025-10-08,405.0,gap_attack_filled,1,-0.026442,-0.032292
8996,2025-10-09,403.0,2025-10-14,460.5,breakout_price_break,1,0.14268,0.13683
8996,2026-01-12,712.0,2026-01-15,726.0,sunrise_attack_end,2,0.019663,0.013813
8996,2026-01-13,754.0,2026-01-15,726.0,sunrise_attack_end,1,-0.037135,-0.042985
8996,2026-04-09,1050.0,2026-04-15,1200.0,high_long_black,3,0.142857,0.137007
9907,2025-05-07,20.45,2025-05-13,20.75,gap_attack_filled,3,0.01467,0.00882
9908,2025-04-17,30.8,2025-04-25,31.35,prev_day_low_break,5,0.017857,0.012007
9918,2025-05-14,40.35,2025-05-16,39.25,sunrise_attack_end,1,-0.027261,-0.033111
9918,2025-07-18,41.1,2025-07-24,39.85,breakout_price_break,3,-0.030414,-0.036264
9928,2025-08-21,18.8,2025-08-26,17.75,sunrise_attack_end,2,-0.055851,-0.061701
9930,2025-05-02,73.0,2025-05-06,73.0,reversal_k.bearish_engulfing,1,0.0,-0.00585
9930,2025-05-07,74.6,2025-05-15,79.2,reversal_k.bearish_engulfing,5,0.061662,0.055812
9930,2025-05-08,75.2,2025-05-15,79.2,reversal_k.bearish_engulfing,4,0.053191,0.047341
9930,2025-05-09,75.8,2025-05-15,79.2,reversal_k.bearish_engulfing,3,0.044855,0.039005
9930,2025-05-12,79.5,2025-05-15,79.2,reversal_k.bearish_engulfing,2,-0.003774,-0.009624
9949,2026-03-06,28.1,2026-03-13,29.65,reversal_k.evening_star,4,0.05516,0.04931
9949,2026-03-11,30.1,2026-03-13,29.65,reversal_k.evening_star,1,-0.01495,-0.0208
9955,2025-04-22,34.0,2025-04-24,33.55,breakout_price_break,1,-0.013235,-0.019085
9958,2025-06-05,209.0,2025-06-11,219.0,sunrise_attack_end,3,0.047847,0.041997
