ticker,signal_date,signal_type,prev_date,prev_close,prev_high,prev_low,prev_volume,prev_vol_ma5,today_open,today_open_gap_pct,stop_loss
0050,2026-05-19,bearish_exit,2026-05-18,94.9,95.2,93.3,118571453.0,101378232.4,94.35,-0.0058,
0053,2026-05-19,bearish_exit,2026-05-18,218.2,218.25,213.9,48702.0,34808.2,217.5,-0.0032,
0056,2026-05-19,bearish_exit,2026-05-18,44.5,44.75,43.66,59831020.0,59316732.4,44.5,0.0,
0057,2026-05-19,bearish_exit,2026-05-18,281.95,281.95,277.2,69597.0,38723.8,281.1,-0.003,
1231,2026-05-19,bearish_exit,2026-05-18,86.0,86.6,84.6,379159.0,318144.8,85.9,-0.0012,
1259,2026-05-19,bearish_exit,2026-05-18,57.2,58.4,56.9,25216.0,21705.2,57.0,-0.0035,
1260,2026-05-19,bearish_exit,2026-05-18,24.6,24.6,22.8,69178.0,63815.0,23.86,-0.0301,
1293,2026-05-19,bearish_exit,2026-05-18,28.0,28.1,27.0,6036.0,5241.6,27.22,-0.0279,
1305,2026-05-19,bearish_exit,2026-05-18,12.9,13.25,12.75,4985849.0,3422222.0,12.75,-0.0116,
1308,2026-05-19,bearish_exit,2026-05-18,13.3,13.65,13.15,4508532.0,2972699.8,13.2,-0.0075,
1319,2026-05-19,bearish_exit,2026-05-18,80.0,80.2,77.5,2704573.0,2457066.6,79.7,-0.0037,
1326,2026-05-19,bearish_exit,2026-05-18,45.25,45.3,43.65,19494877.0,15599926.0,45.2,-0.0011,
1418,2026-05-19,bearish_exit,2026-05-18,18.15,18.25,18.05,29022.0,23180.0,18.05,-0.0055,
1439,2026-05-19,bearish_exit,2026-05-18,25.35,25.75,24.6,49037.0,25197.8,24.8,-0.0217,
1464,2026-05-19,bearish_exit,2026-05-18,10.05,10.15,10.0,712396.0,639478.6,10.05,0.0,
1473,2026-05-19,bearish_exit,2026-05-18,21.05,21.1,20.1,223248.0,126470.4,20.85,-0.0095,
1582,2026-05-19,bearish_exit,2026-05-18,106.5,109.0,97.9,16357370.0,8695595.4,106.5,0.0,
1583,2026-05-19,bearish_exit,2026-05-18,49.4,50.2,47.55,69697.0,55657.8,48.3,-0.0223,
1593,2026-05-19,bearish_exit,2026-05-18,31.85,31.85,31.25,47132.0,31643.0,31.7,-0.0047,
1599,2026-05-19,bearish_exit,2026-05-18,23.45,23.95,23.0,107929.0,64219.0,23.4,-0.0021,
1736,2026-05-19,bearish_exit,2026-05-18,124.5,125.5,116.5,1005161.0,795164.0,122.0,-0.0201,
1742,2026-05-19,bearish_exit,2026-05-18,15.45,15.45,15.05,29832.0,29524.0,15.3,-0.0097,
1786,2026-05-19,bearish_exit,2026-05-18,60.0,60.1,53.6,1418316.0,1037627.0,58.5,-0.025,
1813,2026-05-19,bearish_exit,2026-05-18,12.5,12.6,12.2,93784.0,47364.4,12.3,-0.016,
2033,2026-05-19,bearish_exit,2026-05-18,14.9,14.9,14.55,667152.0,277641.8,14.9,0.0,
2102,2026-05-19,bearish_exit,2026-05-18,18.15,18.2,17.95,582664.0,526175.4,18.05,-0.0055,
2108,2026-05-19,bearish_exit,2026-05-18,27.55,27.8,26.95,1727927.0,1639718.6,27.55,0.0,
2249,2026-05-19,bearish_exit,2026-05-18,129.5,129.5,123.5,171899.0,134490.4,127.19,-0.0178,
2321,2026-05-19,bearish_exit,2026-05-18,13.0,13.5,12.6,13111.0,9972.8,13.0,0.0,
2327,2026-05-19,bearish_exit,2026-05-18,501.0,501.0,467.5,92207451.0,68524477.2,501.0,0.0,
2383,2026-05-19,bearish_exit,2026-05-18,4545.0,4575.0,4300.0,3423889.0,2595401.4,4515.0,-0.0066,
2417,2026-05-19,bearish_exit,2026-05-18,49.8,49.95,46.05,3823852.0,2954428.4,49.0,-0.0161,
2419,2026-05-19,bearish_exit,2026-05-18,30.0,30.15,28.3,2117692.0,1719071.8,30.0,0.0,
2420,2026-05-19,bearish_exit,2026-05-18,59.5,59.7,56.4,1123579.0,787922.8,59.5,0.0,
2438,2026-05-19,bearish_exit,2026-05-18,22.2,22.25,20.65,328372.0,179783.0,22.15,-0.0023,
2440,2026-05-19,bearish_exit,2026-05-18,18.1,18.75,17.35,2322174.0,1187348.0,18.1,0.0,
2455,2026-05-19,bearish_exit,2026-05-18,387.0,387.0,340.0,2920960.0,2790744.8,374.5,-0.0323,
2461,2026-05-19,bearish_exit,2026-05-18,16.2,16.4,15.55,979232.0,646817.2,16.15,-0.0031,
2464,2026-05-19,bearish_exit,2026-05-18,139.0,139.0,119.0,57632475.0,24086092.4,138.0,-0.0072,
2478,2026-05-19,bearish_exit,2026-05-18,91.8,91.8,82.5,11855627.0,8225916.4,89.0,-0.0305,
2491,2026-05-19,bearish_exit,2026-05-18,21.35,21.75,19.45,1097798.0,1039261.2,21.0,-0.0164,
2495,2026-05-19,bearish_exit,2026-05-18,36.7,36.7,34.65,3582139.0,3503180.4,36.3,-0.0109,
2504,2026-05-19,bearish_exit,2026-05-18,34.2,34.3,33.7,2261912.0,2196870.0,34.05,-0.0044,
2524,2026-05-19,bearish_exit,2026-05-18,34.8,35.95,32.8,242237.0,166855.6,34.4,-0.0115,
2542,2026-05-19,bearish_exit,2026-05-18,44.6,44.75,43.4,19426031.0,17634199.8,44.6,0.0,
2597,2026-05-19,bearish_exit,2026-05-18,162.5,165.0,161.5,749778.0,723746.8,162.5,0.0,
2607,2026-05-19,bearish_exit,2026-05-18,47.1,47.25,46.0,1240445.0,767580.2,47.05,-0.0011,
2643,2026-05-19,bearish_exit,2026-05-18,67.5,67.5,66.0,23328.0,21146.6,67.4,-0.0015,
2705,2026-05-19,bearish_exit,2026-05-18,15.2,15.35,15.1,707776.0,411923.6,15.2,0.0,
2739,2026-05-19,bearish_exit,2026-05-18,35.25,35.45,34.5,283331.0,168767.8,35.25,0.0,
2755,2026-05-19,bearish_exit,2026-05-18,132.0,132.5,129.0,62762.0,46497.6,132.0,0.0,
2758,2026-05-19,bearish_exit,2026-05-18,67.6,67.6,65.2,36978.0,32574.2,66.59,-0.0149,
2761,2026-05-19,bearish_exit,2026-05-18,15.15,15.2,15.0,25965.0,25694.2,15.08,-0.0046,
2851,2026-05-19,bearish_exit,2026-05-18,34.55,34.8,33.85,6938240.0,5276552.0,34.45,-0.0029,
2852,2026-05-19,bearish_exit,2026-05-18,26.85,27.1,26.3,827952.0,703864.8,26.85,0.0,
2906,2026-05-19,bearish_exit,2026-05-18,13.0,13.0,12.4,302108.0,195309.2,12.85,-0.0115,
2908,2026-05-19,bearish_exit,2026-05-18,20.9,20.9,20.65,258282.0,252633.2,20.9,0.0,
2915,2026-05-19,bearish_exit,2026-05-18,44.5,44.9,44.0,3487825.0,2487595.8,44.4,-0.0022,
3004,2026-05-19,bearish_exit,2026-05-18,133.0,133.0,119.0,1731416.0,715536.4,131.0,-0.015,
3028,2026-05-19,bearish_exit,2026-05-18,81.2,83.8,78.4,9837841.0,6706546.0,81.2,0.0,
3033,2026-05-19,bearish_exit,2026-05-18,48.7,48.75,46.85,30844031.0,23022581.2,48.0,-0.0144,
3042,2026-05-19,bearish_exit,2026-05-18,147.0,149.5,138.0,16677357.0,13445496.4,147.0,0.0,
3052,2026-05-19,bearish_exit,2026-05-18,10.55,10.65,10.4,723537.0,555097.8,10.55,0.0,
3059,2026-05-19,bearish_exit,2026-05-18,43.2,43.45,41.15,12820200.0,9984010.0,42.9,-0.0069,
3117,2026-05-19,bearish_exit,2026-05-18,25.9,27.5,17.3,362780.0,303269.2,21.7,-0.1622,
3149,2026-05-19,bearish_exit,2026-05-18,59.0,60.9,55.3,52943935.0,32297428.6,58.5,-0.0085,
3168,2026-05-19,bearish_exit,2026-05-18,45.55,46.0,43.85,104584.0,49239.0,45.55,0.0,
3176,2026-05-19,bearish_exit,2026-05-18,36.95,36.95,33.05,3296198.0,1201981.0,35.95,-0.0271,
3178,2026-05-19,bearish_exit,2026-05-18,71.6,72.9,65.0,399549.0,151410.6,70.0,-0.0223,
3207,2026-05-19,bearish_exit,2026-05-18,62.3,62.3,59.0,531423.0,444001.2,62.3,0.0,
3209,2026-05-19,bearish_exit,2026-05-18,73.3,73.5,67.1,11579243.0,9239743.8,72.2,-0.015,
3306,2026-05-19,bearish_exit,2026-05-18,46.15,46.25,43.8,235657.0,212129.2,46.15,0.0,
3338,2026-05-19,bearish_exit,2026-05-18,77.8,78.2,72.0,4737578.0,2636308.4,76.3,-0.0193,
3376,2026-05-19,bearish_exit,2026-05-18,205.5,206.5,188.5,6122823.0,4566168.2,204.5,-0.0049,
3379,2026-05-19,bearish_exit,2026-05-18,41.3,41.3,38.0,2692756.0,948712.8,41.15,-0.0036,
3444,2026-05-19,bearish_exit,2026-05-18,96.6,99.5,89.5,932132.0,707341.4,96.6,0.0,
3473,2026-05-19,bearish_exit,2026-05-18,96.8,96.8,92.7,13715.0,12909.6,93.07,-0.0385,
3484,2026-05-19,bearish_exit,2026-05-18,42.8,42.8,41.35,300181.0,287529.8,42.8,0.0,
3504,2026-05-19,bearish_exit,2026-05-18,75.3,82.0,73.8,4967930.0,3941608.2,75.3,0.0,
3532,2026-05-19,bearish_exit,2026-05-18,221.5,221.5,199.5,1094116.0,906054.2,218.0,-0.0158,
3546,2026-05-19,bearish_exit,2026-05-18,79.1,80.7,77.2,2373060.0,772625.4,79.1,0.0,
3558,2026-05-19,bearish_exit,2026-05-18,119.5,127.5,118.0,2061244.0,676254.4,117.0,-0.0209,
3624,2026-05-19,bearish_exit,2026-05-18,83.8,83.8,76.3,24940957.0,18206484.2,83.4,-0.0048,
3633,2026-05-19,bearish_exit,2026-05-18,131.5,132.0,127.5,92817.0,74386.2,130.5,-0.0076,
3652,2026-05-19,bearish_exit,2026-05-18,29.6,29.6,29.05,89975.0,77919.4,29.6,0.0,
3673,2026-05-19,bearish_exit,2026-05-18,68.6,70.9,63.7,34041705.0,29265706.2,67.8,-0.0117,
3684,2026-05-19,bearish_exit,2026-05-18,61.1,63.0,58.0,154295.0,127154.8,61.1,0.0,
3685,2026-05-19,bearish_exit,2026-05-18,27.3,27.45,26.0,228537.0,219155.8,27.3,0.0,
3694,2026-05-19,bearish_exit,2026-05-18,60.3,61.1,58.8,2931396.0,1920117.8,60.3,0.0,
3712,2026-05-19,bearish_exit,2026-05-18,15.5,16.65,14.65,8161868.0,1993236.2,15.35,-0.0097,
3713,2026-05-19,bearish_exit,2026-05-18,13.2,13.2,12.5,152993.0,147708.8,13.2,0.0,
4102,2026-05-19,bearish_exit,2026-05-18,17.0,17.1,16.7,84621.0,70459.0,17.0,0.0,
4107,2026-05-19,bearish_exit,2026-05-18,119.0,119.0,118.0,117484.0,84553.6,117.5,-0.0126,
4109,2026-05-19,bearish_exit,2026-05-18,11.25,11.35,10.35,481427.0,301922.4,11.25,0.0,
4163,2026-05-19,bearish_exit,2026-05-18,124.0,125.0,117.5,741947.0,269118.8,118.0,-0.0484,
4168,2026-05-19,bearish_exit,2026-05-18,25.7,26.0,24.4,1322399.0,578681.4,25.7,0.0,
4186,2026-05-19,bearish_exit,2026-05-18,10.3,10.45,10.0,592553.0,530265.8,10.17,-0.0126,
4198,2026-05-19,bearish_exit,2026-05-18,39.3,39.3,35.05,23206.0,7660.0,37.3,-0.0509,
4207,2026-05-19,bearish_exit,2026-05-18,19.5,19.5,18.7,329098.0,313533.0,19.5,0.0,
4306,2026-05-19,bearish_exit,2026-05-18,13.6,13.65,13.15,2620966.0,1296206.6,13.6,0.0,
4431,2026-05-19,bearish_exit,2026-05-18,16.75,16.9,16.4,40326.0,36897.2,16.72,-0.0018,
4510,2026-05-19,bearish_exit,2026-05-18,49.85,50.0,46.8,7838619.0,4053933.6,48.75,-0.0221,
4526,2026-05-19,bearish_exit,2026-05-18,38.35,38.95,35.5,13510671.0,9101522.4,37.7,-0.0169,
4536,2026-05-19,bearish_exit,2026-05-18,156.0,158.0,153.5,611359.0,413974.6,156.0,0.0,
4540,2026-05-19,bearish_exit,2026-05-18,71.0,74.3,68.4,25776422.0,12099475.2,71.0,0.0,
4550,2026-05-19,bearish_exit,2026-05-18,25.2,25.4,24.5,56536.0,36847.8,25.0,-0.0079,
4561,2026-05-19,bearish_exit,2026-05-18,49.85,49.85,48.0,482847.0,480158.4,49.3,-0.011,
4564,2026-05-19,bearish_exit,2026-05-18,16.6,16.65,16.0,2228230.0,1164310.6,16.5,-0.006,
4584,2026-05-19,bearish_exit,2026-05-18,44.3,44.3,41.0,25820.0,14211.6,42.0,-0.0519,
4587,2026-05-19,bearish_exit,2026-05-18,65.8,67.8,61.9,200086.0,142048.0,65.05,-0.0114,
4706,2026-05-19,bearish_exit,2026-05-18,32.5,32.5,30.65,48984.0,23508.8,31.3,-0.0369,
4724,2026-05-19,bearish_exit,2026-05-18,12.5,12.6,12.05,171286.0,113347.2,12.48,-0.0016,
4744,2026-05-19,bearish_exit,2026-05-18,34.2,34.45,32.95,405262.0,394277.2,33.95,-0.0073,
4764,2026-05-19,bearish_exit,2026-05-18,300.0,300.0,275.0,579073.0,469761.6,300.0,0.0,
4806,2026-05-19,bearish_exit,2026-05-18,10.05,10.8,9.75,9624.0,7107.6,10.0,-0.005,
4980,2026-05-19,bearish_exit,2026-05-18,49.8,51.0,43.8,1282152.0,673962.2,47.66,-0.043,
4999,2026-05-19,bearish_exit,2026-05-18,20.0,20.0,19.5,145475.0,117366.6,19.6,-0.02,
5263,2026-05-19,bearish_exit,2026-05-18,111.5,112.0,99.8,758477.0,308687.2,110.0,-0.0135,
5289,2026-05-19,bearish_exit,2026-05-18,1865.0,1890.0,1750.0,5904258.0,5507468.2,1820.0,-0.0241,
5371,2026-05-19,bearish_exit,2026-05-18,71.8,72.2,68.0,4093519.0,3767646.0,71.8,0.0,
5460,2026-05-19,bearish_exit,2026-05-18,15.25,15.3,14.85,507181.0,158968.4,15.25,0.0,
5468,2026-05-19,bearish_exit,2026-05-18,17.5,17.5,17.15,57340.0,54468.4,17.5,0.0,
5475,2026-05-19,bearish_exit,2026-05-18,298.5,303.0,278.0,3101387.0,2965706.0,292.0,-0.0218,
5484,2026-05-19,bearish_exit,2026-05-18,41.4,43.65,38.0,2299111.0,1130564.4,40.3,-0.0266,
5489,2026-05-19,bearish_exit,2026-05-18,40.2,40.4,39.25,38221.0,38105.2,39.5,-0.0174,
5522,2026-05-19,bearish_exit,2026-05-18,72.2,72.3,70.2,1442257.0,999640.8,72.2,0.0,
5704,2026-05-19,bearish_exit,2026-05-18,21.4,21.4,21.3,24631.0,15605.4,21.35,-0.0023,
5871,2026-05-19,bearish_exit,2026-05-18,110.0,112.0,106.0,15438955.0,9799188.8,110.0,0.0,
6027,2026-05-19,bearish_exit,2026-05-18,12.55,12.65,12.0,102945.0,60127.6,12.38,-0.0135,
6035,2026-05-19,bearish_exit,2026-05-18,52.7,53.2,51.5,19852.0,8476.0,52.4,-0.0057,
6115,2026-05-19,bearish_exit,2026-05-18,46.65,46.75,46.4,241780.0,203545.8,46.55,-0.0021,
6144,2026-05-19,bearish_exit,2026-05-18,15.65,15.65,14.7,180056.0,49277.6,14.9,-0.0479,
6151,2026-05-19,bearish_exit,2026-05-18,45.1,45.1,41.0,1868236.0,1460568.4,44.6,-0.0111,
6154,2026-05-19,bearish_exit,2026-05-18,13.3,13.55,13.15,114319.0,81747.4,13.2,-0.0075,
6175,2026-05-19,bearish_exit,2026-05-18,74.7,75.4,70.2,13205139.0,11444532.2,74.3,-0.0054,
6184,2026-05-19,bearish_exit,2026-05-18,46.0,46.1,45.6,98712.0,73737.2,45.7,-0.0065,
6207,2026-05-19,bearish_exit,2026-05-18,84.9,84.9,72.0,39611777.0,13990054.6,84.8,-0.0012,
6212,2026-05-19,bearish_exit,2026-05-18,27.8,27.8,27.5,12000.0,5136.2,27.2,-0.0216,
6225,2026-05-19,bearish_exit,2026-05-18,31.65,35.05,31.55,105988.0,82382.4,29.2,-0.0774,
6234,2026-05-19,bearish_exit,2026-05-18,52.7,55.8,50.0,1500613.0,1497115.6,51.2,-0.0285,
6239,2026-05-19,bearish_exit,2026-05-18,250.0,253.5,240.0,44344455.0,30440481.4,246.5,-0.014,
6271,2026-05-19,bearish_exit,2026-05-18,185.0,185.0,174.5,5745628.0,4857169.4,185.0,0.0,
6272,2026-05-19,bearish_exit,2026-05-18,32.25,33.5,30.5,638538.0,546558.0,31.95,-0.0093,
6274,2026-05-19,bearish_exit,2026-05-18,1260.0,1265.0,1200.0,2836839.0,2005825.8,1250.0,-0.0079,
6407,2026-05-19,bearish_exit,2026-05-18,33.25,34.9,26.5,2409513.0,1790369.4,30.23,-0.0908,
6414,2026-05-19,bearish_exit,2026-05-18,321.0,321.0,310.5,2509786.0,2443473.4,321.0,0.0,
6434,2026-05-19,bearish_exit,2026-05-18,22.0,22.55,13.65,4560667.0,3885258.6,17.39,-0.2095,
6449,2026-05-19,bearish_exit,2026-05-18,271.0,280.0,254.0,10367057.0,5930559.6,259.0,-0.0443,
6462,2026-05-19,bearish_exit,2026-05-18,137.5,138.5,128.5,3024026.0,2919778.2,137.0,-0.0036,
6464,2026-05-19,bearish_exit,2026-05-18,77.8,77.8,76.2,66006.0,43231.4,77.8,0.0,
6488,2026-05-19,bearish_exit,2026-05-18,698.0,710.0,661.0,4628581.0,3892989.4,680.0,-0.0258,
6499,2026-05-19,bearish_exit,2026-05-18,88.6,90.6,82.3,1276543.0,667901.0,87.3,-0.0147,
6543,2026-05-19,bearish_exit,2026-05-18,22.35,22.5,22.25,90402.0,70668.0,22.33,-0.0009,
6580,2026-05-19,bearish_exit,2026-05-18,16.0,16.05,15.5,100573.0,75579.6,15.72,-0.0175,
6595,2026-05-19,bearish_exit,2026-05-18,32.15,32.15,30.65,13010.0,11521.0,31.07,-0.0336,
6598,2026-05-19,bearish_exit,2026-05-18,24.5,25.8,23.9,447537.0,328587.0,24.5,0.0,
6620,2026-05-19,bearish_exit,2026-05-18,72.5,73.8,69.4,452266.0,430046.0,72.4,-0.0014,
6638,2026-05-19,bearish_exit,2026-05-18,51.5,53.1,40.95,204390.0,70296.8,48.9,-0.0505,
6650,2026-05-19,bearish_exit,2026-05-18,30.0,30.0,29.3,11237.0,9200.0,29.45,-0.0183,
6668,2026-05-19,bearish_exit,2026-05-18,39.25,41.0,37.0,1557607.0,730762.0,39.25,0.0,
6679,2026-05-19,bearish_exit,2026-05-18,312.5,317.5,291.5,620995.0,472972.6,306.5,-0.0192,
6682,2026-05-19,bearish_exit,2026-05-18,59.1,62.9,49.0,5718601.0,3107525.6,58.56,-0.0091,
6683,2026-05-19,bearish_exit,2026-05-18,1800.0,1800.0,1565.0,859630.0,544053.4,1770.0,-0.0167,
6704,2026-05-19,bearish_exit,2026-05-18,21.35,21.35,20.9,133836.0,126954.2,21.12,-0.0108,
6709,2026-05-19,bearish_exit,2026-05-18,25.1,25.2,24.9,119000.0,99706.8,25.05,-0.002,
6719,2026-05-19,bearish_exit,2026-05-18,220.0,220.0,197.0,3699378.0,2076587.2,220.0,0.0,
6737,2026-05-19,bearish_exit,2026-05-18,34.05,34.1,32.85,35003.0,25116.0,33.46,-0.0173,
6738,2026-05-19,bearish_exit,2026-05-18,68.8,68.9,68.5,121000.0,92405.2,68.65,-0.0022,
6741,2026-05-19,bearish_exit,2026-05-18,61.2,61.6,59.4,652760.0,556649.8,61.2,0.0,
6742,2026-05-19,bearish_exit,2026-05-18,47.5,48.35,43.15,3620133.0,1868086.2,46.5,-0.0211,
6752,2026-05-19,bearish_exit,2026-05-18,101.0,101.0,95.3,106669.0,85771.0,100.0,-0.0099,
6804,2026-05-19,bearish_exit,2026-05-18,15.4,15.75,15.15,84513.0,69897.4,15.3,-0.0065,
6808,2026-05-19,bearish_exit,2026-05-18,30.85,31.7,30.35,219688.0,167345.8,30.82,-0.001,
6810,2026-05-19,bearish_exit,2026-05-18,30.15,31.1,28.0,815659.0,270753.2,29.33,-0.0272,
6818,2026-05-19,bearish_exit,2026-05-18,58.7,59.5,56.1,182996.0,181057.2,57.52,-0.0201,
6848,2026-05-19,bearish_exit,2026-05-18,19.2,19.4,19.1,27017.0,21311.4,19.19,-0.0005,
6882,2026-05-19,bearish_exit,2026-05-18,22.1,22.7,19.8,537973.0,420065.8,20.91,-0.0538,
6892,2026-05-19,bearish_exit,2026-05-18,27.1,27.5,25.0,296241.0,155875.8,26.68,-0.0155,
6939,2026-05-19,bearish_exit,2026-05-18,24.2,24.2,23.5,16050.0,13794.0,23.73,-0.0194,
6944,2026-05-19,bearish_exit,2026-05-18,924.0,943.0,880.0,1083872.0,981340.8,924.0,0.0,
6946,2026-05-19,bearish_exit,2026-05-18,12.25,12.25,10.3,198019.0,143427.8,10.97,-0.1045,
6976,2026-05-19,bearish_exit,2026-05-18,13.4,13.5,12.7,1105996.0,981472.4,13.1,-0.0224,
6980,2026-05-19,bearish_exit,2026-05-18,177.0,177.0,140.0,386659.0,259366.0,165.34,-0.0659,
6997,2026-05-19,bearish_exit,2026-05-18,68.3,69.6,68.0,15338.0,10983.6,67.0,-0.019,
7455,2026-05-19,bearish_exit,2026-05-18,64.9,64.9,62.7,6101.0,2596.6,62.77,-0.0328,
7507,2026-05-19,bearish_exit,2026-05-18,24.9,25.25,23.8,1287895.0,308645.6,23.88,-0.041,
7561,2026-05-19,bearish_exit,2026-05-18,19.1,19.1,18.85,23000.0,14864.6,19.05,-0.0026,
7575,2026-05-19,bearish_exit,2026-05-18,20.2,20.3,20.05,42000.0,33505.0,20.13,-0.0035,
7590,2026-05-19,bearish_exit,2026-05-18,25.1,26.0,20.0,791812.0,617154.6,22.83,-0.0904,
7714,2026-05-19,bearish_exit,2026-05-18,126.0,126.0,119.5,130175.0,90887.0,125.0,-0.0079,
7716,2026-05-19,bearish_exit,2026-05-15,24.4,24.4,24.2,41269.0,15253.8,24.4,0.0,
7748,2026-05-19,bearish_exit,2026-05-18,20.8,20.8,19.7,17006.0,13548.2,20.04,-0.0365,
7756,2026-05-19,bearish_exit,2026-05-18,44.0,44.05,42.1,16336.0,15179.2,43.55,-0.0102,
7762,2026-05-19,bearish_exit,2026-05-18,64.8,65.4,57.3,308497.0,181825.0,62.26,-0.0392,
7765,2026-05-19,bearish_exit,2026-05-18,248.0,248.0,239.0,125274.0,101932.8,248.0,0.0,
7773,2026-05-19,bearish_exit,2026-05-18,28.95,29.35,27.4,203186.0,89571.8,28.22,-0.0252,
7788,2026-05-19,bearish_exit,2026-05-18,216.5,220.5,200.5,2654659.0,2118033.8,215.0,-0.0069,
7789,2026-05-19,bearish_exit,2026-05-18,35.2,35.2,35.2,2190.0,1658.2,35.2,0.0,
7797,2026-05-19,bearish_exit,2026-05-18,58.9,58.9,56.1,7153.0,3057.0,56.65,-0.0382,
7798,2026-05-19,bearish_exit,2026-05-18,16.25,16.55,15.75,294763.0,138015.8,16.02,-0.0142,
7803,2026-05-19,bearish_exit,2026-05-18,30.0,30.6,28.05,152371.0,147567.0,29.04,-0.032,
7806,2026-05-19,bearish_exit,2026-05-18,68.5,68.5,66.9,8070.0,6748.6,66.99,-0.022,
7810,2026-05-19,bearish_exit,2026-05-18,258.5,259.5,236.5,409059.0,335814.2,258.5,0.0,
7829,2026-05-19,bearish_exit,2026-05-18,40.3,40.35,38.55,115105.0,107518.4,39.72,-0.0144,
7868,2026-05-19,bearish_exit,2026-05-18,95.9,97.2,90.0,317702.0,230042.4,94.04,-0.0194,
7870,2026-05-19,bearish_exit,2026-05-18,155.5,155.5,148.0,16315.0,14324.4,149.58,-0.0381,
7878,2026-05-19,bearish_exit,2026-05-18,292.5,295.0,282.0,279855.0,233316.2,287.32,-0.0177,
7882,2026-05-19,bearish_exit,2026-05-18,22.75,22.9,22.3,216977.0,216458.6,22.6,-0.0066,
8011,2026-05-19,bearish_exit,2026-05-18,18.2,18.45,17.4,2376497.0,2038478.6,18.2,0.0,
8027,2026-05-19,bearish_exit,2026-05-18,271.5,271.5,231.5,5850770.0,4806648.0,271.5,0.0,
8040,2026-05-19,bearish_exit,2026-05-18,92.9,92.9,82.8,3467971.0,3146005.0,92.8,-0.0011,
8043,2026-05-19,bearish_exit,2026-05-18,122.0,124.0,105.5,45426085.0,22237309.6,118.5,-0.0287,
8045,2026-05-19,bearish_exit,2026-05-18,72.5,73.4,67.3,368285.0,344096.0,71.5,-0.0138,
8064,2026-05-19,bearish_exit,2026-05-18,132.0,132.0,117.5,5284709.0,4729859.0,130.5,-0.0114,
8096,2026-05-19,bearish_exit,2026-05-18,105.0,105.0,92.2,34875175.0,17903749.6,105.0,0.0,
8097,2026-05-19,bearish_exit,2026-05-18,56.3,57.7,52.3,152717.0,108071.2,56.2,-0.0018,
8155,2026-05-19,bearish_exit,2026-05-18,411.0,416.5,380.0,2223938.0,2206725.2,404.5,-0.0158,
8182,2026-05-19,bearish_exit,2026-05-18,36.6,37.1,32.5,1590628.0,1430216.4,35.9,-0.0191,
8359,2026-05-19,bearish_exit,2026-05-18,65.9,65.9,64.0,61712.0,47153.6,64.58,-0.02,
8367,2026-05-19,bearish_exit,2026-05-18,41.75,41.75,41.1,53210.0,52070.4,41.5,-0.006,
8374,2026-05-19,bearish_exit,2026-05-18,113.0,113.0,103.5,8498681.0,4030145.4,110.0,-0.0265,
8424,2026-05-19,bearish_exit,2026-05-18,73.2,73.2,72.8,34640.0,27617.0,72.7,-0.0068,
8488,2026-05-19,bearish_exit,2026-05-18,10.85,10.85,9.8,358318.0,82463.6,10.85,0.0,
8935,2026-05-19,bearish_exit,2026-05-18,20.05,20.65,19.35,1525058.0,1118717.0,20.05,0.0,
8941,2026-05-19,bearish_exit,2026-05-18,44.5,44.85,43.75,7088.0,5026.4,44.5,0.0,
8996,2026-05-19,bearish_exit,2026-05-18,1045.0,1060.0,980.0,2982420.0,2519589.0,1025.0,-0.0191,
9136,2026-05-19,bearish_exit,2026-04-22,12.15,12.15,11.15,7094025.0,3578825.8,12.0,-0.0123,
9906,2026-05-19,bearish_exit,2026-05-18,32.15,32.15,30.8,314747.0,311301.6,32.0,-0.0047,
9941,2026-05-19,bearish_exit,2026-05-18,74.3,75.0,72.9,1756158.0,1690274.0,74.3,0.0,
9949,2026-05-19,bearish_exit,2026-05-18,24.0,24.0,22.5,55339.0,44607.2,24.0,0.0,
1101,2026-05-19,bullish_entry,2026-05-18,24.05,24.15,23.7,31808031.0,28936718.2,24.1,0.0021,23.7
1109,2026-05-19,bullish_entry,2026-05-18,14.6,14.8,14.45,492854.0,408734.0,14.65,0.0034,14.45
1201,2026-05-19,bullish_entry,2026-05-18,12.0,12.1,11.95,554290.0,458265.2,12.0,0.0,11.95
1219,2026-05-19,bullish_entry,2026-05-18,12.5,12.9,12.45,982564.0,861679.0,12.5,0.0,12.45
1234,2026-05-19,bullish_entry,2026-05-18,33.4,33.8,33.3,332155.0,323345.4,33.4,0.0,33.3
1236,2026-05-19,bullish_entry,2026-05-18,23.35,24.45,23.2,115809.0,74240.4,23.5,0.0064,23.2
1313,2026-05-19,bullish_entry,2026-05-18,10.45,10.65,10.4,3320050.0,3316167.2,10.45,0.0,10.4
1325,2026-05-19,bullish_entry,2026-05-18,27.15,28.45,27.0,940028.0,382845.6,27.8,0.0239,27.0
1419,2026-05-19,bullish_entry,2026-05-18,63.4,65.5,63.4,374846.0,318985.8,63.4,0.0,63.4
1452,2026-05-19,bullish_entry,2026-05-18,10.85,11.0,10.8,113332.0,83783.0,10.95,0.0092,10.8
1472,2026-05-19,bullish_entry,2026-05-18,88.5,89.7,88.5,17082.0,12294.0,88.5,0.0,88.5
1516,2026-05-19,bullish_entry,2026-05-18,21.1,22.3,21.0,241915.0,136365.8,21.6,0.0237,21.0
1536,2026-05-19,bullish_entry,2026-05-18,48.15,51.0,48.1,6391910.0,3357544.2,48.15,0.0,48.1
1539,2026-05-19,bullish_entry,2026-05-18,15.35,15.6,15.05,107246.0,93905.8,15.35,0.0,15.05
1541,2026-05-19,bullish_entry,2026-05-18,20.1,20.85,19.35,108929.0,82435.8,20.7,0.0299,19.35
1614,2026-05-19,bullish_entry,2026-05-18,30.55,31.0,30.5,160186.0,102329.2,30.55,0.0,30.5
1702,2026-05-19,bullish_entry,2026-05-18,32.5,32.9,32.2,832912.0,684783.6,32.5,0.0,32.2
1711,2026-05-19,bullish_entry,2026-05-18,48.9,51.4,47.15,22684822.0,22558788.4,49.1,0.0041,47.15
1727,2026-05-19,bullish_entry,2026-05-18,87.7,90.0,84.0,39662634.0,20151374.8,88.0,0.0034,84.0
1732,2026-05-19,bullish_entry,2026-05-18,26.5,28.0,26.5,645007.0,257236.6,27.1,0.0226,26.5
1773,2026-05-19,bullish_entry,2026-05-18,166.5,175.5,165.0,1676885.0,1155650.0,166.5,0.0,165.0
1781,2026-05-19,bullish_entry,2026-05-18,10.25,10.35,10.15,62328.0,56233.2,10.25,0.0,10.15
1805,2026-05-19,bullish_entry,2026-05-18,10.15,10.25,10.15,118051.0,114407.8,10.2,0.0049,10.15
2015,2026-05-19,bullish_entry,2026-05-18,61.8,62.2,61.4,405290.0,263845.8,61.8,0.0,61.4
2062,2026-05-19,bullish_entry,2026-05-18,19.0,19.1,18.5,746397.0,605385.0,19.05,0.0026,18.5
2069,2026-05-19,bullish_entry,2026-05-18,19.5,19.85,19.35,515408.0,490210.2,19.5,0.0,19.35
2101,2026-05-19,bullish_entry,2026-05-18,30.35,30.95,30.0,3482300.0,2696007.8,30.5,0.0049,30.0
2231,2026-05-19,bullish_entry,2026-05-18,103.0,107.0,103.0,813280.0,629202.8,104.0,0.0097,103.0
2235,2026-05-19,bullish_entry,2026-05-18,29.35,30.15,29.35,11420.0,5776.6,29.35,0.0,29.35
2258,2026-05-19,bullish_entry,2026-05-18,26.15,27.2,25.8,1839852.0,974454.2,26.15,0.0,25.8
2371,2026-05-19,bullish_entry,2026-05-18,28.6,29.05,28.2,20492442.0,19628555.8,28.6,0.0,28.2
2382,2026-05-19,bullish_entry,2026-05-18,300.0,305.0,296.0,36475336.0,30047520.6,300.0,0.0,296.0
2415,2026-05-19,bullish_entry,2026-05-18,26.35,26.7,26.15,202895.0,196824.6,26.5,0.0057,26.15
2596,2026-05-19,bullish_entry,2026-05-18,28.85,29.1,28.55,159075.0,116400.8,28.85,0.0,28.55
2603,2026-05-19,bullish_entry,2026-05-18,197.5,200.5,197.0,18153627.0,14017658.8,197.5,0.0,197.0
2636,2026-05-19,bullish_entry,2026-05-18,64.6,65.3,64.3,591453.0,526969.2,64.6,0.0,64.3
2646,2026-05-19,bullish_entry,2026-05-18,20.0,20.05,19.85,5322668.0,4977204.0,20.0,0.0,19.85
2701,2026-05-19,bullish_entry,2026-05-18,10.2,10.35,10.2,215743.0,190930.8,10.25,0.0049,10.2
2706,2026-05-19,bullish_entry,2026-05-18,11.95,12.2,11.9,226841.0,187935.6,11.95,0.0,11.9
2722,2026-05-19,bullish_entry,2026-05-18,22.5,23.0,22.4,92832.0,53709.2,22.55,0.0022,22.4
2723,2026-05-19,bullish_entry,2026-05-18,62.6,64.2,62.4,555243.0,491541.6,62.8,0.0032,62.4
2729,2026-05-19,bullish_entry,2026-05-18,161.0,163.0,157.0,126272.0,49334.8,162.0,0.0062,157.0
2734,2026-05-19,bullish_entry,2026-05-18,15.3,15.5,15.2,84088.0,74703.2,15.75,0.0294,15.2
2752,2026-05-19,bullish_entry,2026-05-18,180.0,182.0,179.5,34566.0,22988.6,180.0,0.0,179.5
2753,2026-05-19,bullish_entry,2026-05-18,175.5,177.0,174.0,501855.0,384589.6,175.5,0.0,174.0
2845,2026-05-19,bullish_entry,2026-05-18,11.95,12.05,11.95,15396668.0,11085928.2,11.95,0.0,11.95
2880,2026-05-19,bullish_entry,2026-05-18,31.85,32.65,31.85,21630660.0,16621646.6,32.1,0.0078,31.85
2883,2026-05-19,bullish_entry,2026-05-18,21.35,21.75,21.3,65259089.0,59664594.6,21.4,0.0023,21.3
2885,2026-05-19,bullish_entry,2026-05-18,54.3,55.0,53.9,24072430.0,23949667.6,54.5,0.0037,53.9
2886,2026-05-19,bullish_entry,2026-05-18,39.55,39.85,39.4,28226050.0,19768273.8,39.65,0.0025,39.4
2897,2026-05-19,bullish_entry,2026-05-18,9.95,10.0,9.92,5216700.0,3798067.2,9.95,0.0,9.92
2901,2026-05-19,bullish_entry,2026-05-18,22.6,22.9,22.55,36912.0,31266.6,22.95,0.0155,22.55
2905,2026-05-19,bullish_entry,2026-05-18,13.25,13.35,13.15,754265.0,566231.0,13.35,0.0075,13.15
2912,2026-05-19,bullish_entry,2026-05-18,225.5,228.0,225.0,1780910.0,1679208.4,225.5,0.0,225.0
2938,2026-05-19,bullish_entry,2026-05-18,23.1,23.5,23.1,17000.0,15687.0,23.21,0.0048,23.1
3008,2026-05-19,bullish_entry,2026-05-18,3290.0,3400.0,3125.0,4461026.0,3869340.4,3445.0,0.0471,3125.0
3015,2026-05-19,bullish_entry,2026-05-18,49.05,49.65,48.7,496004.0,377748.4,49.1,0.001,48.7
3066,2026-05-19,bullish_entry,2026-05-18,19.15,19.8,18.85,535625.0,428128.2,19.25,0.0052,18.85
3078,2026-05-19,bullish_entry,2026-05-18,52.8,53.7,52.3,1423049.0,1312083.2,52.8,0.0,52.3
3259,2026-05-19,bullish_entry,2026-05-18,16.1,16.4,16.0,54250.0,45442.4,16.3,0.0124,16.0
3294,2026-05-19,bullish_entry,2026-05-18,37.25,39.8,37.2,12463598.0,3634481.6,37.5,0.0067,37.2
3305,2026-05-19,bullish_entry,2026-05-18,137.0,140.0,127.0,27488332.0,22737942.4,140.0,0.0219,127.0
3332,2026-05-19,bullish_entry,2026-05-18,65.8,67.8,64.2,50034.0,29490.8,65.8,0.0,64.2
3373,2026-05-19,bullish_entry,2026-05-18,17.1,17.8,17.05,208087.0,105327.0,17.2,0.0058,17.05
3406,2026-05-19,bullish_entry,2026-05-18,577.0,602.0,569.0,4855727.0,4122814.4,577.0,0.0,569.0
3465,2026-05-19,bullish_entry,2026-05-18,27.0,27.85,27.0,43221.0,23122.0,28.05,0.0389,27.0
3466,2026-05-19,bullish_entry,2026-05-18,36.25,37.2,35.6,767113.0,673410.8,36.5,0.0069,35.6
3564,2026-05-19,bullish_entry,2026-05-18,40.45,41.0,39.8,158967.0,141645.6,41.05,0.0148,39.8
3567,2026-05-19,bullish_entry,2026-05-18,28.65,31.05,28.15,177510.0,134165.6,28.65,0.0,28.15
3623,2026-05-19,bullish_entry,2026-05-18,21.95,22.6,21.7,99236.0,63745.6,22.3,0.0159,21.7
3659,2026-05-19,bullish_entry,2026-05-18,24.8,26.1,24.8,34043.0,25947.4,24.89,0.0036,24.8
3665,2026-05-19,bullish_entry,2026-05-18,2025.0,2085.0,1990.0,5228017.0,5080046.6,2060.0,0.0173,1990.0
3669,2026-05-19,bullish_entry,2026-05-18,36.8,37.3,36.35,370818.0,319600.8,37.1,0.0082,36.35
3679,2026-05-19,bullish_entry,2026-05-18,116.5,118.0,116.0,74741.0,59794.2,117.5,0.0086,116.0
4148,2026-05-19,bullish_entry,2026-05-18,33.6,35.5,33.25,173075.0,136174.0,33.6,0.0,33.25
4160,2026-05-19,bullish_entry,2026-05-18,41.55,42.05,40.9,160895.0,93026.6,41.6,0.0012,40.9
4170,2026-05-19,bullish_entry,2026-05-18,13.0,13.3,12.8,76994.0,42697.0,13.08,0.0062,12.8
4190,2026-05-19,bullish_entry,2026-05-18,24.6,24.8,24.15,43468.0,38021.0,24.8,0.0081,24.15
4419,2026-05-19,bullish_entry,2026-05-18,45.15,46.5,45.1,26100.0,11169.6,45.3,0.0033,45.1
4438,2026-05-19,bullish_entry,2026-05-18,57.5,58.3,56.6,99555.0,93227.0,57.5,0.0,56.6
4439,2026-05-19,bullish_entry,2026-05-18,94.0,96.7,94.0,29148.0,25534.6,94.8,0.0085,94.0
4440,2026-05-19,bullish_entry,2026-05-18,18.3,18.6,18.3,898158.0,447287.4,18.6,0.0164,18.3
4533,2026-05-19,bullish_entry,2026-05-18,32.05,33.35,31.4,5005689.0,3142091.6,32.5,0.014,31.4
4557,2026-05-19,bullish_entry,2026-05-18,48.6,49.6,48.35,147542.0,109372.6,48.6,0.0,48.35
4570,2026-05-19,bullish_entry,2026-05-18,71.0,71.5,70.2,1013.0,805.6,71.5,0.007,70.2
4583,2026-05-19,bullish_entry,2026-05-18,765.0,777.0,752.0,230320.0,225119.4,769.0,0.0052,752.0
4585,2026-05-19,bullish_entry,2026-05-18,348.0,360.5,341.0,1480832.0,1083773.4,358.0,0.0287,341.0
4711,2026-05-19,bullish_entry,2026-05-18,16.65,17.05,16.45,171087.0,164398.2,16.9,0.015,16.45
4765,2026-05-19,bullish_entry,2026-05-18,19.05,19.7,19.05,53293.0,41127.8,19.3,0.0131,19.05
4930,2026-05-19,bullish_entry,2026-05-18,16.85,17.0,16.85,129777.0,126518.0,16.85,0.0,16.85
5272,2026-05-19,bullish_entry,2026-05-18,22.05,22.5,21.4,384728.0,310373.8,22.05,0.0,21.4
5310,2026-05-19,bullish_entry,2026-05-15,23.8,25.5,23.45,47001.0,36589.0,23.8,0.0,23.45
5706,2026-05-19,bullish_entry,2026-05-18,49.85,50.3,49.85,237458.0,220324.0,50.3,0.009,49.85
5904,2026-05-19,bullish_entry,2026-05-18,536.0,551.0,533.0,510810.0,426815.4,550.0,0.0261,533.0
6109,2026-05-19,bullish_entry,2026-05-18,10.85,11.05,10.75,1073110.0,630132.6,10.85,0.0,10.75
6111,2026-05-19,bullish_entry,2026-05-18,48.1,49.2,46.55,578839.0,565844.6,48.1,0.0,46.55
6117,2026-05-19,bullish_entry,2026-05-18,79.9,82.5,79.9,630763.0,620741.4,81.0,0.0138,79.9
6171,2026-05-19,bullish_entry,2026-05-15,23.6,24.0,23.6,22399.0,16116.0,24.55,0.0403,23.6
6180,2026-05-19,bullish_entry,2026-05-18,38.05,38.25,37.55,451530.0,391880.8,38.1,0.0013,37.55
6194,2026-05-19,bullish_entry,2026-05-18,32.15,32.2,32.1,234800.0,121806.8,32.3,0.0047,32.1
6227,2026-05-19,bullish_entry,2026-05-18,119.0,124.0,115.0,4944685.0,2572854.0,119.0,0.0,115.0
6241,2026-05-19,bullish_entry,2026-05-18,10.55,11.3,10.3,465235.0,419390.0,10.55,0.0,10.3
6451,2026-05-19,bullish_entry,2026-05-18,520.0,583.0,520.0,7779087.0,7662260.2,520.0,0.0,520.0
6504,2026-05-19,bullish_entry,2026-05-18,38.5,39.65,38.45,73953.0,44547.6,39.1,0.0156,38.45
6535,2026-05-19,bullish_entry,2026-05-18,126.5,131.5,126.0,207516.0,167504.6,127.0,0.004,126.0
6569,2026-05-19,bullish_entry,2026-05-18,99.7,107.0,99.7,270452.0,96746.2,99.9,0.002,99.7
6606,2026-05-19,bullish_entry,2026-05-18,24.8,25.2,24.7,149486.0,108630.8,24.8,0.0,24.7
6648,2026-05-19,bullish_entry,2026-05-18,16.1,16.8,16.05,185129.0,92918.6,16.2,0.0062,16.05
6657,2026-05-19,bullish_entry,2026-05-18,39.0,39.1,38.65,191034.0,188965.0,39.0,0.0,38.65
6659,2026-05-19,bullish_entry,2026-05-18,20.15,21.2,19.25,255548.0,233240.4,20.27,0.006,19.25
6674,2026-05-19,bullish_entry,2026-05-18,16.95,17.5,16.85,80361.0,49712.0,17.0,0.0029,16.85
6712,2026-05-19,bullish_entry,2026-05-18,133.0,135.5,131.5,510887.0,301980.8,133.5,0.0038,131.5
6722,2026-05-19,bullish_entry,2026-05-18,37.2,37.9,37.15,158142.0,113366.2,37.25,0.0013,37.15
6753,2026-05-19,bullish_entry,2026-05-18,126.0,129.5,126.0,1136908.0,1066652.0,127.0,0.0079,126.0
6758,2026-05-19,bullish_entry,2026-05-15,34.0,34.05,34.0,8016.0,5084.8,34.02,0.0006,34.0
6768,2026-05-19,bullish_entry,2026-05-18,84.4,86.4,83.6,728225.0,702788.0,84.4,0.0,83.6
6782,2026-05-19,bullish_entry,2026-05-18,190.5,193.5,188.0,590374.0,461039.4,193.0,0.0131,188.0
6790,2026-05-19,bullish_entry,2026-05-18,39.35,40.1,39.25,342947.0,238729.8,39.35,0.0,39.25
6865,2026-05-19,bullish_entry,2026-05-18,28.2,29.85,27.5,76402.0,69458.2,29.9,0.0603,27.5
6868,2026-05-19,bullish_entry,2026-05-18,27.5,28.25,26.55,137250.0,46498.6,27.81,0.0113,26.55
6916,2026-05-19,bullish_entry,2026-05-18,16.95,17.8,16.85,181041.0,65630.6,17.1,0.0088,16.85
6984,2026-05-19,bullish_entry,2026-05-18,16.3,16.95,16.3,20157.0,17145.2,16.89,0.0362,16.3
6990,2026-05-19,bullish_entry,2026-05-18,103.0,125.0,98.1,973483.0,794127.2,106.48,0.0338,98.1
6994,2026-05-19,bullish_entry,2026-05-18,51.0,54.0,50.9,1733143.0,1454527.8,51.9,0.0176,50.9
7402,2026-05-19,bullish_entry,2026-05-18,94.2,99.5,93.5,1142208.0,758431.6,95.8,0.017,93.5
7556,2026-05-19,bullish_entry,2026-05-18,267.0,276.0,259.0,322293.0,316115.4,267.0,0.0,259.0
7583,2026-05-19,bullish_entry,2026-05-18,58.5,61.2,56.3,27099.0,11528.0,58.86,0.0062,56.3
7607,2026-05-19,bullish_entry,2026-05-18,13.65,14.0,13.6,13000.0,12800.2,13.91,0.019,13.6
7728,2026-05-19,bullish_entry,2026-05-18,696.0,709.0,670.0,149187.0,134527.2,698.0,0.0029,670.0
7740,2026-05-19,bullish_entry,2026-05-18,159.5,162.0,157.0,232140.0,195556.2,159.5,0.0,157.0
7771,2026-05-19,bullish_entry,2026-05-18,56.1,60.0,55.6,26117.0,16315.0,57.1,0.0178,55.6
7776,2026-05-19,bullish_entry,2026-05-18,26.0,26.7,25.9,36425.0,31544.0,26.04,0.0015,25.9
7779,2026-05-19,bullish_entry,2026-05-18,13.7,14.65,13.7,16001.0,10072.2,14.25,0.0401,13.7
7794,2026-05-19,bullish_entry,2026-05-18,29.0,29.55,28.6,80637.0,51642.0,29.0,0.0,28.6
7818,2026-05-19,bullish_entry,2026-05-18,63.8,68.6,63.0,3221479.0,731423.2,64.9,0.0172,63.0
7837,2026-05-19,bullish_entry,2026-05-15,103.0,106.0,103.0,6191.0,3054.4,105.06,0.02,103.0
7841,2026-05-19,bullish_entry,2026-05-18,28.15,29.0,28.0,27000.0,22181.8,28.43,0.0099,28.0
7854,2026-05-19,bullish_entry,2026-05-18,88.4,101.5,86.0,423589.0,310188.6,89.2,0.009,86.0
7856,2026-05-19,bullish_entry,2026-05-18,3040.0,3275.0,2935.0,212736.0,154206.6,3054.45,0.0048,2935.0
7888,2026-05-19,bullish_entry,2026-05-18,38.6,38.8,38.0,67365.0,29757.6,38.63,0.0008,38.0
7896,2026-05-19,bullish_entry,2026-05-18,240.0,270.5,231.0,73032.0,49283.4,250.28,0.0428,231.0
7909,2026-05-19,bullish_entry,2026-05-18,720.0,800.0,717.0,487852.0,334147.8,735.65,0.0217,717.0
7912,2026-05-19,bullish_entry,2026-05-18,421.5,481.5,419.0,330843.0,318052.0,458.84,0.0886,419.0
8044,2026-05-19,bullish_entry,2026-05-18,24.45,25.4,24.45,1299144.0,1252186.4,24.65,0.0082,24.45
8080,2026-05-19,bullish_entry,2026-05-18,27.25,27.4,26.85,84767.0,84189.2,27.25,0.0,26.85
8201,2026-05-19,bullish_entry,2026-05-18,12.2,12.35,11.95,101615.0,96636.8,12.2,0.0,11.95
8284,2026-05-19,bullish_entry,2026-05-18,63.0,63.7,63.0,275593.0,79037.6,63.1,0.0016,63.0
8411,2026-05-19,bullish_entry,2026-05-18,12.0,12.1,11.95,156445.0,102294.2,12.0,0.0,11.95
8421,2026-05-19,bullish_entry,2026-05-18,13.6,13.65,13.4,212648.0,82816.2,13.6,0.0,13.4
8435,2026-05-19,bullish_entry,2026-05-18,55.6,55.9,55.5,16178.0,14636.2,55.6,0.0,55.5
8463,2026-05-19,bullish_entry,2026-05-18,21.5,21.85,21.4,101000.0,55659.8,21.55,0.0023,21.4
8466,2026-05-19,bullish_entry,2026-05-18,13.15,13.95,12.6,324378.0,169724.4,14.4,0.0951,12.6
8472,2026-05-19,bullish_entry,2026-05-18,70.0,71.5,70.0,18005.0,17932.6,70.0,0.0,70.0
9904,2026-05-19,bullish_entry,2026-05-18,26.35,26.65,26.05,16398819.0,15411844.4,26.35,0.0,26.05
9907,2026-05-19,bullish_entry,2026-05-18,15.9,16.1,15.8,6503182.0,6461267.4,16.05,0.0094,15.8
9910,2026-05-19,bullish_entry,2026-05-18,70.4,72.1,70.0,3253452.0,1948169.4,70.4,0.0,70.0
9917,2026-05-19,bullish_entry,2026-05-18,111.0,112.5,111.0,624021.0,533225.8,111.5,0.0045,111.0
9918,2026-05-19,bullish_entry,2026-05-18,43.0,43.4,42.95,85495.0,70480.2,43.35,0.0081,42.95
9919,2026-05-19,bullish_entry,2026-05-18,14.3,14.8,14.1,830066.0,579915.0,14.4,0.007,14.1
9930,2026-05-19,bullish_entry,2026-05-18,67.6,68.5,67.5,237805.0,158034.4,67.6,0.0,67.5
2327,2026-05-19,limit_up_flat_warning,2026-05-18,501.0,501.0,467.5,92207451.0,68524477.2,501.0,0.0,
2413,2026-05-19,limit_up_flat_warning,2026-05-18,47.5,47.5,42.1,3707875.0,1587756.8,47.65,0.0032,
3221,2026-05-19,limit_up_flat_warning,2026-05-18,44.6,44.6,39.0,7432902.0,5606327.4,44.75,0.0034,
3379,2026-05-19,limit_up_flat_warning,2026-05-18,41.3,41.3,38.0,2692756.0,948712.8,41.15,-0.0036,
3624,2026-05-19,limit_up_flat_warning,2026-05-18,83.8,83.8,76.3,24940957.0,18206484.2,83.4,-0.0048,
4571,2026-05-19,limit_up_flat_warning,2026-05-18,232.0,232.0,205.0,3606356.0,1956483.6,233.0,0.0043,
6174,2026-05-19,limit_up_flat_warning,2026-05-18,40.95,40.95,34.35,3526005.0,2424442.0,41.0,0.0012,
6207,2026-05-19,limit_up_flat_warning,2026-05-18,84.9,84.9,72.0,39611777.0,13990054.6,84.8,-0.0012,
6706,2026-05-19,limit_up_flat_warning,2026-05-18,174.0,174.0,150.0,7134166.0,6003559.6,174.5,0.0029,
6719,2026-05-19,limit_up_flat_warning,2026-05-18,220.0,220.0,197.0,3699378.0,2076587.2,220.0,0.0,
8027,2026-05-19,limit_up_flat_warning,2026-05-18,271.5,271.5,231.5,5850770.0,4806648.0,271.5,0.0,
8040,2026-05-19,limit_up_flat_warning,2026-05-18,92.9,92.9,82.8,3467971.0,3146005.0,92.8,-0.0011,
8358,2026-05-19,limit_up_flat_warning,2026-05-18,428.0,428.0,368.0,3174167.0,17002696.4,430.0,0.0047,
8488,2026-05-19,limit_up_flat_warning,2026-05-18,10.85,10.85,9.8,358318.0,82463.6,10.85,0.0,
8489,2026-05-19,limit_up_flat_warning,2026-05-18,26.8,26.8,26.8,234339.0,96023.8,26.7,-0.0037,
