ticker,signal_date,entry_date,exit_date,entry_price,exit_price,stop_loss,hold_days,return_pct,exit_reason,scanner
1734,2025-05-06,2025-05-07,2025-09-12,32.096,30.5082,31.09,91,-4.947,stop_loss,swing_breakout
2801,2025-05-06,2025-05-07,2025-10-29,18.3047,19.8901,17.65,121,8.661,max_hold,swing_breakout
2836,2025-05-06,2025-05-07,2025-10-29,11.7852,12.3129,11.4275,121,4.478,max_hold,swing_breakout
4104,2025-05-06,2025-05-07,2025-05-13,88.264,86.8387,86.79,4,-1.615,stop_loss,swing_breakout
4105,2025-05-06,2025-05-07,2025-10-29,76.7295,79.0621,73.31,121,3.04,max_hold,swing_breakout
2812,2025-05-07,2025-05-08,2025-10-30,20.2606,21.5352,19.2025,121,6.291,max_hold,swing_breakout
5880,2025-05-07,2025-05-08,2025-06-03,24.8744,24.0277,23.9925,17,-3.404,stop_loss,swing_breakout
2480,2025-05-08,2025-05-09,2025-10-31,158.9755,159.52,140.5,121,0.343,max_hold,swing_breakout
3027,2025-05-08,2025-05-09,2025-07-16,36.4089,29.3118,29.375,47,-19.493,stop_loss,swing_breakout
6196,2025-05-08,2025-05-09,2025-10-31,163.9905,245.262,155.8,121,49.559,max_hold,swing_breakout
6257,2025-05-08,2025-05-09,2025-10-31,71.5139,104.1865,68.53,121,45.687,max_hold,swing_breakout
1608,2025-05-08,2025-05-09,2025-06-03,25.426,23.5292,23.8925,16,-7.46,stop_loss,swing_breakout
2838,2025-05-09,2025-05-12,2025-11-03,17.5525,18.6439,16.41,121,6.218,max_hold,swing_breakout
2884,2025-05-09,2025-05-12,2025-11-03,29.8894,30.0596,27.9675,121,0.569,max_hold,swing_breakout
2412,2025-05-09,2025-05-12,2025-07-10,131.393,128.1145,128.575,42,-2.495,stop_loss,swing_breakout
2603,2025-05-09,2025-05-12,2025-06-24,215.1435,207.376,207.15,30,-3.61,stop_loss,swing_breakout
2609,2025-05-09,2025-05-12,2025-07-10,73.0184,64.2068,70.755,42,-12.068,stop_loss,swing_breakout
2337,2025-05-12,2025-05-13,2025-07-23,21.2134,19.94,19.9775,50,-6.003,stop_loss,swing_breakout
2344,2025-05-12,2025-05-13,2025-11-04,17.1513,53.1401,15.7175,121,209.831,max_hold,swing_breakout
2886,2025-05-15,2025-05-16,2025-11-07,40.4209,40.1791,38.3225,121,-0.598,max_hold,swing_breakout
2891,2025-05-15,2025-05-16,2025-11-07,41.1731,41.7743,38.6325,121,1.46,max_hold,swing_breakout
3090,2025-05-19,2025-05-20,2025-07-08,76.1277,67.6963,67.46,34,-11.075,stop_loss,swing_breakout
8016,2025-05-19,2025-05-20,2025-06-17,216.1465,202.8895,207.925,19,-6.133,stop_loss,swing_breakout
2890,2025-05-23,2025-05-26,2025-11-17,23.6206,26.4704,22.3925,121,12.064,max_hold,swing_breakout
4114,2025-05-23,2025-05-26,2025-11-11,34.4029,32.8512,32.91,116,-4.511,stop_loss,swing_breakout
4129,2025-05-23,2025-05-26,2025-11-17,100.8015,117.1475,94.52,121,16.216,max_hold,swing_breakout
5312,2025-05-23,2025-05-26,2025-07-01,168.0025,141.0755,143.775,25,-16.028,stop_loss,swing_breakout
5469,2025-05-23,2025-05-26,2025-11-17,60.6815,91.6243,52.8475,121,50.992,max_hold,swing_breakout
2832,2025-05-26,2025-05-27,2025-06-02,35.8071,34.4463,34.81,3,-3.8,stop_loss,swing_breakout
1219,2025-05-26,2025-05-27,2025-06-03,15.7972,15.1544,15.53,4,-4.069,stop_loss,swing_breakout
1232,2025-05-26,2025-05-27,2025-06-12,163.9905,154.535,160.5,11,-5.766,stop_loss,swing_breakout
1234,2025-05-26,2025-05-27,2025-06-03,42.0758,40.877,41.045,4,-2.849,stop_loss,swing_breakout
6782,2025-05-28,2025-05-29,2025-06-16,188.0625,173.478,178.5,11,-7.755,stop_loss,swing_breakout
4167,2025-06-12,2025-06-13,2025-06-16,20.4612,20.0397,21.1825,1,-2.06,stop_loss,swing_breakout
6919,2025-06-12,2025-06-13,2025-07-22,1003.0,143.568,896.0,22,-85.686,stop_loss,swing_breakout
2882,2025-06-13,2025-06-16,2025-07-01,68.9061,62.6116,64.35,11,-9.135,stop_loss,swing_breakout
6197,2025-06-16,2025-06-17,2025-06-18,141.9245,139.58,142.1,1,-1.652,stop_loss,swing_breakout
2208,2025-06-17,2025-06-18,2025-07-15,18.7059,16.6499,16.8675,19,-10.991,stop_loss,swing_breakout
2607,2025-06-17,2025-06-18,2025-06-23,33.8512,32.4523,33.8475,3,-4.132,stop_loss,swing_breakout
2633,2025-06-17,2025-06-18,2025-07-16,29.1372,27.6169,27.8975,20,-5.218,stop_loss,swing_breakout
3702,2025-06-18,2025-06-19,2025-06-20,70.1097,68.0951,68.45,1,-2.873,stop_loss,swing_breakout
6257,2025-06-18,2025-06-19,2025-07-09,81.0424,76.5696,77.995,14,-5.519,stop_loss,swing_breakout
2892,2025-06-18,2025-06-19,2025-12-02,28.435,27.2181,27.4875,114,-4.28,stop_loss,swing_breakout
2834,2025-06-26,2025-06-27,2025-08-27,15.4462,15.0048,15.075,43,-2.857,stop_loss,swing_breakout
2344,2025-06-26,2025-06-27,2025-07-11,21.2636,18.3448,18.7375,10,-13.727,stop_loss,swing_breakout
2449,2025-06-26,2025-06-27,2025-07-15,103.309,99.6003,100.44,12,-3.59,stop_loss,swing_breakout
8271,2025-06-26,2025-06-27,2025-07-01,55.2653,52.4422,53.8,2,-5.108,stop_loss,swing_breakout
5880,2025-06-27,2025-06-30,2025-08-21,24.8242,24.4265,24.47,38,-1.602,stop_loss,swing_breakout
2379,2025-06-27,2025-06-30,2025-08-04,565.692,535.389,550.75,25,-5.357,stop_loss,swing_breakout
3592,2025-06-27,2025-06-30,2025-07-04,369.104,354.932,358.8,4,-3.84,stop_loss,swing_breakout
2301,2025-06-30,2025-07-01,2025-12-22,111.333,168.493,107.575,121,51.341,max_hold,swing_breakout
2357,2025-06-30,2025-07-01,2025-07-02,649.944,648.05,671.65,1,-0.291,stop_loss,swing_breakout
5386,2025-06-30,2025-07-01,2025-07-08,73.4196,71.3852,72.08,5,-2.771,stop_loss,swing_breakout
6189,2025-06-30,2025-07-01,2025-07-28,78.8358,62.6116,73.805,19,-20.58,stop_loss,swing_breakout
6239,2025-06-30,2025-07-01,2025-08-01,131.8945,123.628,128.5,23,-6.268,stop_loss,swing_breakout
2331,2025-07-01,2025-07-02,2025-07-09,18.5053,18.0457,18.4275,5,-2.484,stop_loss,swing_breakout
2382,2025-07-01,2025-07-02,2025-07-03,281.843,281.6525,283.0,1,-0.068,stop_loss,swing_breakout
2465,2025-07-01,2025-07-02,2025-07-07,61.6845,59.6206,60.86,3,-3.346,stop_loss,swing_breakout
3706,2025-07-01,2025-07-02,2025-12-23,69.6082,82.6513,64.485,121,18.738,max_hold,swing_breakout
2317,2025-07-01,2025-07-02,2025-12-24,160.48,223.328,157.65,121,39.163,max_hold,swing_breakout
2466,2025-07-02,2025-07-03,2025-07-07,87.9631,83.748,85.28,2,-4.792,stop_loss,swing_breakout
3062,2025-07-02,2025-07-03,2025-09-12,24.7239,23.3796,23.97,51,-5.437,stop_loss,swing_breakout
3711,2025-07-02,2025-07-03,2025-07-04,147.9425,144.565,145.65,1,-2.283,stop_loss,swing_breakout
4960,2025-07-02,2025-07-03,2025-11-06,13.8414,13.3598,13.5725,86,-3.479,stop_loss,swing_breakout
8046,2025-07-02,2025-07-03,2025-12-24,114.342,238.283,109.375,121,108.395,max_hold,swing_breakout
2369,2025-07-03,2025-07-04,2025-07-07,15.2957,14.6559,15.265,1,-4.183,stop_loss,swing_breakout
2498,2025-07-03,2025-07-04,2025-07-07,39.2173,38.0356,38.94,1,-3.013,stop_loss,swing_breakout
3048,2025-07-03,2025-07-04,2025-07-07,27.432,26.0217,26.9675,1,-5.141,stop_loss,swing_breakout
3532,2025-07-03,2025-07-04,2025-07-09,80.24,74.4759,76.22,3,-7.184,stop_loss,swing_breakout
6719,2025-07-03,2025-07-04,2025-07-07,204.612,195.9105,201.825,1,-4.253,stop_loss,swing_breakout
3356,2025-07-07,2025-07-08,2025-07-09,50.0497,49.3515,49.545,1,-1.395,stop_loss,swing_breakout
3617,2025-07-07,2025-07-08,2025-07-22,264.792,252.241,258.225,10,-4.74,stop_loss,swing_breakout
3694,2025-07-07,2025-07-08,2025-07-09,56.9704,57.4272,58.52,1,0.802,stop_loss,swing_breakout
2324,2025-07-07,2025-07-08,2025-08-14,29.087,28.3148,28.48,27,-2.655,stop_loss,swing_breakout
3264,2025-07-07,2025-07-08,2025-07-09,77.3313,75.5726,78.14,1,-2.274,stop_loss,swing_breakout
2351,2025-07-09,2025-07-10,2025-07-11,71.213,69.5906,71.82,1,-2.278,stop_loss,swing_breakout
3034,2025-07-09,2025-07-10,2025-07-11,504.509,498.5,528.15,1,-1.191,stop_loss,swing_breakout
2480,2025-07-11,2025-07-14,2025-11-11,170.0085,153.538,155.525,82,-9.688,stop_loss,swing_breakout
2482,2025-07-11,2025-07-14,2025-07-15,18.5053,17.8962,18.7575,1,-3.292,stop_loss,swing_breakout
8105,2025-07-11,2025-07-14,2025-10-15,13.5405,12.5622,12.575,64,-7.225,stop_loss,swing_breakout
2887,2025-07-14,2025-07-15,2025-07-25,18.4552,16.2511,16.39,8,-11.943,stop_loss,swing_breakout
3016,2025-07-16,2025-07-17,2026-01-09,34.7539,56.4302,32.335,121,62.371,max_hold,swing_breakout
1815,2025-07-16,2025-07-17,2026-01-09,45.135,88.0351,36.91,121,95.048,max_hold,swing_breakout
2313,2025-07-16,2025-07-17,2026-01-09,62.4869,115.1535,58.55,121,84.284,max_hold,swing_breakout
3290,2025-07-16,2025-07-17,2025-08-07,28.8362,27.3178,27.73,15,-5.266,stop_loss,swing_breakout
6138,2025-07-16,2025-07-17,2025-08-01,184.0505,165.502,177.75,11,-10.078,stop_loss,swing_breakout
2332,2025-07-17,2025-07-18,2025-07-23,17.7029,17.1983,17.16,3,-2.851,stop_loss,swing_breakout
2485,2025-07-17,2025-07-18,2025-07-31,11.9357,11.5652,11.46,9,-3.104,stop_loss,swing_breakout
3029,2025-07-17,2025-07-18,2025-11-19,116.8495,107.1775,109.575,84,-8.277,stop_loss,swing_breakout
3041,2025-07-17,2025-07-18,2025-07-23,26.3789,24.6259,25.4975,3,-6.645,stop_loss,swing_breakout
3545,2025-07-17,2025-07-18,2025-07-23,68.3043,62.7113,64.395,3,-8.188,stop_loss,swing_breakout
2454,2025-07-18,2025-07-21,2025-08-07,1419.245,1340.965,1324.5,13,-5.516,stop_loss,swing_breakout
2327,2025-07-21,2025-07-22,2025-08-26,515.542,142.0725,491.975,18,-72.442,stop_loss,swing_breakout
3015,2025-07-21,2025-07-22,2025-07-23,58.174,56.2308,56.225,1,-3.34,stop_loss,swing_breakout
3078,2025-07-21,2025-07-22,2025-09-12,85.9571,81.754,83.34,38,-4.89,stop_loss,swing_breakout
6235,2025-07-21,2025-07-22,2025-07-23,52.0557,50.9467,50.6725,1,-2.13,stop_loss,swing_breakout
6672,2025-07-21,2025-07-22,2026-01-14,74.222,100.1985,72.195,121,34.998,max_hold,swing_breakout
2349,2025-07-23,2025-07-24,2025-07-25,10.3309,10.2691,10.406,1,-0.598,stop_loss,swing_breakout
2419,2025-07-23,2025-07-24,2025-08-01,23.1191,21.934,22.6875,6,-5.126,stop_loss,swing_breakout
2426,2025-07-23,2025-07-24,2025-07-25,15.396,15.304,15.7225,1,-0.598,stop_loss,swing_breakout
2436,2025-07-23,2025-07-24,2025-07-25,50.5512,49.9497,50.5275,1,-1.19,stop_loss,swing_breakout
3035,2025-07-23,2025-07-24,2025-07-28,183.549,179.9585,181.95,2,-1.956,stop_loss,swing_breakout
2420,2025-07-24,2025-07-25,2025-09-12,55.165,51.2458,53.69,35,-7.105,stop_loss,swing_breakout
3691,2025-07-24,2025-07-25,2025-10-31,72.9181,68.8927,69.355,66,-5.52,stop_loss,swing_breakout
5243,2025-07-24,2025-07-25,2026-01-19,62.0857,84.745,58.76,121,36.497,max_hold,swing_breakout
8064,2025-07-24,2025-07-25,2025-07-28,40.6215,38.883,38.9375,1,-4.28,stop_loss,swing_breakout
5469,2025-07-25,2025-07-28,2026-01-20,69.207,104.1865,62.99,121,50.543,max_hold,swing_breakout
2645,2025-07-25,2025-07-28,2026-01-20,111.333,160.517,103.73,121,44.177,max_hold,swing_breakout
5475,2025-07-28,2025-07-29,2026-01-21,35.3557,101.694,32.025,121,187.631,max_hold,swing_breakout
6127,2025-07-28,2025-07-29,2025-07-30,20.7621,20.5382,20.315,1,-1.078,stop_loss,swing_breakout
8043,2025-07-28,2025-07-29,2025-07-30,26.7801,26.1712,26.74,1,-2.274,stop_loss,swing_breakout
3090,2025-07-28,2025-07-29,2025-08-11,76.1277,70.4879,70.965,9,-7.408,stop_loss,swing_breakout
3673,2025-07-30,2025-07-31,2026-01-23,33.6005,42.1232,31.81,121,25.365,max_hold,swing_breakout
4967,2025-07-30,2025-07-31,2025-08-11,75.4256,71.1858,72.51,7,-5.621,stop_loss,swing_breakout
6443,2025-07-30,2025-07-31,2025-09-01,16.3489,15.304,15.7675,22,-6.392,stop_loss,swing_breakout
2484,2025-07-30,2025-07-31,2025-09-12,21.6648,20.937,21.1725,31,-3.359,stop_loss,swing_breakout
4105,2025-07-30,2025-07-31,2025-08-08,77.231,75.4729,75.66,6,-2.276,stop_loss,swing_breakout
8081,2025-08-01,2025-08-04,2025-09-12,218.654,219.8385,217.5,29,0.542,stop_loss,swing_breakout
2375,2025-08-04,2025-08-05,2025-08-12,58.5752,55.7323,57.295,5,-4.853,stop_loss,swing_breakout
2402,2025-08-04,2025-08-05,2026-01-28,40.8221,56.1311,40.0225,121,37.502,max_hold,swing_breakout
5457,2025-08-04,2025-08-05,2025-11-19,42.5272,40.528,41.2475,72,-4.701,stop_loss,swing_breakout
3479,2025-08-04,2025-08-05,2025-12-10,98.3943,92.721,96.07,87,-5.766,stop_loss,swing_breakout
3652,2025-08-04,2025-08-05,2025-08-08,31.1432,30.7076,30.845,3,-1.399,stop_loss,swing_breakout
2356,2025-08-05,2025-08-06,2025-08-11,44.7338,42.6218,43.2125,3,-4.721,stop_loss,swing_breakout
3231,2025-08-05,2025-08-06,2025-08-14,123.369,117.1475,119.275,6,-5.043,stop_loss,swing_breakout
3483,2025-08-05,2025-08-06,2025-09-10,120.36,112.1625,116.075,25,-6.811,stop_loss,swing_breakout
5465,2025-08-05,2025-08-06,2025-08-11,43.1791,40.5779,39.9,3,-6.024,stop_loss,swing_breakout
6150,2025-08-05,2025-08-06,2025-08-07,71.6142,70.5876,70.57,1,-1.434,stop_loss,swing_breakout
2412,2025-08-07,2025-08-08,2025-12-02,132.8975,129.61,130.15,78,-2.474,stop_loss,swing_breakout
2455,2025-08-08,2025-08-11,2025-08-21,146.9395,136.589,140.75,8,-7.044,stop_loss,swing_breakout
5474,2025-08-08,2025-08-11,2025-11-13,163.489,157.526,159.6,64,-3.647,stop_loss,swing_breakout
6269,2025-08-11,2025-08-12,2025-08-13,64.192,64.4062,64.405,1,0.334,stop_loss,swing_breakout
8213,2025-08-11,2025-08-12,2026-02-04,32.2966,37.5869,31.7525,121,16.38,max_hold,swing_breakout
3535,2025-08-12,2025-08-13,2025-08-14,56.3686,55.3335,65.185,1,-1.836,stop_loss,swing_breakout
6168,2025-08-12,2025-08-13,2026-02-05,18.054,20.937,17.5075,121,15.969,max_hold,swing_breakout
6426,2025-08-12,2025-08-13,2025-09-12,79.0364,73.778,74.24,22,-6.653,stop_loss,swing_breakout
3008,2025-08-13,2025-08-14,2025-08-18,2417.23,2357.905,2385.25,2,-2.454,stop_loss,swing_breakout
8261,2025-08-13,2025-08-14,2025-08-21,83.249,82.751,83.16,5,-0.598,stop_loss,swing_breakout
6782,2025-08-13,2025-08-14,2025-11-17,208.1225,176.9675,179.75,63,-14.97,stop_loss,swing_breakout
2462,2025-08-14,2025-08-15,2025-08-18,23.9216,23.6788,24.14,1,-1.015,stop_loss,swing_breakout
3550,2025-08-14,2025-08-15,2025-10-15,15.3459,14.2571,14.3575,40,-7.095,stop_loss,swing_breakout
2881,2025-08-14,2025-08-15,2025-09-01,88.9661,83.748,84.2,11,-5.865,stop_loss,swing_breakout
2891,2025-08-14,2025-08-15,2025-08-27,43.2293,41.6746,42.545,8,-3.596,stop_loss,swing_breakout
6117,2025-08-18,2025-08-19,2025-08-21,94.4826,91.2255,93.23,2,-3.447,stop_loss,swing_breakout
6668,2025-08-18,2025-08-19,2025-08-21,48.144,45.1142,45.935,2,-6.293,stop_loss,swing_breakout
6130,2025-08-19,2025-08-20,2025-09-02,46.4389,40.2788,40.845,9,-13.265,stop_loss,swing_breakout
3021,2025-08-21,2025-08-22,2025-09-01,19.3078,18.5442,18.935,6,-3.955,stop_loss,swing_breakout
3041,2025-08-21,2025-08-22,2025-11-18,27.6828,26.2211,26.4375,58,-5.28,stop_loss,swing_breakout
3481,2025-08-21,2025-08-22,2026-02-25,13.5906,24.5262,12.0525,121,80.464,max_hold,swing_breakout
8011,2025-08-21,2025-08-22,2025-11-05,22.8182,20.8871,21.43,49,-8.463,stop_loss,swing_breakout
3624,2025-08-21,2025-08-22,2025-08-25,39.7689,38.9328,38.965,1,-2.102,stop_loss,swing_breakout
2328,2025-08-22,2025-08-25,2026-02-26,57.6725,51.0464,45.245,121,-11.489,max_hold,swing_breakout
3207,2025-08-22,2025-08-25,2025-10-15,67.6022,63.0104,63.3,34,-6.792,stop_loss,swing_breakout
3543,2025-08-22,2025-08-25,2025-08-26,32.2966,31.904,36.1325,1,-1.216,stop_loss,swing_breakout
8103,2025-08-22,2025-08-25,2025-09-18,53.9614,50.7473,51.175,18,-5.956,stop_loss,swing_breakout
2408,2025-08-25,2025-08-26,2026-03-02,46.9404,284.145,45.09,121,505.331,max_hold,swing_breakout
3356,2025-08-25,2025-08-26,2025-09-02,51.8551,50.3485,50.885,5,-2.905,stop_loss,swing_breakout
3545,2025-08-25,2025-08-26,2025-09-12,69.4076,66.799,66.285,13,-3.758,stop_loss,swing_breakout
5388,2025-08-25,2025-08-26,2025-09-02,102.8075,103.688,103.21,5,0.856,stop_loss,swing_breakout
6153,2025-08-25,2025-08-26,2025-09-03,15.0951,14.4565,14.4725,6,-4.231,stop_loss,swing_breakout
6664,2025-08-26,2025-08-27,2026-03-03,233.1975,286.139,222.0,121,22.702,max_hold,swing_breakout
3169,2025-08-26,2025-08-27,2025-11-17,97.4916,88.9324,89.915,54,-8.779,stop_loss,swing_breakout
3260,2025-08-26,2025-08-27,2026-03-04,101.303,261.214,95.015,121,157.854,max_hold,swing_breakout
5236,2025-08-26,2025-08-27,2025-09-05,133.9005,126.1205,129.95,7,-5.81,stop_loss,swing_breakout
6823,2025-08-26,2025-08-27,2026-03-03,65.7968,59.9197,58.2275,121,-8.932,max_hold,swing_breakout
2332,2025-08-27,2025-08-28,2025-09-02,18.1543,17.3478,17.3175,3,-4.442,stop_loss,swing_breakout
2344,2025-08-27,2025-08-28,2026-03-04,19.9597,103.688,18.025,121,419.487,max_hold,swing_breakout
3031,2025-08-27,2025-08-28,2025-11-20,19.8092,18.6439,18.4625,56,-5.883,stop_loss,swing_breakout
6742,2025-08-27,2025-08-28,2025-09-10,59.6785,57.5269,57.68,9,-3.605,stop_loss,swing_breakout
6909,2025-08-27,2025-08-28,2025-09-16,48.495,46.6098,46.6575,13,-3.888,stop_loss,swing_breakout
2409,2025-08-28,2025-08-29,2025-09-03,13.2396,12.2631,12.3725,3,-7.376,stop_loss,swing_breakout
6108,2025-08-28,2025-08-29,2025-09-01,14.8444,14.5562,15.3675,1,-1.941,stop_loss,swing_breakout
6120,2025-08-28,2025-08-29,2025-09-03,11.4843,10.8673,11.1,3,-5.373,stop_loss,swing_breakout
6770,2025-08-28,2025-08-29,2025-09-03,16.1984,15.4036,15.4725,3,-4.907,stop_loss,swing_breakout
1503,2025-08-29,2025-09-01,2025-09-30,205.615,178.9615,181.6,20,-12.963,stop_loss,swing_breakout
1513,2025-08-29,2025-09-01,2025-09-02,174.0205,165.502,166.675,1,-4.895,stop_loss,swing_breakout
1514,2025-08-29,2025-09-01,2025-09-04,114.8435,106.679,106.925,3,-7.109,stop_loss,swing_breakout
2423,2025-09-01,2025-09-02,2025-09-15,56.3686,52.6416,52.81,9,-6.612,stop_loss,swing_breakout
3006,2025-09-01,2025-09-02,2026-03-09,57.8731,131.604,54.375,121,127.401,max_hold,swing_breakout
1789,2025-09-02,2025-09-03,2025-11-04,18.1041,17.2481,17.5375,40,-4.728,stop_loss,swing_breakout
4129,2025-09-02,2025-09-03,2025-09-12,113.8405,107.676,110.0,7,-5.415,stop_loss,swing_breakout
6534,2025-09-02,2025-09-03,2025-10-15,118.8555,104.685,106.78,27,-11.922,stop_loss,swing_breakout
3290,2025-09-03,2025-09-04,2026-03-12,38.9164,46.3605,31.555,121,19.128,max_hold,swing_breakout
3338,2025-09-03,2025-09-04,2025-09-05,62.5872,61.814,64.23,1,-1.235,stop_loss,swing_breakout
6275,2025-09-03,2025-09-04,2025-09-09,45.3356,44.4662,44.7575,3,-1.918,stop_loss,swing_breakout
8042,2025-09-03,2025-09-04,2025-09-05,32.096,31.904,31.8175,1,-0.598,stop_loss,swing_breakout
2330,2025-09-05,2025-09-08,2026-03-13,1198.585,1859.405,1169.0,121,55.133,max_hold,swing_breakout
3265,2025-09-05,2025-09-08,2025-09-12,100.8015,96.709,98.17,4,-4.06,stop_loss,swing_breakout
6182,2025-09-05,2025-09-08,2026-03-13,25.8774,31.8542,24.1225,121,23.096,max_hold,swing_breakout
6525,2025-09-05,2025-09-08,2025-11-19,81.3433,73.0801,73.92,48,-10.158,stop_loss,swing_breakout
6526,2025-09-05,2025-09-08,2025-09-15,574.719,545.359,547.05,5,-5.109,stop_loss,swing_breakout
2460,2025-09-08,2025-09-09,2025-09-10,19.5083,18.6439,19.0475,1,-4.431,stop_loss,swing_breakout
3043,2025-09-08,2025-09-09,2025-09-11,25.4762,24.3766,24.96,2,-4.316,stop_loss,swing_breakout
3520,2025-09-08,2025-09-09,2025-09-10,15.5966,15.0048,15.1125,1,-3.794,stop_loss,swing_breakout
5483,2025-09-09,2025-09-10,2025-09-12,106.8195,102.1925,103.285,2,-4.332,stop_loss,swing_breakout
3504,2025-09-10,2025-09-11,2025-09-15,61.4839,58.6236,59.34,2,-4.652,stop_loss,swing_breakout
2886,2025-09-10,2025-09-11,2025-09-17,41.5743,41.0266,41.2675,4,-1.318,stop_loss,swing_breakout
2887,2025-09-10,2025-09-11,2026-03-18,17.402,24.5262,16.575,121,40.939,max_hold,swing_breakout
2892,2025-09-10,2025-09-11,2025-10-13,29.9897,28.8632,28.97,19,-3.756,stop_loss,swing_breakout
3026,2025-09-10,2025-09-11,2026-03-18,85.255,117.646,83.305,121,37.993,max_hold,swing_breakout
3264,2025-09-11,2025-09-12,2026-03-19,86.258,153.538,75.865,121,77.999,max_hold,swing_breakout
6138,2025-09-11,2025-09-12,2026-03-19,211.1315,236.7875,183.475,121,12.152,max_hold,swing_breakout
8086,2025-09-11,2025-09-12,2025-09-15,112.336,109.67,112.025,1,-2.373,stop_loss,swing_breakout
2832,2025-09-11,2025-09-12,2026-03-30,34.8041,46.4103,33.32,121,33.347,max_hold,swing_breakout
2836,2025-09-11,2025-09-12,2026-03-19,11.8855,12.0637,11.71,121,1.499,max_hold,swing_breakout
6743,2025-09-12,2025-09-15,2025-09-25,33.7008,32.901,32.7175,8,-2.373,stop_loss,swing_breakout
8016,2025-09-12,2025-09-15,2025-09-16,206.618,207.376,206.525,1,0.367,stop_loss,swing_breakout
6411,2025-09-12,2025-09-15,2025-09-30,74.0214,72.0831,73.035,10,-2.619,stop_loss,swing_breakout
8091,2025-09-12,2025-09-15,2025-09-30,118.354,109.67,110.075,10,-7.337,stop_loss,swing_breakout
2838,2025-09-15,2025-09-16,2026-03-23,17.5023,19.8403,17.1775,121,13.358,max_hold,swing_breakout
2485,2025-09-16,2025-09-17,2026-03-24,13.2396,74.9744,13.0,121,466.289,max_hold,swing_breakout
1595,2025-09-16,2025-09-17,2025-09-18,38.3146,37.3875,37.795,1,-2.42,stop_loss,swing_breakout
2302,2025-09-16,2025-09-17,2026-03-24,16.6999,18.3448,16.1725,121,9.849,max_hold,swing_breakout
6233,2025-09-16,2025-09-17,2025-09-25,21.2134,21.286,21.295,6,0.342,stop_loss,swing_breakout
3508,2025-09-16,2025-09-17,2025-09-18,26.078,25.8223,26.66,1,-0.981,stop_loss,swing_breakout
2419,2025-09-18,2025-09-19,2025-09-26,24.072,23.28,23.415,5,-3.29,stop_loss,swing_breakout
2461,2025-09-18,2025-09-19,2025-09-24,17.2014,16.6499,16.825,3,-3.206,stop_loss,swing_breakout
3437,2025-09-18,2025-09-19,2025-09-24,16.5495,15.5532,15.6475,3,-6.02,stop_loss,swing_breakout
6196,2025-09-18,2025-09-19,2025-09-22,255.765,251.244,262.1,1,-1.768,stop_loss,swing_breakout
6266,2025-09-18,2025-09-19,2025-09-22,30.3407,30.1094,30.6,1,-0.763,stop_loss,swing_breakout
2337,2025-09-19,2025-09-22,2026-03-27,27.8834,124.625,21.62,121,346.951,max_hold,swing_breakout
2812,2025-09-22,2025-09-23,2025-10-29,22.6678,21.8343,21.87,22,-3.677,stop_loss,swing_breakout
2834,2025-09-22,2025-09-23,2026-02-03,15.5465,15.2541,15.2725,89,-1.881,stop_loss,swing_breakout
2453,2025-09-23,2025-09-24,2025-09-25,61.4839,61.1161,61.45,1,-0.598,stop_loss,swing_breakout
2882,2025-09-23,2025-09-24,2025-11-03,66.3986,63.6086,64.365,24,-4.202,stop_loss,swing_breakout
4105,2025-09-24,2025-09-25,2026-03-27,78.1337,74.0771,76.86,117,-5.192,stop_loss,swing_breakout
4164,2025-09-24,2025-09-25,2025-09-26,48.495,47.8062,48.865,1,-1.421,stop_loss,swing_breakout
5347,2025-09-24,2025-09-25,2025-11-10,103.8105,92.6213,93.495,28,-10.778,stop_loss,swing_breakout
6239,2025-09-24,2025-09-25,2026-04-01,150.45,194.415,134.2,121,29.222,max_hold,swing_breakout
6861,2025-09-24,2025-09-25,2025-11-03,62.8881,58.3245,59.24,23,-7.257,stop_loss,swing_breakout
2303,2025-09-26,2025-09-30,2026-04-07,45.6866,58.1251,42.085,121,27.226,max_hold,swing_breakout
6719,2025-09-26,2025-09-30,2025-10-14,207.1195,197.406,199.775,8,-4.69,stop_loss,swing_breakout
8110,2025-09-26,2025-09-30,2026-04-07,16.9006,47.7065,15.52,121,182.277,max_hold,swing_breakout
2369,2025-09-30,2025-10-01,2026-04-08,19.1071,30.907,18.2275,121,61.756,max_hold,swing_breakout
3094,2025-09-30,2025-10-01,2025-10-07,26.7801,26.4205,26.1275,3,-1.343,stop_loss,swing_breakout
8081,2025-09-30,2025-10-01,2025-10-13,233.699,220.337,227.725,6,-5.718,stop_loss,swing_breakout
8261,2025-09-30,2025-10-01,2025-10-09,95.6862,92.3222,92.64,5,-3.516,stop_loss,swing_breakout
2881,2025-09-30,2025-10-01,2025-10-02,88.264,87.8357,87.545,1,-0.485,stop_loss,swing_breakout
2801,2025-10-01,2025-10-02,2026-04-09,19.9096,20.937,19.5025,121,5.161,max_hold,swing_breakout
6257,2025-10-01,2025-10-02,2025-10-14,93.4796,88.8327,89.565,6,-4.971,stop_loss,swing_breakout
3597,2025-10-02,2025-10-03,2025-10-16,29.6386,29.6608,29.6925,7,0.075,stop_loss,swing_breakout
6204,2025-10-02,2025-10-03,2026-03-05,68.7055,64.1071,65.37,96,-6.693,stop_loss,swing_breakout
3008,2025-10-07,2025-10-08,2025-10-14,2522.545,2327.995,2351.5,3,-7.712,stop_loss,swing_breakout
2337,2026-01-02,2026-01-05,2026-05-19,47.7929,143.568,37.8725,86,200.396,max_hold,swing_breakout
2344,2026-01-02,2026-01-05,2026-05-19,95.285,117.1475,73.21,86,22.944,max_hold,swing_breakout
3481,2026-01-02,2026-01-05,2026-05-19,18.8564,37.3377,14.015,86,98.01,max_hold,swing_breakout
6770,2026-01-02,2026-01-05,2026-05-19,43.7308,58.3245,36.7775,86,33.372,max_hold,swing_breakout
2883,2026-01-05,2026-01-06,2026-05-19,17.5525,21.585,17.145,85,22.974,max_hold,swing_breakout
2884,2026-01-05,2026-01-06,2026-01-09,34.0017,32.7514,33.12,3,-3.677,stop_loss,swing_breakout
2885,2026-01-05,2026-01-06,2026-05-19,39.468,54.5359,39.0375,85,38.177,max_hold,swing_breakout
2887,2026-01-05,2026-01-06,2026-05-19,21.2636,23.5292,20.2475,85,10.655,max_hold,swing_breakout
2851,2026-01-08,2026-01-09,2026-05-19,26.7299,34.895,26.27,82,30.546,max_hold,swing_breakout
2880,2026-01-08,2026-01-09,2026-05-19,31.6948,32.1034,31.5625,82,1.289,max_hold,swing_breakout
2890,2026-01-08,2026-01-09,2026-02-02,29.2876,28.3646,28.615,16,-3.151,stop_loss,swing_breakout
2441,2026-01-08,2026-01-09,2026-02-03,87.8628,87.1378,86.505,17,-0.825,stop_loss,swing_breakout
2439,2026-01-14,2026-01-15,2026-02-06,109.327,97.6063,98.595,16,-10.721,stop_loss,swing_breakout
3702,2026-01-14,2026-01-15,2026-05-19,65.5962,108.1745,60.355,78,64.91,max_hold,swing_breakout
7769,2026-01-14,2026-01-15,2026-05-19,3470.38,6580.2,3336.25,78,89.61,max_hold,swing_breakout
8070,2026-01-14,2026-01-15,2026-02-09,47.6425,43.6686,43.985,17,-8.341,stop_loss,swing_breakout
2855,2026-01-14,2026-01-15,2026-05-19,27.5825,39.232,24.8825,78,42.235,max_hold,swing_breakout
2360,2026-01-20,2026-01-21,2026-02-02,1000.994,972.075,983.75,8,-2.889,stop_loss,swing_breakout
2603,2026-01-20,2026-01-21,2026-01-26,192.576,187.436,190.875,3,-2.669,stop_loss,swing_breakout
2610,2026-01-20,2026-01-21,2026-02-25,21.9657,21.3358,21.55,18,-2.868,stop_loss,swing_breakout
2618,2026-01-20,2026-01-21,2026-02-02,38.3146,37.2878,37.6,8,-2.68,stop_loss,swing_breakout
6830,2026-01-20,2026-01-21,2026-01-22,183.549,182.9495,185.375,1,-0.327,stop_loss,swing_breakout
2637,2026-01-21,2026-01-22,2026-01-26,73.4196,70.787,71.38,2,-3.586,stop_loss,swing_breakout
2327,2026-01-22,2026-01-23,2026-01-29,302.906,285.142,285.8333,4,-5.865,stop_loss,swing_breakout
2383,2026-01-22,2026-01-23,2026-05-19,1680.025,4521.395,1601.6667,72,169.127,max_hold,swing_breakout
3526,2026-01-22,2026-01-23,2026-02-02,260.78,247.256,249.6667,6,-5.186,stop_loss,swing_breakout
3533,2026-01-22,2026-01-23,2026-05-19,1494.47,2318.025,1398.3333,72,55.107,max_hold,swing_breakout
4915,2026-01-22,2026-01-23,2026-01-26,79.4376,78.4639,79.6,1,-1.226,stop_loss,swing_breakout
2409,2026-01-23,2026-01-26,2026-01-27,15.2456,15.304,15.8714,1,0.383,stop_loss,swing_breakout
8046,2026-01-23,2026-01-26,2026-05-19,375.122,795.606,332.2857,71,112.093,max_hold,swing_breakout
2606,2026-01-26,2026-01-27,2026-02-02,63.9914,63.9077,62.225,4,-0.131,stop_loss,swing_breakout
2408,2026-01-30,2026-02-02,2026-02-06,310.93,259.22,275.5833,4,-16.631,stop_loss,swing_breakout
2337,2026-02-04,2026-02-05,2026-05-19,87.7625,143.568,78.3667,63,63.587,max_hold,swing_breakout
3189,2026-02-04,2026-02-05,2026-05-19,272.816,511.461,221.5,63,87.475,max_hold,swing_breakout
2820,2026-02-09,2026-02-10,2026-05-19,16.8504,16.7994,16.3361,60,-0.302,max_hold,swing_breakout
2458,2026-02-10,2026-02-11,2026-05-19,120.8615,146.559,117.9211,59,21.262,max_hold,swing_breakout
3714,2026-02-10,2026-02-11,2026-02-23,36.1581,34.8452,36.0132,1,-3.631,stop_loss,swing_breakout
4904,2026-02-10,2026-02-11,2026-05-19,92.9781,97.706,90.3895,59,5.085,max_hold,swing_breakout
2886,2026-02-11,2026-02-23,2026-03-05,40.7719,39.0824,39.695,7,-4.144,stop_loss,swing_breakout
3596,2026-02-11,2026-02-23,2026-03-25,188.564,182.451,179.7,21,-3.242,stop_loss,swing_breakout
6176,2026-02-11,2026-02-23,2026-03-02,129.387,109.67,123.9,4,-15.239,stop_loss,swing_breakout
2855,2026-02-23,2026-02-24,2026-05-19,30.2404,39.232,28.9225,57,29.733,max_hold,swing_breakout
6005,2026-02-23,2026-02-24,2026-03-10,30.6416,28.8133,28.8675,9,-5.967,stop_loss,swing_breakout
4938,2026-02-23,2026-02-24,2026-03-05,71.1127,69.3912,70.105,6,-2.421,stop_loss,swing_breakout
1560,2026-02-23,2026-02-24,2026-05-19,466.395,642.068,421.275,57,37.666,max_hold,swing_breakout
1590,2026-02-23,2026-02-24,2026-03-05,1183.54,1126.61,1108.5,6,-4.81,stop_loss,swing_breakout
3702,2026-02-24,2026-02-25,2026-05-19,67.201,108.1745,64.185,56,60.972,max_hold,swing_breakout
1815,2026-02-24,2026-02-25,2026-04-01,118.354,100.697,97.095,24,-14.919,stop_loss,swing_breakout
2428,2026-02-24,2026-02-25,2026-03-05,189.567,173.478,173.175,5,-8.487,stop_loss,swing_breakout
3533,2026-02-24,2026-02-25,2026-03-05,1664.98,1550.335,1525.5,5,-6.886,stop_loss,swing_breakout
2352,2026-02-25,2026-02-26,2026-03-03,26.3789,25.274,25.7075,2,-4.189,stop_loss,swing_breakout
2344,2026-02-26,2026-03-02,2026-03-04,115.345,105.682,112.565,2,-8.377,stop_loss,swing_breakout
2603,2026-02-26,2026-03-02,2026-05-19,211.633,196.409,188.75,54,-7.194,max_hold,swing_breakout
2606,2026-02-26,2026-03-02,2026-03-10,71.213,61.6146,62.88,6,-13.478,stop_loss,swing_breakout
2637,2026-02-26,2026-03-02,2026-03-09,76.6292,66.799,70.96,5,-12.828,stop_loss,swing_breakout
6672,2026-02-26,2026-03-02,2026-03-05,99.7985,94.715,97.225,3,-5.094,stop_loss,swing_breakout
6274,2026-03-02,2026-03-03,2026-03-05,543.626,513.455,525.75,2,-5.55,stop_loss,swing_breakout
2850,2026-03-03,2026-03-04,2026-03-10,118.8555,114.655,114.55,4,-3.534,stop_loss,swing_breakout
3481,2026-03-06,2026-03-09,2026-04-27,25.5765,23.4295,23.5275,33,-8.394,stop_loss,swing_breakout
8046,2026-03-06,2026-03-09,2026-03-10,424.269,433.1965,441.975,1,2.104,stop_loss,swing_breakout
2360,2026-03-10,2026-03-11,2026-05-19,1449.335,2048.835,1186.35,47,41.364,max_hold,swing_breakout
2353,2026-03-11,2026-03-12,2026-05-19,27.8834,27.6668,26.82,46,-0.777,max_hold,swing_breakout
2337,2026-03-18,2026-03-19,2026-05-19,139.9185,143.568,106.18,41,2.608,max_hold,swing_breakout
3583,2026-03-18,2026-03-19,2026-05-19,416.245,839.474,361.075,41,101.678,max_hold,swing_breakout
2449,2026-03-20,2026-03-23,2026-03-24,298.3925,295.112,303.85,1,-1.099,stop_loss,swing_breakout
3665,2026-03-20,2026-03-23,2026-05-19,1760.265,1984.03,1581.0,39,12.712,max_hold,swing_breakout
7769,2026-03-20,2026-03-23,2026-03-24,3911.7,3992.985,4278.75,1,2.078,stop_loss,swing_breakout
2313,2026-03-25,2026-03-26,2026-05-19,235.705,255.232,213.0,36,8.285,max_hold,swing_breakout
2347,2026-03-25,2026-03-26,2026-05-19,80.1397,82.2525,73.215,36,2.636,max_hold,swing_breakout
2890,2026-03-25,2026-03-26,2026-03-27,32.096,31.4055,31.895,1,-2.151,stop_loss,swing_breakout
3010,2026-03-25,2026-03-26,2026-03-27,129.387,121.634,127.125,1,-5.992,stop_loss,swing_breakout
3036,2026-03-25,2026-03-26,2026-04-01,236.708,226.319,222.15,4,-4.389,stop_loss,swing_breakout
2897,2026-03-27,2026-03-30,2026-05-19,10.03,10.0198,9.856,34,-0.101,max_hold,swing_breakout
2472,2026-04-08,2026-04-09,2026-05-19,142.426,231.304,123.85,28,62.403,max_hold,swing_breakout
6415,2026-04-08,2026-04-09,2026-04-13,299.897,280.157,280.35,2,-6.582,stop_loss,swing_breakout
6515,2026-04-08,2026-04-09,2026-05-19,8370.035,9461.53,7167.25,28,13.041,max_hold,swing_breakout
2820,2026-04-14,2026-04-15,2026-04-27,17.2516,16.6998,16.8475,8,-3.199,stop_loss,swing_breakout
2880,2026-04-14,2026-04-15,2026-04-29,35.3557,33.3497,33.6975,10,-5.674,stop_loss,swing_breakout
8070,2026-04-14,2026-04-15,2026-05-19,48.9464,43.3695,44.71,23,-11.394,stop_loss,swing_breakout
2885,2026-04-15,2026-04-16,2026-05-19,50.5512,54.5359,46.1525,23,7.883,max_hold,swing_breakout
2883,2026-04-16,2026-04-17,2026-04-24,21.2636,20.0896,20.34,5,-5.521,stop_loss,swing_breakout
2352,2026-04-17,2026-04-20,2026-04-28,25.8774,23.8781,23.9575,6,-7.726,stop_loss,swing_breakout
2455,2026-04-17,2026-04-20,2026-05-19,315.4435,381.851,269.175,21,21.052,max_hold,swing_breakout
2317,2026-05-05,2026-05-06,2026-05-19,247.2395,244.265,213.65,10,-1.203,max_hold,swing_breakout
2401,2026-05-05,2026-05-06,2026-05-19,25.7269,24.8751,23.0475,10,-3.311,max_hold,swing_breakout
2481,2026-05-05,2026-05-06,2026-05-07,103.8105,102.1925,103.17,1,-1.559,stop_loss,swing_breakout
2488,2026-05-05,2026-05-06,2026-05-19,51.8551,51.6446,50.845,10,-0.406,max_hold,swing_breakout
3528,2026-05-05,2026-05-06,2026-05-19,83.7505,81.5546,73.635,10,-2.622,max_hold,swing_breakout
2832,2026-05-06,2026-05-07,2026-05-19,52.3566,52.7413,50.255,9,0.735,max_hold,swing_breakout
2301,2026-05-06,2026-05-07,2026-05-19,188.564,205.8805,166.125,9,9.183,max_hold,swing_breakout
2303,2026-05-06,2026-05-07,2026-05-19,97.6922,112.661,72.03,9,15.322,max_hold,swing_breakout
2382,2026-05-06,2026-05-07,2026-05-18,350.047,304.085,322.475,7,-13.13,stop_loss,swing_breakout
3231,2026-05-06,2026-05-07,2026-05-15,148.9455,139.0815,138.625,6,-6.623,stop_loss,swing_breakout
2450,2026-05-07,2026-05-08,2026-05-11,29.7891,29.8103,29.9075,1,0.071,stop_loss,swing_breakout
2356,2026-05-07,2026-05-08,2026-05-19,50.15,51.5449,46.32,8,2.781,max_hold,swing_breakout
2362,2026-05-07,2026-05-08,2026-05-18,40.0698,38.3845,38.705,6,-4.206,stop_loss,swing_breakout
2387,2026-05-07,2026-05-08,2026-05-11,41.7749,40.6776,40.7775,1,-2.627,stop_loss,swing_breakout
2483,2026-05-07,2026-05-08,2026-05-19,24.1723,23.7286,22.68,8,-1.836,max_hold,swing_breakout
2881,2026-05-08,2026-05-11,2026-05-19,96.9901,96.9084,89.48,7,-0.084,max_hold,swing_breakout
2886,2026-05-08,2026-05-11,2026-05-13,40.3206,39.232,39.6075,2,-2.7,stop_loss,swing_breakout
2312,2026-05-11,2026-05-12,2026-05-19,30.09,27.6668,26.87,6,-8.053,max_hold,swing_breakout
2353,2026-05-11,2026-05-12,2026-05-18,29.0368,27.567,27.865,4,-5.062,stop_loss,swing_breakout
1560,2026-05-11,2026-05-12,2026-05-19,647.938,642.068,544.15,6,-0.906,max_hold,swing_breakout
2049,2026-05-11,2026-05-12,2026-05-19,356.065,374.872,302.0,6,5.282,max_hold,swing_breakout
2316,2026-05-11,2026-05-12,2026-05-19,130.39,138.583,115.525,6,6.283,max_hold,swing_breakout
3034,2026-05-12,2026-05-13,2026-05-19,491.47,464.602,428.775,5,-5.467,max_hold,swing_breakout
2412,2026-05-13,2026-05-14,2026-05-19,136.9095,142.0725,136.3,4,3.771,max_hold,swing_breakout
2480,2026-05-13,2026-05-14,2026-05-19,148.9455,146.0605,143.425,4,-1.937,max_hold,swing_breakout
3669,2026-05-13,2026-05-14,2026-05-15,38.7158,38.4842,39.31,1,-0.598,stop_loss,swing_breakout
3479,2026-05-13,2026-05-14,2026-05-19,101.8045,100.1985,93.675,4,-1.578,max_hold,swing_breakout
5490,2026-05-13,2026-05-14,2026-05-19,28.5855,27.8662,27.265,4,-2.516,max_hold,swing_breakout
2344,2026-05-14,2026-05-15,2026-05-19,132.8975,117.1475,100.57,3,-11.851,max_hold,swing_breakout
2345,2026-05-14,2026-05-15,2026-05-19,2647.92,2382.83,2316.25,3,-10.011,max_hold,swing_breakout
2458,2026-05-14,2026-05-15,2026-05-19,150.9515,146.559,140.35,3,-2.91,max_hold,swing_breakout
3014,2026-05-14,2026-05-15,2026-05-19,141.423,133.598,129.025,3,-5.533,max_hold,swing_breakout
3530,2026-05-14,2026-05-15,2026-05-19,69.1067,64.7053,65.875,3,-6.369,stop_loss_eod,swing_breakout
3704,2026-05-15,2026-05-18,2026-05-19,38.5152,37.9857,35.94,2,-1.375,max_hold,swing_breakout
2379,2026-05-18,2026-05-19,2026-05-19,566.695,553.335,551.9,1,-2.358,max_hold,swing_breakout
3556,2026-05-18,2026-05-19,2026-05-19,51.2533,50.1491,52.855,1,-2.154,stop_loss_eod,swing_breakout
4934,2026-05-18,2026-05-19,2026-05-19,16.8504,16.949,17.095,1,0.585,stop_loss_eod,swing_breakout
5347,2026-05-18,2026-05-19,2026-05-19,159.9785,157.0275,156.15,1,-1.845,max_hold,swing_breakout
