variant,ticker,trade_date,open,high,low,close,volume,key_level,stop_price,actual_entry_open,actual_ret_10d_net,actual_ret_10d_stop_net,actual_stop_hit_10d
base_signal,1210,2025-08-12,54.3,55.0,54.1,54.5,4079916,54.3,53.8295,54.6,-0.03515402930402931,-0.019961721611721585,True
base_signal,1231,2025-10-08,114.5,118.0,114.5,117.0,545260,115.5,113.9275,117.5,-0.05265851063829783,-0.03625425531914903,True
base_signal,1231,2025-11-14,93.8,94.9,92.3,94.9,1112668,93.0,91.8385,95.2,0.04457016806722693,0.04457016806722693,False
base_signal,1235,2026-01-22,39.75,40.8,39.5,40.8,17644,39.8,39.3025,40.8,-0.016879411764705733,-0.016879411764705733,False
base_signal,1235,2026-03-12,37.3,38.7,37.3,38.15,33210,38.0,37.113499999999995,38.1,0.053205118110236115,-0.031742388451443705,True
base_signal,1235,2026-03-16,36.4,36.4,35.6,35.95,34081,35.8,35.422000000000004,35.9,0.04986030640668528,0.04986030640668528,False
base_signal,1295,2026-02-03,79.9,81.1,77.5,79.5,88667,78.0,77.1125,80.0,-0.01585000000000001,-0.04194375000000004,True
base_signal,1303,2025-06-23,27.15,27.35,26.3,27.1,54667236,26.8,26.1685,27.1,0.04396549815498143,0.04396549815498143,False
base_signal,1303,2025-07-11,27.05,27.1,26.25,26.65,18654663,26.3,26.11875,26.6,0.2591875939849623,0.2591875939849623,False
base_signal,1305,2025-11-24,10.6,10.6,10.35,10.5,869433,10.4,10.29825,10.65,0.05048802816901401,0.05048802816901401,False
base_signal,1307,2025-04-11,34.05,34.7,32.05,34.6,2591978,32.4,31.889749999999996,35.45,0.03646311706629048,0.03646311706629048,False
base_signal,1319,2025-06-17,111.0,111.0,107.5,109.5,6208351,109.5,106.9625,110.0,-0.10584999999999997,-0.03346363636363634,True
base_signal,1319,2025-06-23,99.0,100.0,97.9,100.0,5145023,98.2,97.4105,101.5,-0.046244088669950646,-0.046140640394088696,True
base_signal,1336,2025-07-10,18.95,18.95,18.35,18.45,466882,18.4,18.25825,18.4,-0.011284782608695566,-0.013553804347826028,True
base_signal,1338,2026-03-11,15.6,15.85,15.4,15.55,366366,15.55,15.323,15.5,-0.07681774193548382,-0.017269354838709707,True
base_signal,1338,2026-03-27,14.25,14.45,14.1,14.2,129109,14.2,14.029499999999999,14.15,0.16022773851590114,0.16022773851590114,False
base_signal,1340,2025-09-12,5.49,5.59,5.45,5.52,574728,5.47,5.42275,5.57,0.5219776481149011,0.5219776481149011,False
base_signal,1418,2025-04-11,21.65,23.45,21.5,22.75,100827,22.1,21.3925,22.0,-0.030850000000000023,-0.03346363636363645,True
base_signal,1418,2025-07-01,20.15,20.55,19.9,20.25,236982,19.95,19.8005,20.55,-0.02531472019464729,-0.02531472019464729,False
base_signal,1447,2026-03-25,5.11,5.12,5.02,5.07,1944509,5.05,4.9948999999999995,5.1,-0.015653921568627417,-0.026457843137254945,True
base_signal,1449,2025-11-05,10.55,10.65,10.35,10.55,452489,10.5,10.29825,10.6,-0.06245377358490565,-0.034316981132075465,True
base_signal,1463,2025-10-21,17.45,17.45,17.0,17.1,250825,17.1,16.915,17.1,-0.014621929824561543,-0.016668713450292506,True
base_signal,1463,2025-10-27,17.1,17.1,16.5,17.0,423434,17.0,16.4175,17.0,0.0029735294117646744,0.0029735294117646744,False
base_signal,1475,2025-04-14,39.55,40.2,38.9,39.3,558706,39.0,38.7055,39.85,0.0681776035131744,0.0681776035131744,False
base_signal,1475,2025-07-04,39.9,40.0,38.8,39.6,241773,38.9,38.605999999999995,39.3,-0.013483587786259445,-0.023509033078880505,True
base_signal,1475,2025-12-12,31.6,32.25,31.05,31.55,117937,31.5,30.894750000000002,31.4,-0.040881847133757844,-0.02194076433121004,True
base_signal,1476,2025-04-11,332.0,353.5,320.0,353.5,3863975,320.5,318.4,350.5,0.10684614835948639,0.10684614835948639,False
base_signal,1477,2025-04-11,250.0,256.5,229.0,256.0,5682496,231.0,227.855,257.5,0.08929563106796126,0.08929563106796126,False
base_signal,1477,2026-04-01,234.0,234.0,225.5,228.0,3581878,226.0,224.3725,228.0,-0.06286754385964907,-0.02176008771929825,True
base_signal,1503,2025-11-19,164.0,167.0,160.5,162.5,2150596,161.0,159.6975,168.0,-0.017754761904761864,-0.017754761904761864,False
base_signal,1512,2026-03-09,7.18,7.18,6.91,7.07,144550,7.03,6.87545,7.18,0.061002367688022384,0.061002367688022384,False
base_signal,1515,2025-04-11,23.6,25.1,23.6,24.8,551298,23.7,23.482000000000003,26.0,0.18068846153846155,0.18068846153846155,False
base_signal,1515,2026-03-09,24.65,24.8,24.3,24.6,558071,24.6,24.1785,24.8,-0.038108064516129116,-0.03091048387096782,True
base_signal,1516,2026-03-27,21.0,21.0,20.05,20.45,44858,20.35,19.94975,22.0,-0.10130454545454556,-0.0990431818181817,True
base_signal,1519,2025-04-11,321.0,383.5,320.0,383.0,6052169,321.5,318.4,390.5,0.0235994238156211,0.0235994238156211,False
base_signal,1522,2026-02-11,45.85,45.9,44.05,44.4,4575867,44.35,43.82975,45.1,-0.11117150776053217,-0.03401518847006666,True
base_signal,1522,2026-03-18,35.15,35.15,34.15,34.25,1500349,34.25,33.97925,34.0,-0.05879117647058816,-0.006460294117647015,True
base_signal,1527,2025-08-13,33.2,33.45,32.65,32.8,693107,32.7,32.48675,32.55,-0.01813878648233478,-0.007793164362519068,True
base_signal,1528,2025-04-11,11.35,12.25,11.15,12.15,3267143,11.2,11.09425,12.4,-0.021979032258064614,-0.021979032258064614,False
base_signal,1533,2025-04-11,25.55,27.45,25.5,26.75,205786,25.6,25.3725,26.8,0.08183656716417911,0.08183656716417911,False
base_signal,1536,2025-04-11,48.9,51.5,46.5,51.5,9507255,47.25,46.2675,52.1,0.13618454894433776,0.13618454894433776,False
base_signal,1536,2025-11-05,57.1,57.7,56.0,57.1,1278435,56.9,55.72,57.7,-0.03531273830155988,-0.040165424610052104,True
base_signal,1538,2026-02-25,25.5,25.5,23.0,23.8,102036,23.1,22.885,23.3,-0.2547770386266095,-0.023661158798283212,True
base_signal,1538,2026-03-02,22.95,23.0,22.95,23.0,13020,23.0,22.83525,23.0,-0.24498043478260864,-0.013013043478260912,True
base_signal,1538,2026-03-17,17.5,17.6,16.25,17.6,111840,16.5,16.16875,17.45,-0.2665949856733524,-0.0792740687679083,True
base_signal,1539,2025-04-11,16.65,17.7,15.8,17.45,304174,15.95,15.721,17.9,0.04442932960893877,0.04442932960893877,False
base_signal,1563,2025-11-21,41.35,41.35,40.5,40.85,493433,40.75,40.2975,41.0,0.01610121951219514,0.01610121951219514,False
base_signal,1569,2026-01-09,51.9,52.0,50.4,51.1,541102,51.0,50.147999999999996,51.1,0.09786819960861051,-0.02448013698630145,True
base_signal,1569,2026-01-13,50.1,50.3,48.6,49.9,1484910,49.7,48.357,50.1,0.10991846307385225,0.10991846307385225,False
base_signal,1570,2025-04-11,19.6,22.0,19.6,21.8,155046,19.7,19.502000000000002,23.15,0.0006294816414688315,0.0006294816414688315,False
base_signal,1582,2025-04-11,71.3,73.8,69.4,73.7,2409379,70.8,69.05300000000001,75.0,0.03281666666666685,0.03281666666666685,False
base_signal,1583,2026-03-09,42.85,44.8,42.85,43.85,36081,43.55,42.63575,44.95,-0.034771023359288146,-0.05733498331479423,True
base_signal,1589,2025-09-12,19.75,20.15,19.5,19.75,915624,19.65,19.4025,19.85,0.17551020151133492,-0.028394080604534057,True
base_signal,1589,2026-03-10,5.99,7.31,5.99,7.31,9205657,6.65,5.96005,6.58,0.18108009118541016,0.18108009118541016,False
base_signal,1591,2025-04-11,36.0,36.0,33.35,34.75,253072,33.8,33.18325,35.55,0.07994465541490872,0.07994465541490872,False
base_signal,1591,2026-03-24,41.0,42.05,40.4,40.7,188858,40.5,40.198,40.7,0.18456769041769042,-0.01818415233415236,True
base_signal,1593,2025-09-19,28.4,28.4,27.55,27.8,201926,27.6,27.41225,28.05,-0.0076325311942959445,-0.0076325311942959445,False
base_signal,1604,2025-04-11,25.2,25.65,24.6,25.5,1392739,25.1,24.477,25.55,-0.021505577299413027,-0.021505577299413027,False
base_signal,1609,2025-04-11,31.0,33.3,29.0,33.25,8938633,29.1,28.855,33.8,0.02077721893491149,0.02077721893491149,False
base_signal,1609,2026-02-06,38.0,38.0,36.7,37.65,7490059,37.05,36.5165,38.3,-0.022821279373368066,-0.022821279373368066,False
base_signal,1612,2025-11-10,38.0,38.1,35.25,35.45,6228412,35.45,35.07375,35.5,-0.03261056338028177,-0.01785704225352123,True
base_signal,1616,2025-11-11,30.9,31.1,30.2,30.3,1784522,30.25,30.049,30.45,-0.040332758620689725,-0.019019129720853824,True
base_signal,1616,2026-03-13,25.75,25.95,25.3,25.5,807254,25.4,25.1735,25.5,-0.07643823529411772,-0.01865392156862742,True
base_signal,1623,2026-02-06,222.0,226.5,215.0,223.5,289946,218.0,213.925,227.0,-0.10496894273127752,-0.06344911894273117,True
base_signal,1623,2026-03-05,211.5,217.5,199.0,203.5,404648,200.0,198.005,206.0,-0.030121844660194165,-0.044660679611650524,True
base_signal,1709,2025-09-02,16.7,16.75,16.6,16.7,307837,16.7,16.517000000000003,16.7,-0.03579011976047906,-0.016808083832335098,True
base_signal,1713,2025-08-12,44.2,45.05,43.5,44.7,560313,44.0,43.2825,45.05,0.16396132075471717,0.16396132075471717,False
base_signal,1736,2025-04-11,165.0,181.5,157.5,179.5,2937581,158.0,156.7125,181.0,-0.033474309392265235,-0.033474309392265235,False
base_signal,1736,2025-05-09,165.5,167.0,155.0,161.0,1354264,157.5,154.225,164.5,-0.10615395136778114,-0.0683120060790274,True
base_signal,1777,2025-07-25,78.3,79.3,78.3,78.7,44457,78.5,77.9085,78.4,-0.06962551020408167,-0.012119132653061283,True
base_signal,1784,2025-07-09,64.6,65.1,63.4,64.7,139884,64.3,63.083,64.7,0.04360904173106652,0.04360904173106652,False
base_signal,1784,2026-03-12,88.9,88.9,85.8,87.3,350954,87.0,85.371,86.0,-0.06398953488372092,-0.013163953488372161,True
base_signal,1785,2025-04-11,46.3,48.6,46.3,48.6,14229051,46.75,46.0685,49.95,0.04319904904904894,0.04319904904904894,False
base_signal,1786,2025-04-11,89.5,91.2,83.5,90.0,2106883,83.9,83.0825,90.5,0.020669337016574606,0.020669337016574606,False
base_signal,1786,2025-11-14,74.6,75.4,72.8,74.4,1328615,74.3,72.43599999999999,75.1,0.07404347536617842,0.07404347536617842,False
base_signal,1799,2025-11-11,35.1,35.5,34.35,35.0,178851,35.0,34.17825,35.6,-0.05219831460674149,-0.04578679775280912,True
base_signal,1815,2025-04-11,22.25,25.25,22.2,25.25,41718136,22.45,22.089,26.1,0.07844118773946365,0.07844118773946365,False
base_signal,1907,2026-03-05,24.25,24.35,23.95,24.15,1256845,24.05,23.83025,23.95,-0.007937682672233805,-0.007937682672233805,False
base_signal,2009,2025-04-11,31.65,33.0,29.6,33.0,3830882,29.9,29.452,33.75,-0.02659074074074084,-0.02659074074074084,False
base_signal,2009,2026-03-09,41.3,41.5,39.9,41.4,2398154,41.15,39.7005,43.15,-0.06842242178447264,-0.06842242178447264,False
base_signal,2012,2025-09-01,17.6,17.6,16.95,17.5,80718,17.5,16.86525,17.1,0.008769883040935643,0.008769883040935643,False
base_signal,2014,2025-04-22,15.35,15.7,15.2,15.55,4734315,15.3,15.123999999999999,16.0,0.012900000000000043,0.012900000000000043,False
base_signal,2020,2026-04-16,23.35,23.4,23.2,23.4,1238226,23.25,23.084,23.4,-0.05926880341880345,-0.019354273504273413,True
base_signal,2024,2026-03-10,14.8,14.85,14.8,14.85,12295,14.85,14.726,15.2,-0.022297368421052656,-0.037034210526315704,True
base_signal,2025,2025-07-11,11.8,12.3,11.8,12.15,91886,12.0,11.741000000000001,12.15,-0.009965226337448653,-0.03951255144032915,True
base_signal,2025,2025-07-15,11.9,11.9,11.6,11.8,61222,11.8,11.542,11.65,0.011317381974248829,-0.015120386266094445,True
base_signal,2025,2025-07-16,11.65,11.75,11.5,11.7,121738,11.6,11.4425,11.45,0.029084497816593967,-0.006505021834060965,True
base_signal,2027,2025-05-09,40.0,40.0,38.5,38.95,31774879,38.7,38.3075,39.0,-0.06482435897435887,-0.023606410256410283,True
base_signal,2049,2025-04-11,180.0,191.0,177.0,191.0,11640947,179.0,176.115,194.0,0.02507783505154628,0.02507783505154628,False
base_signal,2049,2025-11-14,195.0,201.0,194.0,198.5,3457008,196.5,193.03,200.0,-0.04085000000000003,-0.04070000000000005,True
base_signal,2049,2025-11-19,186.5,190.0,185.0,186.5,2437772,186.0,184.075,189.5,0.01525817941952514,-0.03447796833773096,True
base_signal,2059,2026-01-06,3225.0,3310.0,3160.0,3205.0,1251609,3200.0,3144.2,3280.0,0.10390609756097571,0.10390609756097571,False
base_signal,2059,2026-02-03,3160.0,3170.0,3045.0,3105.0,1158091,3050.0,3029.775,3090.0,0.10903673139158579,-0.025340291262135863,True
base_signal,2059,2026-02-04,3090.0,3095.0,3020.0,3075.0,935637,3045.0,3004.9,3110.0,0.09382845659163977,-0.039644212218649534,True
base_signal,2066,2025-11-05,55.5,56.6,54.6,56.3,389053,55.3,54.327,56.6,-0.1701609540636043,-0.046009010600706814,True
base_signal,2067,2025-05-13,8.99,8.99,8.0,8.45,109696,8.19,7.96,8.45,-0.2378026627218934,-0.06383816568047326,True
base_signal,2067,2026-03-06,9.6,9.6,8.9,9.1,300905,9.05,8.855500000000001,8.19,-0.010734004884004757,0.07540763125763142,True
base_signal,2067,2026-03-10,8.65,8.65,8.15,8.2,124658,8.19,8.109250000000001,8.2,-0.03389878048780479,-0.016917073170731524,True
base_signal,2072,2025-11-12,211.97,215.0,207.0,210.5,150437,209.0,205.965,209.42,0.14017234743577514,-0.022347946709960743,True
base_signal,2072,2025-11-13,209.42,212.0,203.0,207.0,301466,207.0,201.98499999999999,207.46,0.11243786272052439,-0.032240629518943555,True
tradable_filter,1210,2025-08-12,54.3,55.0,54.1,54.5,4079916,54.3,53.8295,54.6,-0.03515402930402931,-0.019961721611721585,True
tradable_filter,1231,2025-11-14,93.8,94.9,92.3,94.9,1112668,93.0,91.8385,95.2,0.04457016806722693,0.04457016806722693,False
tradable_filter,1303,2025-06-23,27.15,27.35,26.3,27.1,54667236,26.8,26.1685,27.1,0.04396549815498143,0.04396549815498143,False
tradable_filter,1303,2025-07-11,27.05,27.1,26.25,26.65,18654663,26.3,26.11875,26.6,0.2591875939849623,0.2591875939849623,False
tradable_filter,1305,2025-11-24,10.6,10.6,10.35,10.5,869433,10.4,10.29825,10.65,0.05048802816901401,0.05048802816901401,False
tradable_filter,1307,2025-04-11,34.05,34.7,32.05,34.6,2591978,32.4,31.889749999999996,35.45,0.03646311706629048,0.03646311706629048,False
tradable_filter,1319,2025-06-17,111.0,111.0,107.5,109.5,6208351,109.5,106.9625,110.0,-0.10584999999999997,-0.03346363636363634,True
tradable_filter,1319,2025-06-23,99.0,100.0,97.9,100.0,5145023,98.2,97.4105,101.5,-0.046244088669950646,-0.046140640394088696,True
tradable_filter,1449,2025-11-05,10.55,10.65,10.35,10.55,452489,10.5,10.29825,10.6,-0.06245377358490565,-0.034316981132075465,True
tradable_filter,1476,2025-04-11,332.0,353.5,320.0,353.5,3863975,320.5,318.4,350.5,0.10684614835948639,0.10684614835948639,False
tradable_filter,1477,2025-04-11,250.0,256.5,229.0,256.0,5682496,231.0,227.855,257.5,0.08929563106796126,0.08929563106796126,False
tradable_filter,1477,2026-04-01,234.0,234.0,225.5,228.0,3581878,226.0,224.3725,228.0,-0.06286754385964907,-0.02176008771929825,True
tradable_filter,1503,2025-11-19,164.0,167.0,160.5,162.5,2150596,161.0,159.6975,168.0,-0.017754761904761864,-0.017754761904761864,False
tradable_filter,1519,2025-04-11,321.0,383.5,320.0,383.0,6052169,321.5,318.4,390.5,0.0235994238156211,0.0235994238156211,False
tradable_filter,1522,2026-02-11,45.85,45.9,44.05,44.4,4575867,44.35,43.82975,45.1,-0.11117150776053217,-0.03401518847006666,True
tradable_filter,1522,2026-03-18,35.15,35.15,34.15,34.25,1500349,34.25,33.97925,34.0,-0.05879117647058816,-0.006460294117647015,True
tradable_filter,1528,2025-04-11,11.35,12.25,11.15,12.15,3267143,11.2,11.09425,12.4,-0.021979032258064614,-0.021979032258064614,False
tradable_filter,1536,2025-04-11,48.9,51.5,46.5,51.5,9507255,47.25,46.2675,52.1,0.13618454894433776,0.13618454894433776,False
tradable_filter,1536,2025-11-05,57.1,57.7,56.0,57.1,1278435,56.9,55.72,57.7,-0.03531273830155988,-0.040165424610052104,True
tradable_filter,1569,2026-01-09,51.9,52.0,50.4,51.1,541102,51.0,50.147999999999996,51.1,0.09786819960861051,-0.02448013698630145,True
tradable_filter,1569,2026-01-13,50.1,50.3,48.6,49.9,1484910,49.7,48.357,50.1,0.10991846307385225,0.10991846307385225,False
tradable_filter,1582,2025-04-11,71.3,73.8,69.4,73.7,2409379,70.8,69.05300000000001,75.0,0.03281666666666685,0.03281666666666685,False
tradable_filter,1589,2025-09-12,19.75,20.15,19.5,19.75,915624,19.65,19.4025,19.85,0.17551020151133492,-0.028394080604534057,True
tradable_filter,1609,2025-04-11,31.0,33.3,29.0,33.25,8938633,29.1,28.855,33.8,0.02077721893491149,0.02077721893491149,False
tradable_filter,1609,2026-02-06,38.0,38.0,36.7,37.65,7490059,37.05,36.5165,38.3,-0.022821279373368066,-0.022821279373368066,False
tradable_filter,1612,2025-11-10,38.0,38.1,35.25,35.45,6228412,35.45,35.07375,35.5,-0.03261056338028177,-0.01785704225352123,True
tradable_filter,1616,2025-11-11,30.9,31.1,30.2,30.3,1784522,30.25,30.049,30.45,-0.040332758620689725,-0.019019129720853824,True
tradable_filter,1616,2026-03-13,25.75,25.95,25.3,25.5,807254,25.4,25.1735,25.5,-0.07643823529411772,-0.01865392156862742,True
tradable_filter,1623,2026-02-06,222.0,226.5,215.0,223.5,289946,218.0,213.925,227.0,-0.10496894273127752,-0.06344911894273117,True
tradable_filter,1623,2026-03-05,211.5,217.5,199.0,203.5,404648,200.0,198.005,206.0,-0.030121844660194165,-0.044660679611650524,True
tradable_filter,1713,2025-08-12,44.2,45.05,43.5,44.7,560313,44.0,43.2825,45.05,0.16396132075471717,0.16396132075471717,False
tradable_filter,1736,2025-04-11,165.0,181.5,157.5,179.5,2937581,158.0,156.7125,181.0,-0.033474309392265235,-0.033474309392265235,False
tradable_filter,1736,2025-05-09,165.5,167.0,155.0,161.0,1354264,157.5,154.225,164.5,-0.10615395136778114,-0.0683120060790274,True
tradable_filter,1785,2025-04-11,46.3,48.6,46.3,48.6,14229051,46.75,46.0685,49.95,0.04319904904904894,0.04319904904904894,False
tradable_filter,1786,2025-04-11,89.5,91.2,83.5,90.0,2106883,83.9,83.0825,90.5,0.020669337016574606,0.020669337016574606,False
tradable_filter,1786,2025-11-14,74.6,75.4,72.8,74.4,1328615,74.3,72.43599999999999,75.1,0.07404347536617842,0.07404347536617842,False
tradable_filter,1815,2025-04-11,22.25,25.25,22.2,25.25,41718136,22.45,22.089,26.1,0.07844118773946365,0.07844118773946365,False
tradable_filter,1907,2026-03-05,24.25,24.35,23.95,24.15,1256845,24.05,23.83025,23.95,-0.007937682672233805,-0.007937682672233805,False
tradable_filter,2009,2025-04-11,31.65,33.0,29.6,33.0,3830882,29.9,29.452,33.75,-0.02659074074074084,-0.02659074074074084,False
tradable_filter,2009,2026-03-09,41.3,41.5,39.9,41.4,2398154,41.15,39.7005,43.15,-0.06842242178447264,-0.06842242178447264,False
tradable_filter,2014,2025-04-22,15.35,15.7,15.2,15.55,4734315,15.3,15.123999999999999,16.0,0.012900000000000043,0.012900000000000043,False
tradable_filter,2020,2026-04-16,23.35,23.4,23.2,23.4,1238226,23.25,23.084,23.4,-0.05926880341880345,-0.019354273504273413,True
tradable_filter,2027,2025-05-09,40.0,40.0,38.5,38.95,31774879,38.7,38.3075,39.0,-0.06482435897435887,-0.023606410256410283,True
tradable_filter,2049,2025-04-11,180.0,191.0,177.0,191.0,11640947,179.0,176.115,194.0,0.02507783505154628,0.02507783505154628,False
tradable_filter,2049,2025-11-14,195.0,201.0,194.0,198.5,3457008,196.5,193.03,200.0,-0.04085000000000003,-0.04070000000000005,True
tradable_filter,2049,2025-11-19,186.5,190.0,185.0,186.5,2437772,186.0,184.075,189.5,0.01525817941952514,-0.03447796833773096,True
tradable_filter,2059,2026-01-06,3225.0,3310.0,3160.0,3205.0,1251609,3200.0,3144.2,3280.0,0.10390609756097571,0.10390609756097571,False
tradable_filter,2059,2026-02-03,3160.0,3170.0,3045.0,3105.0,1158091,3050.0,3029.775,3090.0,0.10903673139158579,-0.025340291262135863,True
tradable_filter,2059,2026-02-04,3090.0,3095.0,3020.0,3075.0,935637,3045.0,3004.9,3110.0,0.09382845659163977,-0.039644212218649534,True
tradable_filter,2072,2026-03-30,180.5,185.0,177.5,184.5,693109,180.5,176.6125,184.0,-0.054763043478260866,-0.04599945652173907,True
tradable_filter,2102,2026-03-09,18.7,18.9,18.3,18.5,1106231,18.4,18.2085,18.65,0.010235790884718508,0.010235790884718508,False
tradable_filter,2105,2025-06-17,41.1,41.2,40.1,41.0,12408834,40.6,39.8995,41.0,-0.07048414634146336,-0.032691463414634116,True
tradable_filter,2105,2025-10-21,33.45,33.55,33.0,33.2,6502173,33.05,32.835,33.25,-0.0404364661654135,-0.01833120300751876,True
tradable_filter,2236,2025-10-20,83.1,90.6,82.2,89.3,1607696,83.1,81.789,89.6,-0.0259392857142857,-0.0259392857142857,False
tradable_filter,2241,2025-04-11,21.0,23.25,20.95,22.75,740606,21.15,20.84525,23.1,0.030946536796536604,0.030946536796536604,False
tradable_filter,2241,2026-01-23,35.15,35.15,33.55,34.0,644217,33.75,33.38225,34.0,-0.12790882352941177,-0.024019117647058864,True
tradable_filter,2241,2026-01-26,34.0,34.05,33.3,33.55,502556,33.55,33.1335,33.7,-0.12157700296735904,-0.022660089020771636,True
tradable_filter,2241,2026-01-27,33.7,33.7,33.2,33.55,325463,33.3,33.034000000000006,33.5,-0.10435746268656718,-0.01976044776119388,True
tradable_filter,2258,2026-03-13,32.65,32.85,32.2,32.25,1625647,32.25,32.039,32.25,-0.10662519379844956,-0.012392635658914665,True
tradable_filter,2301,2026-03-09,147.0,150.0,146.0,149.0,21883775,148.0,145.27,155.5,-0.015496302250803874,-0.015496302250803874,False
tradable_filter,2302,2026-03-09,17.5,17.5,16.65,16.9,961729,16.8,16.56675,17.55,0.036885042735042804,0.036885042735042804,False
tradable_filter,2305,2025-11-05,10.1,10.25,10.0,10.25,342369,10.15,9.95,10.3,-0.010704368932038945,-0.010704368932038945,False
tradable_filter,2312,2026-03-09,21.75,22.35,21.55,22.3,15657163,22.05,21.44225,23.45,-0.03570074626865669,-0.03570074626865669,False
tradable_filter,2314,2026-04-10,11.3,13.65,11.3,13.65,2263900,12.45,11.243500000000001,12.3,0.2583776422764227,0.2583776422764227,False
tradable_filter,2316,2025-04-11,31.5,33.4,30.0,33.25,1182165,30.3,29.85,34.0,0.1073852941176471,0.1073852941176471,False
tradable_filter,2316,2025-11-21,90.0,91.3,87.7,89.0,2898414,88.4,87.2615,90.1,0.14842302996670367,0.14842302996670367,False
tradable_filter,2317,2026-03-09,208.0,212.5,206.0,210.5,93407607,210.5,204.97,216.0,-0.09844259259259255,-0.05691481481481484,True
tradable_filter,2317,2026-03-24,198.5,199.5,194.0,195.0,56280296,195.0,193.03,200.0,-0.00585,-0.04070000000000005,True
tradable_filter,2328,2025-04-11,33.95,35.55,33.95,35.2,38114484,34.3,33.78025,37.0,-0.05179594594594603,-0.09287027027027026,True
tradable_filter,2338,2025-04-11,28.85,30.6,28.5,30.35,2504872,28.8,28.357499999999998,31.25,-0.04585000000000004,-0.09841000000000008,True
tradable_filter,2340,2026-03-09,24.25,24.6,24.0,24.55,2242157,24.2,23.88,25.1,0.12562410358565726,0.12562410358565726,False
tradable_filter,2342,2026-03-09,28.6,28.7,27.65,28.65,1376055,28.0,27.51175,29.5,0.04499745762711873,0.04499745762711873,False
tradable_filter,2348,2025-06-09,114.5,115.5,110.5,112.5,3144886,112.5,109.9475,113.0,-0.14036327433628323,-0.03286327433628309,True
tradable_filter,2348,2025-07-21,88.5,89.5,88.2,88.6,466275,88.3,87.759,88.8,0.024555405405405482,-0.01757297297297298,True
tradable_filter,2351,2025-04-11,61.1,66.7,61.1,66.4,2922098,61.7,60.7945,67.3,0.058043016344725105,0.058043016344725105,False
tradable_filter,2352,2026-03-09,23.0,23.3,22.55,23.2,6365334,23.05,22.437250000000002,23.0,0.024584782608695697,0.024584782608695697,False
tradable_filter,2357,2025-11-19,565.0,578.0,562.0,566.0,4407340,563.0,559.1899999999999,581.0,0.05439096385542177,-0.0433887263339072,True
tradable_filter,2357,2025-11-21,559.0,583.0,557.0,573.0,5705448,562.0,554.215,580.0,0.04415000000000004,0.04415000000000004,False
tradable_filter,2359,2025-04-11,111.0,112.5,105.0,111.0,5070714,106.0,104.475,116.0,0.020012068965517348,0.020012068965517348,False
tradable_filter,2363,2025-04-11,41.5,45.75,39.2,45.75,9838403,39.3,39.004000000000005,48.0,-0.003766666666666563,-0.003766666666666563,False
tradable_filter,2363,2026-03-09,45.75,47.4,45.65,47.0,3900735,46.05,45.421749999999996,49.5,-0.013930808080808023,-0.013930808080808023,False
tradable_filter,2364,2025-08-29,78.6,78.8,77.0,77.5,623335,77.5,76.615,78.0,0.0467141025641026,-0.023606410256410283,True
tradable_filter,2365,2025-04-11,27.9,29.75,27.1,29.7,4172521,27.4,26.9645,30.45,0.018780541871921262,0.018780541871921262,False
tradable_filter,2367,2025-11-21,23.6,23.65,22.95,23.05,4128537,23.05,22.83525,23.2,0.0372534482758621,0.0372534482758621,False
tradable_filter,2371,2025-12-18,30.25,30.85,30.0,30.75,30329201,30.2,29.85,30.55,-0.023853273322422243,-0.023853273322422243,False
tradable_filter,2374,2025-04-11,38.5,41.3,37.25,41.0,6339098,37.6,37.06375,42.6,0.029361267605633755,0.029361267605633755,False
tradable_filter,2374,2025-11-21,78.2,79.2,76.1,76.5,7430408,76.3,75.7195,77.2,0.04984948186528495,-0.02502746113989649,True
tradable_filter,2375,2026-03-24,78.9,79.6,75.6,76.9,695325,76.8,75.222,78.8,-0.017271319796954156,-0.0512560913705584,True
tradable_filter,2376,2025-04-11,180.5,202.0,180.0,202.0,9951231,181.0,179.1,215.0,0.0685686046511628,0.0685686046511628,False
tradable_filter,2376,2025-11-21,240.5,243.5,238.5,239.5,5428212,239.5,237.3075,246.0,-0.013980081300813053,-0.013980081300813053,False
tradable_filter,2376,2026-03-09,209.5,215.0,206.5,215.0,7607786,214.0,205.4675,221.0,0.04618619909502266,0.04618619909502266,False
tradable_filter,2377,2025-04-11,122.5,128.0,122.0,127.0,16014651,123.5,121.39,133.5,0.016621910112359604,0.016621910112359604,False
tradable_filter,2377,2025-08-26,135.0,136.0,132.5,134.5,5144793,133.5,131.8375,136.5,-0.05713205128205132,-0.04000750915750915,True
tradable_filter,2377,2025-11-05,102.5,103.5,101.0,103.5,8919286,103.5,100.495,104.5,-0.034558133971291906,-0.034558133971291906,False
tradable_filter,2377,2026-02-02,89.0,92.9,89.0,90.8,9429238,90.0,88.55499999999999,91.3,0.0040076122672509035,-0.0359157174151151,True
tradable_filter,2387,2025-06-25,45.95,46.3,45.9,46.1,858056,45.95,45.6705,45.4,-0.004748678414096741,0.00010814977973563292,True
tradable_filter,2388,2025-04-11,58.5,65.6,58.0,65.6,5876358,58.1,57.71,67.5,0.046001851851851815,0.046001851851851815,False
tradable_filter,2393,2025-08-06,68.2,68.8,67.7,68.4,2039449,68.1,67.3615,69.0,-0.026139855072463837,-0.029596376811594084,True
tradable_filter,2393,2025-11-24,51.5,51.9,50.2,50.6,2723549,50.5,49.949000000000005,51.0,-0.003889215686274517,-0.003889215686274517,False
tradable_filter,2402,2025-04-11,30.75,32.6,28.5,32.5,3438025,28.65,28.357499999999998,33.2,0.049872891566264864,0.049872891566264864,False
tradable_next_close_confirm,1210,2025-08-12,54.3,55.0,54.1,54.5,4079916,54.3,53.8295,54.5,-0.022363761467889855,-0.018152752293577913,True
tradable_next_close_confirm,1231,2025-11-14,93.8,94.9,92.3,94.9,1112668,93.0,91.8385,97.0,0.023015979381443195,0.023015979381443195,False
tradable_next_close_confirm,1303,2025-06-23,27.15,27.35,26.3,27.1,54667236,26.8,26.1685,27.85,0.0013313285457809071,0.0013313285457809071,False
tradable_next_close_confirm,1303,2025-07-11,27.05,27.1,26.25,26.65,18654663,26.3,26.11875,27.35,0.34698363802559407,0.34698363802559407,False
tradable_next_close_confirm,1305,2025-11-24,10.6,10.6,10.35,10.5,869433,10.4,10.29825,10.4,0.09511153846153833,0.09511153846153833,False
tradable_next_close_confirm,1307,2025-04-11,34.05,34.7,32.05,34.6,2591978,32.4,31.889749999999996,35.85,0.020649302649930056,0.020649302649930056,False
tradable_next_close_confirm,1319,2025-06-23,99.0,100.0,97.9,100.0,5145023,98.2,97.4105,100.5,-0.07351169154228851,-0.036591293532338344,True
tradable_next_close_confirm,1476,2025-04-11,332.0,353.5,320.0,353.5,3863975,320.5,318.4,370.0,0.048204054054053945,0.048204054054053945,False
tradable_next_close_confirm,1477,2025-04-11,250.0,256.5,229.0,256.0,5682496,231.0,227.855,272.0,0.03642941176470584,0.03642941176470584,False
tradable_next_close_confirm,1503,2025-11-19,164.0,167.0,160.5,162.5,2150596,161.0,159.6975,164.5,0.0032685410334346793,0.0032685410334346793,False
tradable_next_close_confirm,1519,2025-04-11,321.0,383.5,320.0,383.0,6052169,321.5,318.4,393.0,0.02595661577608146,0.02595661577608146,False
tradable_next_close_confirm,1528,2025-04-11,11.35,12.25,11.15,12.15,3267143,11.2,11.09425,12.45,-0.013882128514056215,-0.013882128514056215,False
tradable_next_close_confirm,1536,2025-04-11,48.9,51.5,46.5,51.5,9507255,47.25,46.2675,55.4,0.06274205776173294,0.06274205776173294,False
tradable_next_close_confirm,1536,2025-11-05,57.1,57.7,56.0,57.1,1278435,56.9,55.72,57.8,-0.01104031141868509,-0.04183615916955017,True
tradable_next_close_confirm,1569,2026-01-13,50.1,50.3,48.6,49.9,1484910,49.7,48.357,50.6,0.08901166007905129,0.08901166007905129,False
tradable_next_close_confirm,1582,2025-04-11,71.3,73.8,69.4,73.7,2409379,70.8,69.05300000000001,77.0,0.026617532467532533,0.026617532467532533,False
tradable_next_close_confirm,1609,2025-04-11,31.0,33.3,29.0,33.25,8938633,29.1,28.855,33.8,0.032611538461538546,0.032611538461538546,False
tradable_next_close_confirm,1609,2026-02-06,38.0,38.0,36.7,37.65,7490059,37.05,36.5165,37.95,0.0046901844532277965,0.0046901844532277965,False
tradable_next_close_confirm,1612,2025-11-10,38.0,38.1,35.25,35.45,6228412,35.45,35.07375,36.2,-0.04038038674033149,-0.03696187845303887,True
tradable_next_close_confirm,1616,2025-11-11,30.9,31.1,30.2,30.3,1784522,30.25,30.049,31.0,-0.03649516129032258,-0.0365274193548387,True
tradable_next_close_confirm,1623,2026-03-05,211.5,217.5,199.0,203.5,404648,200.0,198.005,190.0,0.04678157894736836,0.03628157894736841,True
tradable_next_close_confirm,1713,2025-08-12,44.2,45.05,43.5,44.7,560313,44.0,43.2825,45.8,0.1600888646288209,0.1600888646288209,False
tradable_next_close_confirm,1736,2025-04-11,165.0,181.5,157.5,179.5,2937581,158.0,156.7125,181.0,-0.044524033149171284,-0.044524033149171284,False
tradable_next_close_confirm,1736,2025-05-09,165.5,167.0,155.0,161.0,1354264,157.5,154.225,169.5,-0.13269365781710915,-0.09596799410029497,True
tradable_next_close_confirm,1785,2025-04-11,46.3,48.6,46.3,48.6,14229051,46.75,46.0685,49.95,0.05120705705705699,0.05120705705705699,False
tradable_next_close_confirm,1786,2025-04-11,89.5,91.2,83.5,90.0,2106883,83.9,83.0825,92.0,0.013715217391304345,0.013715217391304345,False
tradable_next_close_confirm,1786,2025-11-14,74.6,75.4,72.8,74.4,1328615,74.3,72.43599999999999,77.9,0.027526123234916565,0.027526123234916565,False
tradable_next_close_confirm,1815,2025-04-11,22.25,25.25,22.2,25.25,41718136,22.45,22.089,26.6,0.05430037593984962,0.05430037593984962,False
tradable_next_close_confirm,1907,2026-03-05,24.25,24.35,23.95,24.15,1256845,24.05,23.83025,23.9,-0.001665899581590003,-0.001665899581590003,False
tradable_next_close_confirm,2009,2025-04-11,31.65,33.0,29.6,33.0,3830882,29.9,29.452,34.6,-0.041977167630057856,-0.041977167630057856,False
tradable_next_close_confirm,2009,2026-03-09,41.3,41.5,39.9,41.4,2398154,41.15,39.7005,43.6,-0.08153807339449545,-0.08153807339449545,False
tradable_next_close_confirm,2014,2025-04-22,15.35,15.7,15.2,15.55,4734315,15.3,15.123999999999999,16.3,0.00028496932515333865,0.00028496932515333865,False
tradable_next_close_confirm,2027,2025-05-09,40.0,40.0,38.5,38.95,31774879,38.7,38.3075,39.95,-0.08344699624530669,-0.04696389236545693,True
tradable_next_close_confirm,2049,2025-04-11,180.0,191.0,177.0,191.0,11640947,179.0,176.115,198.0,0.016877272727272706,0.016877272727272706,False
tradable_next_close_confirm,2049,2025-11-19,186.5,190.0,185.0,186.5,2437772,186.0,184.075,184.5,0.05648062330623307,-0.008153523035230405,True
tradable_next_close_confirm,2059,2026-01-06,3225.0,3310.0,3160.0,3205.0,1251609,3200.0,3144.2,3265.0,0.07225107197549777,0.07225107197549777,False
tradable_next_close_confirm,2059,2026-02-03,3160.0,3170.0,3045.0,3105.0,1158091,3050.0,3029.775,3110.0,0.09382845659163977,-0.031645819935691245,True
tradable_next_close_confirm,2072,2026-03-30,180.5,185.0,177.5,184.5,693109,180.5,176.6125,186.0,-0.011226344086021502,-0.05632043010752683,True
tradable_next_close_confirm,2102,2026-03-09,18.7,18.9,18.3,18.5,1106231,18.4,18.2085,18.5,0.02387972972972987,0.02387972972972987,False
tradable_next_close_confirm,2105,2025-10-21,33.45,33.55,33.0,33.2,6502173,33.05,32.835,33.35,-0.03883350824587715,-0.021292278860569704,True
tradable_next_close_confirm,2236,2025-10-20,83.1,90.6,82.2,89.3,1607696,83.1,81.789,92.0,-0.04715434782608694,-0.04715434782608694,False
tradable_next_close_confirm,2241,2025-04-11,21.0,23.25,20.95,22.75,740606,21.15,20.84525,23.25,0.052214516129032294,0.052214516129032294,False
tradable_next_close_confirm,2241,2026-01-26,34.0,34.05,33.3,33.55,502556,33.55,33.1335,33.5,-0.10435746268656718,-0.0167902985074627,True
tradable_next_close_confirm,2301,2026-03-09,147.0,150.0,146.0,149.0,21883775,148.0,145.27,157.5,-0.03442142857142858,-0.03442142857142858,False
tradable_next_close_confirm,2302,2026-03-09,17.5,17.5,16.65,16.9,961729,16.8,16.56675,17.8,0.027857865168539185,0.027857865168539185,False
tradable_next_close_confirm,2305,2025-11-05,10.1,10.25,10.0,10.25,342369,10.15,9.95,10.25,0.0039060975609756183,0.0039060975609756183,False
tradable_next_close_confirm,2312,2026-03-09,21.75,22.35,21.55,22.3,15657163,22.05,21.44225,23.6,-0.05457881355932213,-0.05457881355932213,False
tradable_next_close_confirm,2314,2026-04-10,11.3,13.65,11.3,13.65,2263900,12.45,11.243500000000001,13.95,0.037160752688172226,0.037160752688172226,False
tradable_next_close_confirm,2316,2025-04-11,31.5,33.4,30.0,33.25,1182165,30.3,29.85,34.0,0.11032647058823533,0.11032647058823533,False
tradable_next_close_confirm,2316,2025-11-21,90.0,91.3,87.7,89.0,2898414,88.4,87.2615,90.4,0.1777783185840708,0.1777783185840708,False
tradable_next_close_confirm,2317,2026-03-24,198.5,199.5,194.0,195.0,56280296,195.0,193.03,202.5,-0.01572654320987652,-0.05261543209876538,True
tradable_next_close_confirm,2328,2025-04-11,33.95,35.55,33.95,35.2,38114484,34.3,33.78025,37.65,-0.05233074369189903,-0.1086322045152722,True
tradable_next_close_confirm,2338,2025-04-11,28.85,30.6,28.5,30.35,2504872,28.8,28.357499999999998,31.45,-0.020158426073131987,-0.10418068362480135,True
tradable_next_close_confirm,2340,2026-03-09,24.25,24.6,24.0,24.55,2242157,24.2,23.88,24.8,0.12721451612903226,0.12721451612903226,False
tradable_next_close_confirm,2342,2026-03-09,28.6,28.7,27.65,28.65,1376055,28.0,27.51175,30.2,0.0239513245033113,0.0239513245033113,False
tradable_next_close_confirm,2348,2025-06-09,114.5,115.5,110.5,112.5,3144886,112.5,109.9475,116.5,-0.15692296137339054,-0.06209463519313305,True
tradable_next_close_confirm,2351,2025-04-11,61.1,66.7,61.1,66.4,2922098,61.7,60.7945,69.7,0.03575688665710177,0.03575688665710177,False
tradable_next_close_confirm,2357,2025-11-19,565.0,578.0,562.0,566.0,4407340,563.0,559.1899999999999,559.0,0.08001762075134158,-0.005510107334526149,True
tradable_next_close_confirm,2357,2025-11-21,559.0,583.0,557.0,573.0,5705448,562.0,554.215,589.0,0.016221307300509434,0.016221307300509434,False
tradable_next_close_confirm,2359,2025-04-11,111.0,112.5,105.0,111.0,5070714,106.0,104.475,118.0,-0.0016127118644067911,-0.0016127118644067911,False
tradable_next_close_confirm,2363,2025-04-11,41.5,45.75,39.2,45.75,9838403,39.3,39.004000000000005,47.0,0.03670319148936176,0.03670319148936176,False
tradable_next_close_confirm,2363,2026-03-09,45.75,47.4,45.65,47.0,3900735,46.05,45.421749999999996,50.7,-0.04135295857988173,-0.04135295857988173,False
tradable_next_close_confirm,2365,2025-04-11,27.9,29.75,27.1,29.7,4172521,27.4,26.9645,30.8,0.02824090909090917,0.02824090909090917,False
tradable_next_close_confirm,2371,2025-12-18,30.25,30.85,30.0,30.75,30329201,30.2,29.85,31.45,-0.032877027027026974,-0.05672440381558017,True
tradable_next_close_confirm,2374,2025-04-11,38.5,41.3,37.25,41.0,6339098,37.6,37.06375,41.8,0.06233181818181812,0.06233181818181812,False
tradable_next_close_confirm,2375,2026-03-24,78.9,79.6,75.6,76.9,695325,76.8,75.222,78.8,-0.017271319796954156,-0.0512560913705584,True
tradable_next_close_confirm,2376,2025-04-11,180.5,202.0,180.0,202.0,9951231,181.0,179.1,213.5,0.07377529274004693,0.07377529274004693,False
tradable_next_close_confirm,2376,2025-11-21,240.5,243.5,238.5,239.5,5428212,239.5,237.3075,246.5,-0.00787839756592288,-0.00787839756592288,False
tradable_next_close_confirm,2376,2026-03-09,209.5,215.0,206.5,215.0,7607786,214.0,205.4675,223.0,0.047961659192825044,0.047961659192825044,False
tradable_next_close_confirm,2377,2025-04-11,122.5,128.0,122.0,127.0,16014651,123.5,121.39,134.0,0.027732089552238735,0.027732089552238735,False
tradable_next_close_confirm,2377,2025-08-26,135.0,136.0,132.5,134.5,5144793,133.5,131.8375,137.0,-0.07884270072992702,-0.04353248175182476,True
tradable_next_close_confirm,2377,2025-11-05,102.5,103.5,101.0,103.5,8919286,103.5,100.495,106.5,-0.03871384976525825,-0.03871384976525825,False
tradable_next_close_confirm,2377,2026-02-02,89.0,92.9,89.0,90.8,9429238,90.0,88.55499999999999,89.5,0.04778128491620106,-0.016408659217877132,True
tradable_next_close_confirm,2388,2025-04-11,58.5,65.6,58.0,65.6,5876358,58.1,57.71,69.0,0.043425362318840664,0.043425362318840664,False
tradable_next_close_confirm,2393,2025-11-24,51.5,51.9,50.2,50.6,2723549,50.5,49.949000000000005,51.2,-0.019521875,-0.019521875,False
tradable_next_close_confirm,2402,2025-04-11,30.75,32.6,28.5,32.5,3438025,28.65,28.357499999999998,34.2,0.04239561403508776,0.04239561403508776,False
tradable_next_close_confirm,2402,2026-03-09,45.9,47.7,45.9,47.2,7777446,47.1,45.6705,50.3,0.010054572564612306,0.010054572564612306,False
tradable_next_close_confirm,2404,2025-11-12,746.0,752.0,726.0,747.0,2476751,740.0,722.37,826.0,-0.0482228813559322,-0.0482228813559322,False
tradable_next_close_confirm,2405,2026-03-09,14.4,14.85,14.25,14.85,1807318,14.55,14.178749999999999,15.0,0.11748333333333352,0.11748333333333352,False
tradable_next_close_confirm,2409,2025-11-05,11.55,12.0,11.4,11.8,56868217,11.65,11.343,11.85,-0.06492172995780585,-0.04863481012658231,True
tradable_next_close_confirm,2419,2025-04-11,19.25,20.2,18.05,20.2,1294672,18.25,17.95975,20.75,0.030294578313253016,0.030294578313253016,False
tradable_next_close_confirm,2427,2026-03-10,24.95,25.1,24.05,24.2,2238784,24.1,23.929750000000002,24.4,-0.02839098360655721,-0.025122540983606424,True
tradable_next_close_confirm,2429,2026-02-06,56.4,57.9,54.2,57.0,547909,56.4,53.929,56.2,-0.08236245551601426,-0.046259252669039165,True
tradable_next_close_confirm,2431,2025-04-11,10.9,11.05,10.65,10.95,3462842,10.95,10.59675,11.25,0.02526111111111109,-0.0639166666666667,True
tradable_next_close_confirm,2436,2025-04-11,37.1,41.6,37.1,41.4,1009421,37.45,36.914500000000004,42.6,0.068093661971831,0.068093661971831,False
tradable_next_close_confirm,2451,2025-07-16,91.8,92.4,90.7,91.5,2606997,90.8,90.2465,92.9,0.012449246501614518,-0.03441297093649096,True
tradable_next_close_confirm,2455,2025-04-11,83.5,90.0,83.5,88.2,14151120,84.3,83.0825,99.0,-0.009890404040404067,-0.009890404040404067,False
tradable_next_close_confirm,2457,2025-04-11,20.15,24.0,20.15,24.0,3788613,20.35,20.049249999999997,24.4,0.03103524590163933,0.03103524590163933,False
tradable_next_close_confirm,2457,2025-06-23,20.2,20.35,19.85,20.3,1330090,20.15,19.75075,21.2,-0.06952924528301871,-0.07421084905660377,True
tradable_next_close_confirm,2458,2025-04-11,107.0,110.0,100.5,110.0,4990779,101.5,99.9975,115.0,0.07675869565217389,0.07675869565217389,False
tradable_next_close_confirm,2464,2025-04-11,48.4,53.5,47.0,53.4,3848029,47.45,46.765,55.0,0.05051363636363639,0.05051363636363639,False
tradable_next_close_confirm,2465,2025-11-19,51.0,52.5,50.9,52.5,493084,51.5,50.6455,52.0,0.09030384615384626,0.09030384615384626,False
tradable_next_close_confirm,2468,2025-07-28,54.3,55.4,53.5,55.4,2397910,54.1,53.2325,54.8,-0.004025182481751744,-0.03445401459854012,True
tradable_next_close_confirm,2471,2025-08-13,50.9,51.4,50.4,50.9,311244,50.5,50.147999999999996,51.2,-0.0019437500000000002,-0.026396875000000077,True
tradable_next_close_confirm,2476,2025-04-11,63.6,67.0,59.7,66.9,3009569,60.0,59.401500000000006,68.1,0.020581718061674213,0.020581718061674213,False
tradable_next_close_confirm,2481,2025-04-11,38.4,40.4,38.25,40.2,4674567,38.65,38.058749999999996,42.7,0.04215936768149877,0.04215936768149877,False
tradable_next_close_confirm,2484,2025-11-10,20.75,20.9,20.5,20.8,342984,20.65,20.3975,20.7,-0.03483550724637672,-0.02046352657004822,True
tradable_next_close_confirm,2486,2025-04-11,66.8,72.0,65.9,72.0,14111436,66.6,65.57050000000001,75.3,0.015398339973439777,-0.1350598273572375,True
tradable_next_close_confirm,2495,2025-04-11,20.6,22.15,20.1,22.1,1454921,20.2,19.9995,23.05,0.039703145336225674,0.039703145336225674,False
tradable_next_close_confirm,2498,2026-03-09,40.1,40.4,39.25,40.4,8283547,40.0,39.05375,42.55,-0.057553877790834186,-0.057553877790834186,False
tradable_close_pos_ge_0_7,1231,2025-11-14,93.8,94.9,92.3,94.9,1112668,93.0,91.8385,95.2,0.04457016806722693,0.04457016806722693,False
tradable_close_pos_ge_0_7,1303,2025-06-23,27.15,27.35,26.3,27.1,54667236,26.8,26.1685,27.1,0.04396549815498143,0.04396549815498143,False
tradable_close_pos_ge_0_7,1307,2025-04-11,34.05,34.7,32.05,34.6,2591978,32.4,31.889749999999996,35.45,0.03646311706629048,0.03646311706629048,False
tradable_close_pos_ge_0_7,1319,2025-06-23,99.0,100.0,97.9,100.0,5145023,98.2,97.4105,101.5,-0.046244088669950646,-0.046140640394088696,True
tradable_close_pos_ge_0_7,1476,2025-04-11,332.0,353.5,320.0,353.5,3863975,320.5,318.4,350.5,0.10684614835948639,0.10684614835948639,False
tradable_close_pos_ge_0_7,1477,2025-04-11,250.0,256.5,229.0,256.0,5682496,231.0,227.855,257.5,0.08929563106796126,0.08929563106796126,False
tradable_close_pos_ge_0_7,1519,2025-04-11,321.0,383.5,320.0,383.0,6052169,321.5,318.4,390.5,0.0235994238156211,0.0235994238156211,False
tradable_close_pos_ge_0_7,1528,2025-04-11,11.35,12.25,11.15,12.15,3267143,11.2,11.09425,12.4,-0.021979032258064614,-0.021979032258064614,False
tradable_close_pos_ge_0_7,1536,2025-04-11,48.9,51.5,46.5,51.5,9507255,47.25,46.2675,52.1,0.13618454894433776,0.13618454894433776,False
tradable_close_pos_ge_0_7,1569,2026-01-13,50.1,50.3,48.6,49.9,1484910,49.7,48.357,50.1,0.10991846307385225,0.10991846307385225,False
tradable_close_pos_ge_0_7,1582,2025-04-11,71.3,73.8,69.4,73.7,2409379,70.8,69.05300000000001,75.0,0.03281666666666685,0.03281666666666685,False
tradable_close_pos_ge_0_7,1609,2025-04-11,31.0,33.3,29.0,33.25,8938633,29.1,28.855,33.8,0.02077721893491149,0.02077721893491149,False
tradable_close_pos_ge_0_7,1609,2026-02-06,38.0,38.0,36.7,37.65,7490059,37.05,36.5165,38.3,-0.022821279373368066,-0.022821279373368066,False
tradable_close_pos_ge_0_7,1623,2026-02-06,222.0,226.5,215.0,223.5,289946,218.0,213.925,227.0,-0.10496894273127752,-0.06344911894273117,True
tradable_close_pos_ge_0_7,1713,2025-08-12,44.2,45.05,43.5,44.7,560313,44.0,43.2825,45.05,0.16396132075471717,0.16396132075471717,False
tradable_close_pos_ge_0_7,1736,2025-04-11,165.0,181.5,157.5,179.5,2937581,158.0,156.7125,181.0,-0.033474309392265235,-0.033474309392265235,False
tradable_close_pos_ge_0_7,1785,2025-04-11,46.3,48.6,46.3,48.6,14229051,46.75,46.0685,49.95,0.04319904904904894,0.04319904904904894,False
tradable_close_pos_ge_0_7,1786,2025-04-11,89.5,91.2,83.5,90.0,2106883,83.9,83.0825,90.5,0.020669337016574606,0.020669337016574606,False
tradable_close_pos_ge_0_7,1815,2025-04-11,22.25,25.25,22.2,25.25,41718136,22.45,22.089,26.1,0.07844118773946365,0.07844118773946365,False
tradable_close_pos_ge_0_7,2009,2025-04-11,31.65,33.0,29.6,33.0,3830882,29.9,29.452,33.75,-0.02659074074074084,-0.02659074074074084,False
tradable_close_pos_ge_0_7,2009,2026-03-09,41.3,41.5,39.9,41.4,2398154,41.15,39.7005,43.15,-0.06842242178447264,-0.06842242178447264,False
tradable_close_pos_ge_0_7,2014,2025-04-22,15.35,15.7,15.2,15.55,4734315,15.3,15.123999999999999,16.0,0.012900000000000043,0.012900000000000043,False
tradable_close_pos_ge_0_7,2020,2026-04-16,23.35,23.4,23.2,23.4,1238226,23.25,23.084,23.4,-0.05926880341880345,-0.019354273504273413,True
tradable_close_pos_ge_0_7,2049,2025-04-11,180.0,191.0,177.0,191.0,11640947,179.0,176.115,194.0,0.02507783505154628,0.02507783505154628,False
tradable_close_pos_ge_0_7,2059,2026-02-04,3090.0,3095.0,3020.0,3075.0,935637,3045.0,3004.9,3110.0,0.09382845659163977,-0.039644212218649534,True
tradable_close_pos_ge_0_7,2072,2026-03-30,180.5,185.0,177.5,184.5,693109,180.5,176.6125,184.0,-0.054763043478260866,-0.04599945652173907,True
tradable_close_pos_ge_0_7,2105,2025-06-17,41.1,41.2,40.1,41.0,12408834,40.6,39.8995,41.0,-0.07048414634146336,-0.032691463414634116,True
tradable_close_pos_ge_0_7,2236,2025-10-20,83.1,90.6,82.2,89.3,1607696,83.1,81.789,89.6,-0.0259392857142857,-0.0259392857142857,False
tradable_close_pos_ge_0_7,2241,2025-04-11,21.0,23.25,20.95,22.75,740606,21.15,20.84525,23.1,0.030946536796536604,0.030946536796536604,False
tradable_close_pos_ge_0_7,2301,2026-03-09,147.0,150.0,146.0,149.0,21883775,148.0,145.27,155.5,-0.015496302250803874,-0.015496302250803874,False
tradable_close_pos_ge_0_7,2305,2025-11-05,10.1,10.25,10.0,10.25,342369,10.15,9.95,10.3,-0.010704368932038945,-0.010704368932038945,False
tradable_close_pos_ge_0_7,2312,2026-03-09,21.75,22.35,21.55,22.3,15657163,22.05,21.44225,23.45,-0.03570074626865669,-0.03570074626865669,False
tradable_close_pos_ge_0_7,2314,2026-04-10,11.3,13.65,11.3,13.65,2263900,12.45,11.243500000000001,12.3,0.2583776422764227,0.2583776422764227,False
tradable_close_pos_ge_0_7,2316,2025-04-11,31.5,33.4,30.0,33.25,1182165,30.3,29.85,34.0,0.1073852941176471,0.1073852941176471,False
tradable_close_pos_ge_0_7,2328,2025-04-11,33.95,35.55,33.95,35.2,38114484,34.3,33.78025,37.0,-0.05179594594594603,-0.09287027027027026,True
tradable_close_pos_ge_0_7,2338,2025-04-11,28.85,30.6,28.5,30.35,2504872,28.8,28.357499999999998,31.25,-0.04585000000000004,-0.09841000000000008,True
tradable_close_pos_ge_0_7,2340,2026-03-09,24.25,24.6,24.0,24.55,2242157,24.2,23.88,25.1,0.12562410358565726,0.12562410358565726,False
tradable_close_pos_ge_0_7,2342,2026-03-09,28.6,28.7,27.65,28.65,1376055,28.0,27.51175,29.5,0.04499745762711873,0.04499745762711873,False
tradable_close_pos_ge_0_7,2351,2025-04-11,61.1,66.7,61.1,66.4,2922098,61.7,60.7945,67.3,0.058043016344725105,0.058043016344725105,False
tradable_close_pos_ge_0_7,2352,2026-03-09,23.0,23.3,22.55,23.2,6365334,23.05,22.437250000000002,23.0,0.024584782608695697,0.024584782608695697,False
tradable_close_pos_ge_0_7,2359,2025-04-11,111.0,112.5,105.0,111.0,5070714,106.0,104.475,116.0,0.020012068965517348,0.020012068965517348,False
tradable_close_pos_ge_0_7,2363,2025-04-11,41.5,45.75,39.2,45.75,9838403,39.3,39.004000000000005,48.0,-0.003766666666666563,-0.003766666666666563,False
tradable_close_pos_ge_0_7,2363,2026-03-09,45.75,47.4,45.65,47.0,3900735,46.05,45.421749999999996,49.5,-0.013930808080808023,-0.013930808080808023,False
tradable_close_pos_ge_0_7,2365,2025-04-11,27.9,29.75,27.1,29.7,4172521,27.4,26.9645,30.45,0.018780541871921262,0.018780541871921262,False
tradable_close_pos_ge_0_7,2371,2025-12-18,30.25,30.85,30.0,30.75,30329201,30.2,29.85,30.55,-0.023853273322422243,-0.023853273322422243,False
tradable_close_pos_ge_0_7,2374,2025-04-11,38.5,41.3,37.25,41.0,6339098,37.6,37.06375,42.6,0.029361267605633755,0.029361267605633755,False
tradable_close_pos_ge_0_7,2376,2025-04-11,180.5,202.0,180.0,202.0,9951231,181.0,179.1,215.0,0.0685686046511628,0.0685686046511628,False
tradable_close_pos_ge_0_7,2376,2026-03-09,209.5,215.0,206.5,215.0,7607786,214.0,205.4675,221.0,0.04618619909502266,0.04618619909502266,False
tradable_close_pos_ge_0_7,2377,2025-04-11,122.5,128.0,122.0,127.0,16014651,123.5,121.39,133.5,0.016621910112359604,0.016621910112359604,False
tradable_close_pos_ge_0_7,2377,2025-11-05,102.5,103.5,101.0,103.5,8919286,103.5,100.495,104.5,-0.034558133971291906,-0.034558133971291906,False
tradable_close_pos_ge_0_7,2388,2025-04-11,58.5,65.6,58.0,65.6,5876358,58.1,57.71,67.5,0.046001851851851815,0.046001851851851815,False
tradable_close_pos_ge_0_7,2402,2025-04-11,30.75,32.6,28.5,32.5,3438025,28.65,28.357499999999998,33.2,0.049872891566264864,0.049872891566264864,False
tradable_close_pos_ge_0_7,2402,2026-03-09,45.9,47.7,45.9,47.2,7777446,47.1,45.6705,48.5,0.01683041237113394,0.01683041237113394,False
tradable_close_pos_ge_0_7,2404,2025-11-12,746.0,752.0,726.0,747.0,2476751,740.0,722.37,784.0,0.01328265306122458,0.01328265306122458,False
tradable_close_pos_ge_0_7,2405,2026-03-09,14.4,14.85,14.25,14.85,1807318,14.55,14.178749999999999,15.15,0.007351320132013139,0.007351320132013139,False
tradable_close_pos_ge_0_7,2419,2025-04-11,19.25,20.2,18.05,20.2,1294672,18.25,17.95975,20.9,-0.0034576555023922767,-0.0034576555023922767,False
tradable_close_pos_ge_0_7,2429,2026-02-06,56.4,57.9,54.2,57.0,547909,56.4,53.929,57.3,-0.10707164048865611,-0.06468071553228613,True
tradable_close_pos_ge_0_7,2431,2025-04-11,10.9,11.05,10.65,10.95,3462842,10.95,10.59675,11.2,-0.019242857142856985,-0.05971160714285704,True
tradable_close_pos_ge_0_7,2436,2025-04-11,37.1,41.6,37.1,41.4,1009421,37.45,36.914500000000004,43.45,0.029823187571921615,0.029823187571921615,False
tradable_close_pos_ge_0_7,2455,2025-04-11,83.5,90.0,83.5,88.2,14151120,84.3,83.0825,97.0,-0.022344845360824685,-0.022344845360824685,False
tradable_close_pos_ge_0_7,2457,2025-04-11,20.15,24.0,20.15,24.0,3788613,20.35,20.049249999999997,24.6,0.00024756097560976135,0.00024756097560976135,False
tradable_close_pos_ge_0_7,2457,2025-06-23,20.2,20.35,19.85,20.3,1330090,20.15,19.75075,20.5,-0.025362195121951127,-0.025362195121951127,False
tradable_close_pos_ge_0_7,2458,2025-04-11,107.0,110.0,100.5,110.0,4990779,101.5,99.9975,115.0,0.06806304347826089,0.06806304347826089,False
tradable_close_pos_ge_0_7,2464,2025-04-11,48.4,53.5,47.0,53.4,3848029,47.45,46.765,55.3,0.055632820976491935,0.055632820976491935,False
tradable_close_pos_ge_0_7,2465,2025-11-19,51.0,52.5,50.9,52.5,493084,51.5,50.6455,52.8,0.07369545454545459,0.07369545454545459,False
tradable_close_pos_ge_0_7,2468,2025-07-28,54.3,55.4,53.5,55.4,2397910,54.1,53.2325,55.0,-0.02039545454545453,-0.03798636363636363,True
tradable_close_pos_ge_0_7,2476,2025-04-11,63.6,67.0,59.7,66.9,3009569,60.0,59.401500000000006,68.6,-0.010223177842565524,-0.010223177842565524,False
tradable_close_pos_ge_0_7,2481,2025-04-11,38.4,40.4,38.25,40.2,4674567,38.65,38.058749999999996,40.8,0.08973823529411776,0.08973823529411776,False
tradable_close_pos_ge_0_7,2484,2025-11-10,20.75,20.9,20.5,20.8,342984,20.65,20.3975,20.65,-0.05185484261501203,-0.018077602905568903,True
tradable_close_pos_ge_0_7,2486,2025-04-11,66.8,72.0,65.9,72.0,14111436,66.6,65.57050000000001,74.0,-0.00585,-0.11976216216216204,True
tradable_close_pos_ge_0_7,2495,2025-04-11,20.6,22.15,20.1,22.1,1454921,20.2,19.9995,22.35,0.05902695749440703,0.05902695749440703,False
tradable_close_pos_ge_0_7,2498,2026-03-09,40.1,40.4,39.25,40.4,8283547,40.0,39.05375,41.25,-0.01433484848484854,-0.01433484848484854,False
tradable_close_pos_ge_0_7,2618,2026-03-06,33.7,34.4,33.65,34.25,28357864,33.85,33.48175,33.0,0.04869545454545445,0.008748484848484804,True
tradable_close_pos_ge_0_7,2637,2025-04-11,55.9,59.0,50.6,57.6,25827702,51.1,50.347,59.2,0.02793378378378377,0.02793378378378377,False
tradable_close_pos_ge_0_7,2743,2025-08-14,105.5,110.5,105.5,110.5,2584636,106.5,104.9725,110.5,-0.019424660633484116,-0.05587262443438921,True
tradable_close_pos_ge_0_7,3003,2025-04-11,44.15,49.1,44.15,49.0,978965,46.0,43.929249999999996,50.2,0.035982669322709125,0.035982669322709125,False
tradable_close_pos_ge_0_7,3013,2025-04-11,80.2,83.4,80.2,83.0,7936627,81.0,79.799,89.1,-0.06196672278338942,-0.11023832772166095,True
tradable_close_pos_ge_0_7,3029,2026-03-27,94.8,95.0,93.1,94.8,1457996,94.6,92.63449999999999,94.0,0.039894680851063756,-0.02037659574468096,True
tradable_close_pos_ge_0_7,3029,2026-03-30,94.0,96.1,92.7,95.2,1709087,93.1,92.2365,95.0,0.016255263157894627,-0.034939473684210444,True
tradable_close_pos_ge_0_7,3032,2025-04-11,56.0,59.5,53.0,59.2,3335679,53.5,52.735,60.4,0.017328807947019874,0.017328807947019874,False
tradable_close_pos_ge_0_7,3035,2025-08-01,149.0,158.0,149.0,157.0,6247016,152.0,148.255,155.5,-0.018711736334405128,-0.018711736334405128,False
tradable_close_pos_ge_0_7,3058,2025-04-11,10.0,10.4,9.2,10.15,934782,9.27,9.154,10.4,0.022996153846153743,0.022996153846153743,False
tradable_close_pos_ge_0_7,3062,2025-04-11,19.4,20.2,18.05,20.2,4747269,18.15,17.95975,20.8,0.013380769230769161,0.013380769230769161,False
tradable_close_pos_ge_0_7,3078,2025-04-11,65.3,68.4,62.1,68.2,9574519,62.7,61.789500000000004,70.5,0.0012421985815601827,0.0012421985815601827,False
tradable_close_pos_ge_0_7,3078,2026-03-09,58.0,58.9,56.6,58.4,1438945,58.1,56.317,58.5,-0.016106410256410332,-0.016106410256410332,False
tradable_close_pos_ge_0_7,3081,2025-11-05,380.0,389.0,380.0,389.0,692761,381.0,378.1,397.0,0.011782241813602122,0.011782241813602122,False
tradable_close_pos_ge_0_7,3088,2025-07-31,85.2,85.3,84.1,85.0,1015617,84.5,83.67949999999999,84.0,-0.01656428571428579,-0.009665476190476287,True
tradable_close_pos_ge_0_7,3090,2026-03-09,87.0,88.2,84.4,88.1,2567088,85.3,83.97800000000001,91.0,0.0161280219780219,0.0161280219780219,False
tradable_close_pos_ge_0_7,3105,2025-04-11,75.1,80.0,74.0,78.5,4955575,74.5,73.63,83.0,0.012222289156626508,0.012222289156626508,False
tradable_close_pos_ge_0_7,3141,2025-09-30,47.05,47.05,45.85,46.8,354357,46.4,45.62075,46.8,-0.03362777777777768,-0.031047649572649473,True
tradable_close_pos_ge_0_7,3162,2026-03-09,53.1,55.0,53.0,54.8,1553939,54.0,52.735,55.6,-0.020238489208633116,-0.05737877697841729,True
tradable_close_pos_ge_0_7,3163,2025-04-11,121.5,133.5,121.5,132.5,17117526,123.0,120.8925,133.5,0.140217415730337,0.140217415730337,False
tradable_close_pos_ge_0_7,3167,2025-04-11,58.8,61.3,58.8,60.9,2007148,59.4,58.506,64.0,0.053524999999999955,0.053524999999999955,False
tradable_close_pos_ge_0_7,3189,2025-04-11,62.1,65.8,60.8,65.5,7835211,61.2,60.495999999999995,68.7,0.07275262008733621,0.07275262008733621,False
tradable_close_pos_ge_0_7,3234,2025-04-11,30.9,32.0,29.15,31.8,634440,29.45,29.00425,33.2,-0.0465126506024097,-0.0465126506024097,False
tradable_close_pos_ge_0_7,3287,2025-04-11,30.0,30.0,28.15,29.5,658510,28.45,28.009249999999998,30.25,0.34621611570247934,0.34621611570247934,False
tradable_close_pos_ge_0_7,3290,2025-04-11,25.25,26.4,23.8,26.4,1089442,24.0,23.681,26.6,0.012946992481203033,0.012946992481203033,False
tradable_close_pos_ge_0_7,3290,2026-03-09,41.25,42.65,40.15,42.2,813899,41.5,39.94925,43.0,0.001126744186046435,0.001126744186046435,False
tradable_close_pos_ge_0_7,3294,2025-04-11,22.3,24.2,22.3,24.0,1380227,22.5,22.1885,24.9,0.11463192771084332,0.11463192771084332,False
tradable_close_pos_ge_0_7,3294,2026-02-04,36.65,37.75,36.3,37.75,716038,36.35,36.1185,37.65,0.06719116865869848,-0.04652729083665339,True
tradable_panic_drop_ge_10pct,1210,2025-08-12,54.3,55.0,54.1,54.5,4079916,54.3,53.8295,54.6,-0.03515402930402931,-0.019961721611721585,True
tradable_panic_drop_ge_10pct,1231,2025-11-14,93.8,94.9,92.3,94.9,1112668,93.0,91.8385,95.2,0.04457016806722693,0.04457016806722693,False
tradable_panic_drop_ge_10pct,1303,2025-06-23,27.15,27.35,26.3,27.1,54667236,26.8,26.1685,27.1,0.04396549815498143,0.04396549815498143,False
tradable_panic_drop_ge_10pct,1307,2025-04-11,34.05,34.7,32.05,34.6,2591978,32.4,31.889749999999996,35.45,0.03646311706629048,0.03646311706629048,False
tradable_panic_drop_ge_10pct,1476,2025-04-11,332.0,353.5,320.0,353.5,3863975,320.5,318.4,350.5,0.10684614835948639,0.10684614835948639,False
tradable_panic_drop_ge_10pct,1477,2025-04-11,250.0,256.5,229.0,256.0,5682496,231.0,227.855,257.5,0.08929563106796126,0.08929563106796126,False
tradable_panic_drop_ge_10pct,1477,2026-04-01,234.0,234.0,225.5,228.0,3581878,226.0,224.3725,228.0,-0.06286754385964907,-0.02176008771929825,True
tradable_panic_drop_ge_10pct,1519,2025-04-11,321.0,383.5,320.0,383.0,6052169,321.5,318.4,390.5,0.0235994238156211,0.0235994238156211,False
tradable_panic_drop_ge_10pct,1522,2026-03-18,35.15,35.15,34.15,34.25,1500349,34.25,33.97925,34.0,-0.05879117647058816,-0.006460294117647015,True
tradable_panic_drop_ge_10pct,1528,2025-04-11,11.35,12.25,11.15,12.15,3267143,11.2,11.09425,12.4,-0.021979032258064614,-0.021979032258064614,False
tradable_panic_drop_ge_10pct,1536,2025-04-11,48.9,51.5,46.5,51.5,9507255,47.25,46.2675,52.1,0.13618454894433776,0.13618454894433776,False
tradable_panic_drop_ge_10pct,1582,2025-04-11,71.3,73.8,69.4,73.7,2409379,70.8,69.05300000000001,75.0,0.03281666666666685,0.03281666666666685,False
tradable_panic_drop_ge_10pct,1609,2025-04-11,31.0,33.3,29.0,33.25,8938633,29.1,28.855,33.8,0.02077721893491149,0.02077721893491149,False
tradable_panic_drop_ge_10pct,1612,2025-11-10,38.0,38.1,35.25,35.45,6228412,35.45,35.07375,35.5,-0.03261056338028177,-0.01785704225352123,True
tradable_panic_drop_ge_10pct,1616,2025-11-11,30.9,31.1,30.2,30.3,1784522,30.25,30.049,30.45,-0.040332758620689725,-0.019019129720853824,True
tradable_panic_drop_ge_10pct,1623,2026-03-05,211.5,217.5,199.0,203.5,404648,200.0,198.005,206.0,-0.030121844660194165,-0.044660679611650524,True
tradable_panic_drop_ge_10pct,1713,2025-08-12,44.2,45.05,43.5,44.7,560313,44.0,43.2825,45.05,0.16396132075471717,0.16396132075471717,False
tradable_panic_drop_ge_10pct,1736,2025-04-11,165.0,181.5,157.5,179.5,2937581,158.0,156.7125,181.0,-0.033474309392265235,-0.033474309392265235,False
tradable_panic_drop_ge_10pct,1785,2025-04-11,46.3,48.6,46.3,48.6,14229051,46.75,46.0685,49.95,0.04319904904904894,0.04319904904904894,False
tradable_panic_drop_ge_10pct,1786,2025-04-11,89.5,91.2,83.5,90.0,2106883,83.9,83.0825,90.5,0.020669337016574606,0.020669337016574606,False
tradable_panic_drop_ge_10pct,1786,2025-11-14,74.6,75.4,72.8,74.4,1328615,74.3,72.43599999999999,75.1,0.07404347536617842,0.07404347536617842,False
tradable_panic_drop_ge_10pct,1815,2025-04-11,22.25,25.25,22.2,25.25,41718136,22.45,22.089,26.1,0.07844118773946365,0.07844118773946365,False
tradable_panic_drop_ge_10pct,2009,2025-04-11,31.65,33.0,29.6,33.0,3830882,29.9,29.452,33.75,-0.02659074074074084,-0.02659074074074084,False
tradable_panic_drop_ge_10pct,2009,2026-03-09,41.3,41.5,39.9,41.4,2398154,41.15,39.7005,43.15,-0.06842242178447264,-0.06842242178447264,False
tradable_panic_drop_ge_10pct,2014,2025-04-22,15.35,15.7,15.2,15.55,4734315,15.3,15.123999999999999,16.0,0.012900000000000043,0.012900000000000043,False
tradable_panic_drop_ge_10pct,2049,2025-04-11,180.0,191.0,177.0,191.0,11640947,179.0,176.115,194.0,0.02507783505154628,0.02507783505154628,False
tradable_panic_drop_ge_10pct,2059,2026-01-06,3225.0,3310.0,3160.0,3205.0,1251609,3200.0,3144.2,3280.0,0.10390609756097571,0.10390609756097571,False
tradable_panic_drop_ge_10pct,2059,2026-02-03,3160.0,3170.0,3045.0,3105.0,1158091,3050.0,3029.775,3090.0,0.10903673139158579,-0.025340291262135863,True
tradable_panic_drop_ge_10pct,2072,2026-03-30,180.5,185.0,177.5,184.5,693109,180.5,176.6125,184.0,-0.054763043478260866,-0.04599945652173907,True
tradable_panic_drop_ge_10pct,2102,2026-03-09,18.7,18.9,18.3,18.5,1106231,18.4,18.2085,18.65,0.010235790884718508,0.010235790884718508,False
tradable_panic_drop_ge_10pct,2105,2025-06-17,41.1,41.2,40.1,41.0,12408834,40.6,39.8995,41.0,-0.07048414634146336,-0.032691463414634116,True
tradable_panic_drop_ge_10pct,2236,2025-10-20,83.1,90.6,82.2,89.3,1607696,83.1,81.789,89.6,-0.0259392857142857,-0.0259392857142857,False
tradable_panic_drop_ge_10pct,2241,2025-04-11,21.0,23.25,20.95,22.75,740606,21.15,20.84525,23.1,0.030946536796536604,0.030946536796536604,False
tradable_panic_drop_ge_10pct,2241,2026-01-26,34.0,34.05,33.3,33.55,502556,33.55,33.1335,33.7,-0.12157700296735904,-0.022660089020771636,True
tradable_panic_drop_ge_10pct,2301,2026-03-09,147.0,150.0,146.0,149.0,21883775,148.0,145.27,155.5,-0.015496302250803874,-0.015496302250803874,False
tradable_panic_drop_ge_10pct,2312,2026-03-09,21.75,22.35,21.55,22.3,15657163,22.05,21.44225,23.45,-0.03570074626865669,-0.03570074626865669,False
tradable_panic_drop_ge_10pct,2314,2026-04-10,11.3,13.65,11.3,13.65,2263900,12.45,11.243500000000001,12.3,0.2583776422764227,0.2583776422764227,False
tradable_panic_drop_ge_10pct,2316,2025-04-11,31.5,33.4,30.0,33.25,1182165,30.3,29.85,34.0,0.1073852941176471,0.1073852941176471,False
tradable_panic_drop_ge_10pct,2317,2026-03-09,208.0,212.5,206.0,210.5,93407607,210.5,204.97,216.0,-0.09844259259259255,-0.05691481481481484,True
tradable_panic_drop_ge_10pct,2328,2025-04-11,33.95,35.55,33.95,35.2,38114484,34.3,33.78025,37.0,-0.05179594594594603,-0.09287027027027026,True
tradable_panic_drop_ge_10pct,2338,2025-04-11,28.85,30.6,28.5,30.35,2504872,28.8,28.357499999999998,31.25,-0.04585000000000004,-0.09841000000000008,True
tradable_panic_drop_ge_10pct,2342,2026-03-09,28.6,28.7,27.65,28.65,1376055,28.0,27.51175,29.5,0.04499745762711873,0.04499745762711873,False
tradable_panic_drop_ge_10pct,2348,2025-07-21,88.5,89.5,88.2,88.6,466275,88.3,87.759,88.8,0.024555405405405482,-0.01757297297297298,True
tradable_panic_drop_ge_10pct,2351,2025-04-11,61.1,66.7,61.1,66.4,2922098,61.7,60.7945,67.3,0.058043016344725105,0.058043016344725105,False
tradable_panic_drop_ge_10pct,2357,2025-11-19,565.0,578.0,562.0,566.0,4407340,563.0,559.1899999999999,581.0,0.05439096385542177,-0.0433887263339072,True
tradable_panic_drop_ge_10pct,2359,2025-04-11,111.0,112.5,105.0,111.0,5070714,106.0,104.475,116.0,0.020012068965517348,0.020012068965517348,False
tradable_panic_drop_ge_10pct,2363,2025-04-11,41.5,45.75,39.2,45.75,9838403,39.3,39.004000000000005,48.0,-0.003766666666666563,-0.003766666666666563,False
tradable_panic_drop_ge_10pct,2363,2026-03-09,45.75,47.4,45.65,47.0,3900735,46.05,45.421749999999996,49.5,-0.013930808080808023,-0.013930808080808023,False
tradable_panic_drop_ge_10pct,2364,2025-08-29,78.6,78.8,77.0,77.5,623335,77.5,76.615,78.0,0.0467141025641026,-0.023606410256410283,True
tradable_panic_drop_ge_10pct,2365,2025-04-11,27.9,29.75,27.1,29.7,4172521,27.4,26.9645,30.45,0.018780541871921262,0.018780541871921262,False
tradable_panic_drop_ge_10pct,2374,2025-04-11,38.5,41.3,37.25,41.0,6339098,37.6,37.06375,42.6,0.029361267605633755,0.029361267605633755,False
tradable_panic_drop_ge_10pct,2375,2026-03-24,78.9,79.6,75.6,76.9,695325,76.8,75.222,78.8,-0.017271319796954156,-0.0512560913705584,True
tradable_panic_drop_ge_10pct,2376,2025-04-11,180.5,202.0,180.0,202.0,9951231,181.0,179.1,215.0,0.0685686046511628,0.0685686046511628,False
tradable_panic_drop_ge_10pct,2376,2025-11-21,240.5,243.5,238.5,239.5,5428212,239.5,237.3075,246.0,-0.013980081300813053,-0.013980081300813053,False
tradable_panic_drop_ge_10pct,2377,2025-04-11,122.5,128.0,122.0,127.0,16014651,123.5,121.39,133.5,0.016621910112359604,0.016621910112359604,False
tradable_panic_drop_ge_10pct,2387,2025-06-25,45.95,46.3,45.9,46.1,858056,45.95,45.6705,45.4,-0.004748678414096741,0.00010814977973563292,True
tradable_panic_drop_ge_10pct,2388,2025-04-11,58.5,65.6,58.0,65.6,5876358,58.1,57.71,67.5,0.046001851851851815,0.046001851851851815,False
tradable_panic_drop_ge_10pct,2393,2025-08-06,68.2,68.8,67.7,68.4,2039449,68.1,67.3615,69.0,-0.026139855072463837,-0.029596376811594084,True
tradable_panic_drop_ge_10pct,2402,2025-04-11,30.75,32.6,28.5,32.5,3438025,28.65,28.357499999999998,33.2,0.049872891566264864,0.049872891566264864,False
tradable_panic_drop_ge_10pct,2402,2026-03-09,45.9,47.7,45.9,47.2,7777446,47.1,45.6705,48.5,0.01683041237113394,0.01683041237113394,False
tradable_panic_drop_ge_10pct,2419,2025-04-11,19.25,20.2,18.05,20.2,1294672,18.25,17.95975,20.9,-0.0034576555023922767,-0.0034576555023922767,False
tradable_panic_drop_ge_10pct,2431,2025-04-11,10.9,11.05,10.65,10.95,3462842,10.95,10.59675,11.2,-0.019242857142856985,-0.05971160714285704,True
tradable_panic_drop_ge_10pct,2436,2025-04-11,37.1,41.6,37.1,41.4,1009421,37.45,36.914500000000004,43.45,0.029823187571921615,0.029823187571921615,False
tradable_panic_drop_ge_10pct,2455,2025-04-11,83.5,90.0,83.5,88.2,14151120,84.3,83.0825,97.0,-0.022344845360824685,-0.022344845360824685,False
tradable_panic_drop_ge_10pct,2457,2025-04-11,20.15,24.0,20.15,24.0,3788613,20.35,20.049249999999997,24.6,0.00024756097560976135,0.00024756097560976135,False
tradable_panic_drop_ge_10pct,2458,2025-04-11,107.0,110.0,100.5,110.0,4990779,101.5,99.9975,115.0,0.06806304347826089,0.06806304347826089,False
tradable_panic_drop_ge_10pct,2464,2025-04-11,48.4,53.5,47.0,53.4,3848029,47.45,46.765,55.3,0.055632820976491935,0.055632820976491935,False
tradable_panic_drop_ge_10pct,2465,2025-11-19,51.0,52.5,50.9,52.5,493084,51.5,50.6455,52.8,0.07369545454545459,0.07369545454545459,False
tradable_panic_drop_ge_10pct,2468,2025-09-02,54.2,54.3,51.9,52.4,1597431,52.4,51.640499999999996,52.0,-0.00585,-0.01276346153846162,True
tradable_panic_drop_ge_10pct,2476,2025-04-11,63.6,67.0,59.7,66.9,3009569,60.0,59.401500000000006,68.6,-0.010223177842565524,-0.010223177842565524,False
tradable_panic_drop_ge_10pct,2481,2025-04-11,38.4,40.4,38.25,40.2,4674567,38.65,38.058749999999996,40.8,0.08973823529411776,0.08973823529411776,False
tradable_panic_drop_ge_10pct,2486,2025-04-11,66.8,72.0,65.9,72.0,14111436,66.6,65.57050000000001,74.0,-0.00585,-0.11976216216216204,True
tradable_panic_drop_ge_10pct,2495,2025-04-11,20.6,22.15,20.1,22.1,1454921,20.2,19.9995,22.35,0.05902695749440703,0.05902695749440703,False
tradable_panic_drop_ge_10pct,2609,2025-07-14,62.8,63.3,61.9,62.6,26987612,62.4,61.5905,62.8,-0.0138117834394905,-0.025109554140127367,True
tradable_panic_drop_ge_10pct,2637,2025-04-11,55.9,59.0,50.6,57.6,25827702,51.1,50.347,59.2,0.02793378378378377,0.02793378378378377,False
tradable_panic_drop_ge_10pct,2743,2025-08-14,105.5,110.5,105.5,110.5,2584636,106.5,104.9725,110.5,-0.019424660633484116,-0.05587262443438921,True
tradable_panic_drop_ge_10pct,2743,2025-08-15,110.5,111.0,105.0,106.0,1445764,105.5,104.475,106.0,0.017734905660377408,-0.020236792452830256,True
tradable_panic_drop_ge_10pct,2745,2025-08-19,108.0,109.5,107.0,108.5,339036,107.5,106.465,109.0,0.026260091743119184,0.026260091743119184,False
tradable_panic_drop_ge_10pct,2851,2025-07-01,22.9,22.9,22.7,22.8,1849082,22.8,22.5865,22.8,-0.003657017543859587,-0.015214035087719326,True
tradable_panic_drop_ge_10pct,2851,2025-07-02,22.8,22.85,22.65,22.7,1376366,22.7,22.536749999999998,22.7,0.002960572687224738,-0.013041629955947244,True
tradable_panic_drop_ge_10pct,2855,2025-07-10,18.65,18.7,18.45,18.6,3289868,18.6,18.35775,18.75,0.015483333333333203,0.015483333333333203,False
tradable_panic_drop_ge_10pct,3003,2025-04-11,44.15,49.1,44.15,49.0,978965,46.0,43.929249999999996,50.2,0.035982669322709125,0.035982669322709125,False
tradable_panic_drop_ge_10pct,3013,2025-04-11,80.2,83.4,80.2,83.0,7936627,81.0,79.799,89.1,-0.06196672278338942,-0.11023832772166095,True
tradable_panic_drop_ge_10pct,3013,2026-03-10,91.1,94.7,89.5,91.0,5588741,90.9,89.0525,92.3,0.04398748645720487,0.04398748645720487,False
tradable_panic_drop_ge_10pct,3019,2026-03-04,139.5,142.0,132.0,133.0,7778920,132.5,131.34,137.5,-0.00585,-0.05064999999999995,True
tradable_panic_drop_ge_10pct,3029,2026-03-27,94.8,95.0,93.1,94.8,1457996,94.6,92.63449999999999,94.0,0.039894680851063756,-0.02037659574468096,True
tradable_panic_drop_ge_10pct,3032,2025-04-11,56.0,59.5,53.0,59.2,3335679,53.5,52.735,60.4,0.017328807947019874,0.017328807947019874,False
tradable_panic_drop_ge_10pct,3032,2025-11-24,84.8,85.6,83.2,83.7,626858,83.3,82.784,84.2,-0.033165914489311145,-0.022667102137767216,True
tradable_panic_drop_ge_10pct,3035,2025-08-01,149.0,158.0,149.0,157.0,6247016,152.0,148.255,155.5,-0.018711736334405128,-0.018711736334405128,False
tradable_panic_drop_ge_10pct,3040,2026-02-06,47.0,47.0,42.5,44.05,1232658,43.85,42.2875,44.3,-0.13226083521444684,-0.05127889390519178,True
tradable_panic_drop_ge_10pct,3040,2026-02-23,42.0,42.0,40.8,41.3,202054,40.85,40.596,41.25,-0.048274242424242476,-0.021704545454545567,True
tradable_panic_drop_ge_10pct,3058,2025-04-11,10.0,10.4,9.2,10.15,934782,9.27,9.154,10.4,0.022996153846153743,0.022996153846153743,False
tradable_panic_drop_ge_10pct,3062,2025-04-11,19.4,20.2,18.05,20.2,4747269,18.15,17.95975,20.8,0.013380769230769161,0.013380769230769161,False
tradable_panic_drop_ge_10pct,3078,2025-04-11,65.3,68.4,62.1,68.2,9574519,62.7,61.789500000000004,70.5,0.0012421985815601827,0.0012421985815601827,False
tradable_panic_drop_ge_10pct,3081,2025-04-11,209.5,225.0,209.5,220.0,4418082,211.5,208.4525,232.5,0.08017150537634402,0.08017150537634402,False
tradable_panic_drop_ge_10pct,3081,2025-11-05,380.0,389.0,380.0,389.0,692761,381.0,378.1,397.0,0.011782241813602122,0.011782241813602122,False
tradable_panic_drop_ge_10pct,3105,2025-04-11,75.1,80.0,74.0,78.5,4955575,74.5,73.63,83.0,0.012222289156626508,0.012222289156626508,False
tradable_panic_drop_ge_10pct,3128,2025-09-03,33.25,33.7,32.95,33.1,856036,33.05,32.785250000000005,33.15,0.0077246606334843365,-0.016853016591251692,True
tradable_panic_drop_ge_10pct,3128,2025-09-05,32.9,33.2,32.5,32.7,485804,32.7,32.3375,32.75,0.006363740458015154,-0.01844541984732826,True
tradable_panic_drop_ge_10pct,3163,2025-04-11,121.5,133.5,121.5,132.5,17117526,123.0,120.8925,133.5,0.140217415730337,0.140217415730337,False
tradable_volume_ratio_ge_1_2,1231,2025-11-14,93.8,94.9,92.3,94.9,1112668,93.0,91.8385,95.2,0.04457016806722693,0.04457016806722693,False
tradable_volume_ratio_ge_1_2,1303,2025-06-23,27.15,27.35,26.3,27.1,54667236,26.8,26.1685,27.1,0.04396549815498143,0.04396549815498143,False
tradable_volume_ratio_ge_1_2,1307,2025-04-11,34.05,34.7,32.05,34.6,2591978,32.4,31.889749999999996,35.45,0.03646311706629048,0.03646311706629048,False
tradable_volume_ratio_ge_1_2,1319,2025-06-17,111.0,111.0,107.5,109.5,6208351,109.5,106.9625,110.0,-0.10584999999999997,-0.03346363636363634,True
tradable_volume_ratio_ge_1_2,1476,2025-04-11,332.0,353.5,320.0,353.5,3863975,320.5,318.4,350.5,0.10684614835948639,0.10684614835948639,False
tradable_volume_ratio_ge_1_2,1477,2025-04-11,250.0,256.5,229.0,256.0,5682496,231.0,227.855,257.5,0.08929563106796126,0.08929563106796126,False
tradable_volume_ratio_ge_1_2,1477,2026-04-01,234.0,234.0,225.5,228.0,3581878,226.0,224.3725,228.0,-0.06286754385964907,-0.02176008771929825,True
tradable_volume_ratio_ge_1_2,1519,2025-04-11,321.0,383.5,320.0,383.0,6052169,321.5,318.4,390.5,0.0235994238156211,0.0235994238156211,False
tradable_volume_ratio_ge_1_2,1522,2026-02-11,45.85,45.9,44.05,44.4,4575867,44.35,43.82975,45.1,-0.11117150776053217,-0.03401518847006666,True
tradable_volume_ratio_ge_1_2,1569,2026-01-13,50.1,50.3,48.6,49.9,1484910,49.7,48.357,50.1,0.10991846307385225,0.10991846307385225,False
tradable_volume_ratio_ge_1_2,1582,2025-04-11,71.3,73.8,69.4,73.7,2409379,70.8,69.05300000000001,75.0,0.03281666666666685,0.03281666666666685,False
tradable_volume_ratio_ge_1_2,1589,2025-09-12,19.75,20.15,19.5,19.75,915624,19.65,19.4025,19.85,0.17551020151133492,-0.028394080604534057,True
tradable_volume_ratio_ge_1_2,1612,2025-11-10,38.0,38.1,35.25,35.45,6228412,35.45,35.07375,35.5,-0.03261056338028177,-0.01785704225352123,True
tradable_volume_ratio_ge_1_2,1736,2025-04-11,165.0,181.5,157.5,179.5,2937581,158.0,156.7125,181.0,-0.033474309392265235,-0.033474309392265235,False
tradable_volume_ratio_ge_1_2,1785,2025-04-11,46.3,48.6,46.3,48.6,14229051,46.75,46.0685,49.95,0.04319904904904894,0.04319904904904894,False
tradable_volume_ratio_ge_1_2,1786,2025-04-11,89.5,91.2,83.5,90.0,2106883,83.9,83.0825,90.5,0.020669337016574606,0.020669337016574606,False
tradable_volume_ratio_ge_1_2,1786,2025-11-14,74.6,75.4,72.8,74.4,1328615,74.3,72.43599999999999,75.1,0.07404347536617842,0.07404347536617842,False
tradable_volume_ratio_ge_1_2,2020,2026-04-16,23.35,23.4,23.2,23.4,1238226,23.25,23.084,23.4,-0.05926880341880345,-0.019354273504273413,True
tradable_volume_ratio_ge_1_2,2027,2025-05-09,40.0,40.0,38.5,38.95,31774879,38.7,38.3075,39.0,-0.06482435897435887,-0.023606410256410283,True
tradable_volume_ratio_ge_1_2,2049,2025-04-11,180.0,191.0,177.0,191.0,11640947,179.0,176.115,194.0,0.02507783505154628,0.02507783505154628,False
tradable_volume_ratio_ge_1_2,2049,2025-11-14,195.0,201.0,194.0,198.5,3457008,196.5,193.03,200.0,-0.04085000000000003,-0.04070000000000005,True
tradable_volume_ratio_ge_1_2,2059,2026-01-06,3225.0,3310.0,3160.0,3205.0,1251609,3200.0,3144.2,3280.0,0.10390609756097571,0.10390609756097571,False
tradable_volume_ratio_ge_1_2,2102,2026-03-09,18.7,18.9,18.3,18.5,1106231,18.4,18.2085,18.65,0.010235790884718508,0.010235790884718508,False
tradable_volume_ratio_ge_1_2,2236,2025-10-20,83.1,90.6,82.2,89.3,1607696,83.1,81.789,89.6,-0.0259392857142857,-0.0259392857142857,False
tradable_volume_ratio_ge_1_2,2258,2026-03-13,32.65,32.85,32.2,32.25,1625647,32.25,32.039,32.25,-0.10662519379844956,-0.012392635658914665,True
tradable_volume_ratio_ge_1_2,2314,2026-04-10,11.3,13.65,11.3,13.65,2263900,12.45,11.243500000000001,12.3,0.2583776422764227,0.2583776422764227,False
tradable_volume_ratio_ge_1_2,2316,2025-04-11,31.5,33.4,30.0,33.25,1182165,30.3,29.85,34.0,0.1073852941176471,0.1073852941176471,False
tradable_volume_ratio_ge_1_2,2317,2026-03-09,208.0,212.5,206.0,210.5,93407607,210.5,204.97,216.0,-0.09844259259259255,-0.05691481481481484,True
tradable_volume_ratio_ge_1_2,2338,2025-04-11,28.85,30.6,28.5,30.35,2504872,28.8,28.357499999999998,31.25,-0.04585000000000004,-0.09841000000000008,True
tradable_volume_ratio_ge_1_2,2348,2025-06-09,114.5,115.5,110.5,112.5,3144886,112.5,109.9475,113.0,-0.14036327433628323,-0.03286327433628309,True
tradable_volume_ratio_ge_1_2,2352,2026-03-09,23.0,23.3,22.55,23.2,6365334,23.05,22.437250000000002,23.0,0.024584782608695697,0.024584782608695697,False
tradable_volume_ratio_ge_1_2,2357,2025-11-19,565.0,578.0,562.0,566.0,4407340,563.0,559.1899999999999,581.0,0.05439096385542177,-0.0433887263339072,True
tradable_volume_ratio_ge_1_2,2357,2025-11-21,559.0,583.0,557.0,573.0,5705448,562.0,554.215,580.0,0.04415000000000004,0.04415000000000004,False
tradable_volume_ratio_ge_1_2,2359,2025-04-11,111.0,112.5,105.0,111.0,5070714,106.0,104.475,116.0,0.020012068965517348,0.020012068965517348,False
tradable_volume_ratio_ge_1_2,2363,2025-04-11,41.5,45.75,39.2,45.75,9838403,39.3,39.004000000000005,48.0,-0.003766666666666563,-0.003766666666666563,False
tradable_volume_ratio_ge_1_2,2365,2025-04-11,27.9,29.75,27.1,29.7,4172521,27.4,26.9645,30.45,0.018780541871921262,0.018780541871921262,False
tradable_volume_ratio_ge_1_2,2374,2025-04-11,38.5,41.3,37.25,41.0,6339098,37.6,37.06375,42.6,0.029361267605633755,0.029361267605633755,False
tradable_volume_ratio_ge_1_2,2376,2025-04-11,180.5,202.0,180.0,202.0,9951231,181.0,179.1,215.0,0.0685686046511628,0.0685686046511628,False
tradable_volume_ratio_ge_1_2,2376,2026-03-09,209.5,215.0,206.5,215.0,7607786,214.0,205.4675,221.0,0.04618619909502266,0.04618619909502266,False
tradable_volume_ratio_ge_1_2,2377,2025-04-11,122.5,128.0,122.0,127.0,16014651,123.5,121.39,133.5,0.016621910112359604,0.016621910112359604,False
tradable_volume_ratio_ge_1_2,2377,2025-11-05,102.5,103.5,101.0,103.5,8919286,103.5,100.495,104.5,-0.034558133971291906,-0.034558133971291906,False
tradable_volume_ratio_ge_1_2,2388,2025-04-11,58.5,65.6,58.0,65.6,5876358,58.1,57.71,67.5,0.046001851851851815,0.046001851851851815,False
tradable_volume_ratio_ge_1_2,2402,2025-04-11,30.75,32.6,28.5,32.5,3438025,28.65,28.357499999999998,33.2,0.049872891566264864,0.049872891566264864,False
tradable_volume_ratio_ge_1_2,2419,2025-04-11,19.25,20.2,18.05,20.2,1294672,18.25,17.95975,20.9,-0.0034576555023922767,-0.0034576555023922767,False
tradable_volume_ratio_ge_1_2,2427,2026-03-10,24.95,25.1,24.05,24.2,2238784,24.1,23.929750000000002,24.0,-0.02668333333333337,-0.008777083333333248,True
tradable_volume_ratio_ge_1_2,2431,2025-04-11,10.9,11.05,10.65,10.95,3462842,10.95,10.59675,11.2,-0.019242857142856985,-0.05971160714285704,True
tradable_volume_ratio_ge_1_2,2455,2025-04-11,83.5,90.0,83.5,88.2,14151120,84.3,83.0825,97.0,-0.022344845360824685,-0.022344845360824685,False
tradable_volume_ratio_ge_1_2,2457,2025-04-11,20.15,24.0,20.15,24.0,3788613,20.35,20.049249999999997,24.6,0.00024756097560976135,0.00024756097560976135,False
tradable_volume_ratio_ge_1_2,2458,2025-04-11,107.0,110.0,100.5,110.0,4990779,101.5,99.9975,115.0,0.06806304347826089,0.06806304347826089,False
tradable_volume_ratio_ge_1_2,2464,2025-04-11,48.4,53.5,47.0,53.4,3848029,47.45,46.765,55.3,0.055632820976491935,0.055632820976491935,False
tradable_volume_ratio_ge_1_2,2476,2025-04-11,63.6,67.0,59.7,66.9,3009569,60.0,59.401500000000006,68.6,-0.010223177842565524,-0.010223177842565524,False
tradable_volume_ratio_ge_1_2,2481,2025-04-11,38.4,40.4,38.25,40.2,4674567,38.65,38.058749999999996,40.8,0.08973823529411776,0.08973823529411776,False
tradable_volume_ratio_ge_1_2,2486,2025-04-11,66.8,72.0,65.9,72.0,14111436,66.6,65.57050000000001,74.0,-0.00585,-0.11976216216216204,True
tradable_volume_ratio_ge_1_2,2495,2025-04-11,20.6,22.15,20.1,22.1,1454921,20.2,19.9995,22.35,0.05902695749440703,0.05902695749440703,False
tradable_volume_ratio_ge_1_2,2498,2026-03-09,40.1,40.4,39.25,40.4,8283547,40.0,39.05375,41.25,-0.01433484848484854,-0.01433484848484854,False
tradable_volume_ratio_ge_1_2,2637,2025-04-11,55.9,59.0,50.6,57.6,25827702,51.1,50.347,59.2,0.02793378378378377,0.02793378378378377,False
tradable_volume_ratio_ge_1_2,2743,2025-08-14,105.5,110.5,105.5,110.5,2584636,106.5,104.9725,110.5,-0.019424660633484116,-0.05587262443438921,True
tradable_volume_ratio_ge_1_2,2743,2025-08-15,110.5,111.0,105.0,106.0,1445764,105.5,104.475,106.0,0.017734905660377408,-0.020236792452830256,True
tradable_volume_ratio_ge_1_2,2852,2025-07-17,25.3,25.6,25.3,25.4,1297498,25.35,25.1735,25.6,-0.04295937500000011,-0.02251015625000006,True
tradable_volume_ratio_ge_1_2,3003,2025-04-11,44.15,49.1,44.15,49.0,978965,46.0,43.929249999999996,50.2,0.035982669322709125,0.035982669322709125,False
tradable_volume_ratio_ge_1_2,3013,2025-04-11,80.2,83.4,80.2,83.0,7936627,81.0,79.799,89.1,-0.06196672278338942,-0.11023832772166095,True
tradable_volume_ratio_ge_1_2,3013,2026-03-10,91.1,94.7,89.5,91.0,5588741,90.9,89.0525,92.3,0.04398748645720487,0.04398748645720487,False
tradable_volume_ratio_ge_1_2,3031,2026-03-04,19.85,19.85,18.8,18.85,769532,18.85,18.706,19.1,0.16954267015706784,-0.026478272251309033,True
tradable_volume_ratio_ge_1_2,3035,2025-08-01,149.0,158.0,149.0,157.0,6247016,152.0,148.255,155.5,-0.018711736334405128,-0.018711736334405128,False
tradable_volume_ratio_ge_1_2,3040,2026-02-06,47.0,47.0,42.5,44.05,1232658,43.85,42.2875,44.3,-0.13226083521444684,-0.05127889390519178,True
tradable_volume_ratio_ge_1_2,3042,2025-11-04,90.1,90.1,82.9,84.0,6937192,83.3,82.4855,84.1,-0.024874970273483933,-0.025047384066587332,True
tradable_volume_ratio_ge_1_2,3058,2025-04-11,10.0,10.4,9.2,10.15,934782,9.27,9.154,10.4,0.022996153846153743,0.022996153846153743,False
tradable_volume_ratio_ge_1_2,3062,2025-04-11,19.4,20.2,18.05,20.2,4747269,18.15,17.95975,20.8,0.013380769230769161,0.013380769230769161,False
tradable_volume_ratio_ge_1_2,3081,2025-04-11,209.5,225.0,209.5,220.0,4418082,211.5,208.4525,232.5,0.08017150537634402,0.08017150537634402,False
tradable_volume_ratio_ge_1_2,3088,2025-07-31,85.2,85.3,84.1,85.0,1015617,84.5,83.67949999999999,84.0,-0.01656428571428579,-0.009665476190476287,True
tradable_volume_ratio_ge_1_2,3167,2025-04-11,58.8,61.3,58.8,60.9,2007148,59.4,58.506,64.0,0.053524999999999955,0.053524999999999955,False
tradable_volume_ratio_ge_1_2,3189,2025-04-11,62.1,65.8,60.8,65.5,7835211,61.2,60.495999999999995,68.7,0.07275262008733621,0.07275262008733621,False
tradable_volume_ratio_ge_1_2,3290,2025-04-11,25.25,26.4,23.8,26.4,1089442,24.0,23.681,26.6,0.012946992481203033,0.012946992481203033,False
tradable_volume_ratio_ge_1_2,3324,2025-04-11,412.0,479.0,395.0,479.0,7108590,397.0,393.025,500.0,-0.0018499999999999966,-0.0018499999999999966,False
tradable_volume_ratio_ge_1_2,3374,2025-04-11,117.0,128.5,111.0,127.5,5401527,112.0,110.445,132.5,-0.0020764150943396236,-0.0020764150943396236,False
tradable_volume_ratio_ge_1_2,3376,2025-04-22,165.0,176.0,162.0,168.5,13513870,167.5,161.19,176.5,0.002648583569405138,0.002648583569405138,False
tradable_volume_ratio_ge_1_2,3390,2026-03-11,22.85,22.85,21.3,21.8,1094021,21.35,21.1935,21.8,0.0033243119266054494,-0.033671100917431175,True
tradable_volume_ratio_ge_1_2,3483,2025-04-11,91.5,99.2,91.4,98.9,1871095,92.7,90.94300000000001,101.0,0.05355594059405946,0.05355594059405946,False
tradable_volume_ratio_ge_1_2,3483,2025-09-09,115.0,115.0,109.5,111.0,2948121,110.0,108.9525,112.5,-0.00585,-0.00585,False
tradable_volume_ratio_ge_1_2,3483,2026-03-09,84.0,85.5,81.8,82.8,882319,82.0,81.39099999999999,84.5,-0.0425363905325443,-0.04264289940828412,True
tradable_volume_ratio_ge_1_2,3508,2026-04-13,21.4,26.1,21.4,26.05,4923951,23.15,21.293,23.45,0.04745490405117261,0.04745490405117261,False
tradable_volume_ratio_ge_1_2,3529,2025-07-23,2010.0,2050.0,1985.0,2050.0,1147807,2000.0,1975.075,2085.0,-0.03462697841726623,-0.058571822541966446,True
tradable_volume_ratio_ge_1_2,3533,2025-04-11,1040.0,1155.0,1040.0,1135.0,3791024,1050.0,1034.8,1150.0,0.08545434782608688,0.08545434782608688,False
tradable_volume_ratio_ge_1_2,3533,2025-11-14,1235.0,1250.0,1210.0,1220.0,1121045,1220.0,1203.95,1240.0,0.050601612903225755,-0.03492258064516127,True
tradable_volume_ratio_ge_1_2,3533,2025-11-17,1240.0,1255.0,1205.0,1210.0,1053391,1210.0,1198.975,1205.0,0.05224128630705396,-0.010850000000000116,True
tradable_volume_ratio_ge_1_2,3535,2025-04-11,27.15,29.8,27.15,29.8,1244488,27.45,27.014249999999997,30.85,0.037910129659643486,0.037910129659643486,False
tradable_volume_ratio_ge_1_2,3548,2025-04-11,109.0,114.5,106.0,113.5,1959155,107.5,105.47,120.0,0.01914999999999991,0.01914999999999991,False
tradable_volume_ratio_ge_1_2,3583,2025-04-11,213.0,238.0,202.5,237.5,1539969,204.5,201.4875,255.0,0.05297352941176472,0.05297352941176472,False
tradable_volume_ratio_ge_1_2,3663,2025-04-11,42.2,43.35,40.3,43.35,1065496,40.7,40.098499999999994,44.5,0.1851612359550562,0.1851612359550562,False
tradable_volume_ratio_ge_1_2,3673,2025-04-11,26.7,29.95,26.0,29.2,6978036,26.05,25.87,29.75,0.03448613445378159,0.03448613445378159,False
tradable_volume_ratio_ge_1_2,3689,2025-04-11,68.3,71.2,63.5,71.2,3344970,64.1,63.1825,74.5,0.06394865771812089,0.06394865771812089,False
tradable_volume_ratio_ge_1_2,3693,2025-04-11,241.5,260.0,227.0,260.0,666227,229.0,225.865,270.0,0.07748333333333327,0.07748333333333327,False
tradable_volume_ratio_ge_1_2,3693,2025-08-13,286.0,292.0,283.0,286.0,938477,283.5,281.585,286.0,-0.025080769230769275,-0.02128706293706304,True
tradable_volume_ratio_ge_1_2,3694,2025-04-11,40.0,41.75,37.35,41.55,2610733,37.75,37.16325,43.1,0.01619176334106722,0.01619176334106722,False
tradable_volume_ratio_ge_1_2,3707,2025-04-11,31.3,33.75,31.0,33.65,1366633,31.3,30.845,34.85,-0.04889160688665715,-0.12077109038737452,True
tradable_volume_ratio_ge_1_2,3712,2026-04-08,17.05,18.55,16.7,18.1,3716566,17.75,16.6165,18.55,0.14239797843665772,-0.1100818059299192,True
tradable_volume_ratio_ge_1_2,3712,2026-04-13,17.3,17.35,16.6,16.95,1270577,16.7,16.517000000000003,17.4,0.17231091954023006,0.17231091954023006,False
tradable_volume_ratio_ge_1_2,4164,2025-04-11,38.0,40.85,35.5,40.65,3695164,35.8,35.3225,41.0,0.03805243902439028,0.03805243902439028,False
tradable_volume_ratio_ge_1_2,4164,2026-01-07,35.1,35.2,34.7,35.1,1316449,35.05,34.526500000000006,36.2,-0.05004889502762431,-0.05207928176795571,True
tradable_volume_ratio_ge_1_2,4174,2025-04-11,47.55,47.55,45.6,46.9,1511175,46.1,45.372,48.0,-0.21418333333333336,-0.060599999999999966,True
