ticker,trade_date,open,high,low,close,volume,avg_volume_20,volume_ratio,close_pos,body_pct,prior_low_20,ma60,ret_10d,ret_20d,is_attention_stock,is_disposition_stock,short_suspension_start,days_to_suspension,short_sale_balance,short_sale_utilization,pre_rank_score,scanner_score,rank_in_date
4123,2026-05-06,38.6,38.65,37.9,38.0,4260762,2591422.0,1.6441791417993672,0.13333333333333522,0.015544041450777238,38.6,41.619166666666665,,,,,,,,,66.0,66.0,1
2884,2026-05-04,32.15,32.15,31.3,31.3,59013659,31670792.3,1.863346468916725,0.0,0.026438569206842857,31.8,33.00666666666667,,,,,,,,,72.0,72.0,1
2915,2026-05-04,44.7,44.95,43.5,43.55,4104230,2345827.25,1.7495874856087548,0.03448275862068763,0.02572706935123055,43.8,48.91833333333333,,,,,,,,,72.0,72.0,2
9945,2026-05-04,23.7,23.7,23.3,23.3,8200104,5539551.4,1.4802830424138675,0.0,0.016877637130801627,23.6,26.758333333333333,,,,,,,,,66.0,66.0,3
2101,2026-04-24,34.35,34.35,33.35,33.4,5487670,1956076.65,2.8054473223224665,0.04999999999999716,0.027656477438136907,33.6,35.19583333333333,0.0029850746268658135,,0.0,,,,,,72.0,72.0,1
9910,2026-04-24,76.1,76.4,72.5,73.0,5056311,1739514.1,2.906737576890006,0.12820512820512803,0.04073587385019704,75.7,86.94166666666666,0.026206896551724146,,0.0,,,,,,72.0,72.0,2
9938,2026-04-24,44.35,44.35,43.15,43.25,2165897,1572771.1,1.3771215658782132,0.08333333333333431,0.02480270574971818,43.7,48.8975,0.04503464203233265,,0.0,,,,,,72.0,72.0,3
3047,2026-04-24,15.2,15.35,14.5,14.75,2144934,1216360.8,1.763402766679097,0.29411764705882365,0.02960526315789469,15.0,16.95,-0.010135135135135198,,0.0,,,,,,72.0,72.0,4
6143,2026-04-24,92.2,92.5,89.0,89.3,1585636,959412.6,1.6527154219154512,0.0857142857142849,0.03145336225596535,89.6,100.885,0.0929451287793952,,0.0,,,,,,72.0,72.0,5
2618,2026-04-23,34.85,34.9,33.6,33.75,64643619,19883776.5,3.2510735070875496,0.11538461538461454,0.03156384505021525,33.85,36.0675,0.054733727810651,,0.0,,,,,,72.0,72.0,1
1319,2026-04-23,78.6,78.7,74.6,75.6,4488514,2376581.8,1.8886427557427228,0.24390243902438974,0.03816793893129771,77.0,92.76,0.049738219895287816,,0.0,,,,,,72.0,72.0,2
2331,2026-04-23,22.15,22.2,20.35,20.75,4066036,1908150.4,2.1308781530009377,0.2162162162162157,0.06320541760722341,20.85,24.453333333333333,-0.02631578947368407,,0.0,,,,,,72.0,72.0,3
2006,2026-04-23,69.2,69.2,66.5,67.2,3629915,2824318.3,1.2852358036273746,0.25925925925926,0.028901734104046242,67.6,72.615,0.0,,0.0,,,,,,72.0,72.0,4
2641,2026-04-23,18.0,18.0,17.2,17.35,3295856,1314127.15,2.5080191060659542,0.1875000000000025,0.03611111111111103,17.6,19.16916666666667,0.037356321839080664,,0.0,,,,,,72.0,72.0,5
9938,2026-04-23,44.9,45.0,43.7,43.95,3179421,1472461.9,2.159255190236162,0.19230769230769273,0.021158129175946453,44.6,49.06666666666667,0.01014656144306647,,0.0,,,,,,72.0,72.0,6
3047,2026-04-23,16.25,16.4,15.0,15.15,2738859,1129190.65,2.4255062685827236,0.10714285714285751,0.06769230769230768,15.35,17.0275,-0.05263157894736836,,0.0,,,,,,72.0,72.0,7
3050,2026-04-23,13.25,13.25,12.35,12.55,1841197,903284.6,2.0383354260661593,0.22222222222222332,0.05283018867924523,12.8,13.495833333333334,-0.02766798418972327,,0.0,,,,,,72.0,72.0,8
4167,2026-04-23,19.65,20.0,18.95,19.25,1697591,1214395.1,1.3978901924093732,0.2857142857142862,0.02035623409669204,19.4,20.2875,-0.03100775193798455,,0.0,,,,,,72.0,72.0,9
1789,2026-04-23,21.4,21.4,20.3,20.55,1540629,1093711.15,1.4086251200785511,0.2272727272727277,0.0397196261682242,20.6,22.478333333333335,-0.03649635036496346,,0.0,,,,,,72.0,72.0,10
4105,2026-04-23,73.5,73.5,72.1,72.1,1570558,1047664.25,1.4991043170557743,0.0,0.019047619047619126,72.7,80.28,0.042876901798063694,,0.0,,,,,,66.0,66.0,11
2206,2026-04-22,57.3,57.3,55.7,55.7,2254117,947068.35,2.380099598936022,0.0,0.02792321116928437,56.5,59.318333333333335,0.03949730700179521,,0.0,,,,,,72.0,72.0,1
9904,2026-04-21,27.5,27.5,27.05,27.05,27945776,9225750.4,3.029106011799322,0.0,0.016363636363636337,27.5,29.745833333333334,-0.051851851851851816,,0.0,,,,,,66.0,66.0,1
2913,2026-04-21,12.0,12.0,11.75,11.8,3831131,1810369.5,2.116214949489593,0.20000000000000284,0.016666666666666607,11.9,12.664166666666667,-0.06329113924050633,,0.0,,,,,,66.0,66.0,2
2913,2026-04-20,12.15,12.15,11.9,11.9,3521268,1681609.0,2.093987365671806,0.0,0.0205761316872428,12.0,12.688333333333333,-0.0708333333333333,,0.0,,,,,,72.0,72.0,1
5608,2026-04-20,16.35,16.45,15.8,15.8,2912551,1348795.5,2.1593718247132347,0.0,0.03363914373088689,16.0,17.195833333333333,-0.034700315457413144,,0.0,,,,,,72.0,72.0,2
2915,2026-04-16,46.35,46.8,45.5,45.6,4735962,2492044.4,1.9004324321027346,0.07692307692307819,0.016181229773462782,46.0,50.33833333333334,-0.01975850713501648,,0.0,,,,,,66.0,66.0,1
5009,2026-04-13,31.9,31.9,31.1,31.15,2955115,2152834.4,1.3726624769652511,0.06249999999999667,0.023510971786833857,31.7,33.58416666666667,-0.019108280254776955,,0.0,,,,,,72.0,72.0,1
2201,2026-04-10,27.05,27.15,26.35,26.35,5332332,2597403.35,2.0529472251585412,0.0,0.025878003696857645,26.85,29.7875,0.026515151515151603,0.05113636363636376,0.0,,,,,,72.0,72.0,1
3078,2026-04-10,56.3,56.4,54.5,54.7,4374824,981066.0,4.459255544479168,0.10526315789473842,0.02841918294849013,55.6,61.52166666666667,0.031135531135531025,0.04761904761904767,0.0,,,,,,72.0,72.0,2
9939,2026-04-10,115.5,116.0,111.5,112.0,3652272,1083756.0,3.3700131763976393,0.1111111111111111,0.030303030303030304,114.0,119.38333333333334,0.0044642857142858094,0.0714285714285714,0.0,,,,,,72.0,72.0,3
6143,2026-04-10,94.5,94.6,92.0,92.1,1662023,800086.7,2.077303622219942,0.03846153846153636,0.025396825396825456,94.5,104.26333333333334,-0.035637149028077686,0.05399568034557234,0.0,,,,,,72.0,72.0,4
9921,2026-04-09,70.0,70.1,67.8,67.9,2450235,1972078.6,1.2424631553732188,0.04347826086956898,0.02999999999999992,68.9,82.48833333333333,0.010294117647058787,-0.02941176470588236,0.0,,,,,,72.0,72.0,1
2023,2026-04-09,14.45,14.45,14.05,14.05,2308790,1919545.75,1.2027793554803266,0.0,0.027681660899653883,14.2,14.711666666666668,-0.017667844522968212,0.0176678445229681,0.0,,,,,,72.0,72.0,2
8210,2026-04-02,910.0,910.0,840.0,841.0,5623445,2674163.75,2.1028798255155468,0.014285714285714285,0.07582417582417582,861.0,926.4333333333333,0.19019836639439913,0.4760793465577595,0.0,,,,,,72.0,72.0,1
3227,2026-03-31,183.5,187.0,176.5,177.0,1584161,827020.15,1.9155047189599914,0.047619047619047616,0.035422343324250684,183.0,199.90833333333333,0.08493150684931505,0.13698630136986312,0.0,,,,,,72.0,72.0,1
4105,2026-03-26,76.0,76.2,74.3,74.4,3408600,961715.3,3.544292162139876,0.05263157894737275,0.021052631578947295,78.8,82.82,0.0053835800807537915,-0.02960969044414541,0.0,,,,,,72.0,72.0,1
2915,2026-03-23,47.6,47.6,46.8,46.8,3572119,2544834.0,1.4036746601153554,0.0,0.01680672268907572,48.2,52.44416666666667,0.012684989429175397,-0.05813953488372092,0.0,,,,,,66.0,66.0,1
9945,2026-03-20,26.5,26.7,25.95,25.95,11863894,7318237.15,1.6211409601559577,0.0,0.020754716981132102,26.1,29.1125,-0.013698630136986356,-0.025440313111546042,0.0,,,,,,72.0,72.0,1
4147,2026-03-20,50.3,50.5,48.1,48.55,1705049,951035.7,1.792833854712289,0.18749999999999833,0.03479125248508946,49.8,57.12416666666666,0.12448979591836729,0.038775510204081653,0.0,,,,,,72.0,72.0,2
9945,2026-03-16,27.5,27.5,26.5,26.7,17748879,5756894.55,3.0830648096550597,0.1999999999999993,0.029090909090909115,27.1,29.309166666666666,-0.08148148148148149,-0.06481481481481477,0.0,,,,,,72.0,72.0,1
1402,2026-03-13,27.85,28.05,27.3,27.3,25829529,17101877.35,1.5103329576854905,0.0,0.01974865350089769,27.7,28.23,-0.047186932849364815,-0.04174228675136127,0.0,,,,,,66.0,66.0,1
2889,2026-03-06,16.1,16.15,15.75,15.85,7222387,5436968.9,1.3283848285392987,0.25,0.015527950310559115,16.15,16.589166666666667,0.057507987220447365,-0.028753993610223683,0.0,,,,,,66.0,66.0,1
2376,2026-03-04,219.5,224.0,214.0,214.0,10609943,4282728.45,2.4773793444690613,0.0,0.025056947608200455,219.0,238.05,0.13409090909090904,0.05454545454545445,0.0,,,,,,72.0,72.0,1
2201,2026-03-04,29.45,29.5,28.55,28.55,6370761,4023792.2,1.583272863842223,0.0,0.030560271646859035,29.55,32.49166666666667,-0.025996533795493937,-0.03986135181975747,0.0,,,,,,72.0,72.0,2
1440,2026-03-04,12.95,13.0,12.65,12.65,3147646,1607532.65,1.95806038527429,0.0,0.023166023166023085,13.05,13.55,0.03937007874015741,0.007874015748031704,0.0,,,,,,72.0,72.0,3
9941,2026-03-04,73.9,73.9,71.8,71.9,2466123,1607525.15,1.5341116124994998,0.04761904761905149,0.027063599458728008,73.1,83.82166666666667,0.0729023383768912,0.05639614855570829,0.0,,,,,,72.0,72.0,4
5876,2026-03-04,39.1,39.2,38.5,38.5,18235762,7673863.9,2.376346810112178,0.0,0.015345268542199524,39.05,39.95333333333333,0.020618556701031077,0.011597938144330078,0.0,,,,,,66.0,66.0,5
2646,2026-03-04,22.3,22.35,21.85,21.9,9973341,5044756.5,1.9769717329270502,0.09999999999999432,0.017937219730941797,22.4,23.195833333333333,-0.013667425968109326,-0.038724373576309645,0.0,,,,,,66.0,66.0,6
2498,2026-03-03,44.7,45.25,42.85,43.0,8290183,6781134.65,1.222536260948601,0.062499999999999445,0.0380313199105146,43.4,47.560833333333335,0.005938242280284944,-0.06888361045130642,0.0,,,,,,72.0,72.0,1
2439,2026-02-26,96.6,96.6,94.0,94.6,5059196,1256644.6,4.025956105648327,0.2307692307692291,0.020703933747412008,96.3,100.62333333333332,-0.09022556390977432,-0.08378088077336199,0.0,,,,,,72.0,72.0,1
9941,2026-02-25,74.6,74.6,73.2,73.4,3268561,1637423.15,1.9961614687077072,0.14285714285714576,0.016085790884718346,74.5,85.17833333333333,0.01902173913043481,0.05842391304347849,0.0,,,,,,66.0,66.0,1
9941,2026-02-23,76.4,77.0,75.2,75.2,2769254,1512016.95,1.8314966641081636,0.0,0.01570680628272255,76.1,85.815,0.011936339522546247,0.035809018567639184,0.0,,,,,,66.0,66.0,1
6962,2026-02-10,37.5,37.65,36.15,36.25,8604763,2717551.5,3.1663661203844713,0.06666666666666761,0.03333333333333333,37.25,39.39416666666667,-0.11618257261410792,-0.13831258644536648,0.0,,,,,,72.0,72.0,1
6550,2026-02-09,30.3,30.3,29.1,29.15,1758682,1352772.3,1.300057666763283,0.041666666666664326,0.037953795379538025,30.0,30.696666666666665,0.027118644067796627,-0.288135593220339,0.0,,,,,,72.0,72.0,1
4147,2026-02-06,56.1,56.1,54.0,54.5,1123728,835767.6,1.3445460197308439,0.23809523809523794,0.02852049910873443,54.9,62.67166666666667,-0.04587155963302747,-0.04954128440366978,0.0,,,,,,72.0,72.0,1
6541,2026-02-06,50.6,50.6,49.1,49.35,1028878,829087.35,1.2409765991484492,0.16666666666666666,0.024703557312252964,49.85,54.69916666666666,-0.1097804391217565,-0.1347305389221557,0.0,,,,,,72.0,72.0,2
3293,2026-02-04,702.0,702.0,689.0,691.0,2716756,1429896.45,1.8999669521523745,0.15384615384615385,0.01566951566951567,699.0,730.1833333333333,0.00870827285921627,0.04354136429608135,0.0,,,,,,66.0,66.0,1
2913,2026-02-02,13.0,13.0,12.7,12.7,3186138,1562497.1,2.039132104629186,0.0,0.02307692307692313,12.95,13.542499999999999,0.019379844961240345,-0.050387596899224785,0.0,,,,,,72.0,72.0,1
2845,2026-02-02,12.5,12.5,12.3,12.3,12929015,7150654.55,1.8080883238863776,0.0,0.015999999999999945,12.45,12.705,0.03238866396761142,0.004048582995951566,0.0,,,,,,66.0,66.0,2
9945,2026-01-30,29.4,29.45,28.8,28.8,10590422,6633178.6,1.5965832730630833,0.0,0.02040816326530605,28.9,29.763333333333332,0.022530329289428108,-0.03119584055459279,0.0,,,,,,72.0,72.0,1
2354,2026-01-30,58.7,58.7,56.9,57.4,8187128,6469934.8,1.2654112063076741,0.2777777777777771,0.02214650766609888,58.3,62.891666666666666,0.0369718309859155,-0.04225352112676051,0.0,,,,,,72.0,72.0,2
2421,2026-01-30,150.5,150.5,143.0,143.0,3496259,2450072.65,1.4270021748130612,0.0,0.04983388704318937,147.0,161.36666666666667,0.043165467625899234,0.010791366906474753,0.0,,,,,,72.0,72.0,3
6278,2026-01-30,94.2,94.4,92.1,92.2,1947457,1602623.4,1.2151682048321522,0.043478260869568706,0.021231422505307854,93.1,98.23666666666666,0.08180839612486546,0.07642626480086112,0.0,,,,,,72.0,72.0,4
4147,2026-01-30,58.5,59.1,56.4,56.6,1091297,868076.15,1.2571443185024724,0.07407407407407506,0.03247863247863245,57.5,63.580000000000005,-0.0782918149466193,-0.08896797153024916,0.0,,,,,,72.0,72.0,5
2886,2026-01-30,39.4,39.4,38.6,38.8,49184394,18081497.2,2.720150519393936,0.24999999999999556,0.015228426395939123,39.15,40.236666666666665,0.04481434058898848,0.006402048655569814,0.0,,,,,,66.0,66.0,6
2615,2026-01-30,74.7,74.9,73.1,73.5,8902523,7131850.3,1.2482767620627147,0.222222222222224,0.016064257028112486,74.0,79.05166666666668,0.021592442645074428,0.07692307692307687,0.0,,,,,,66.0,66.0,7
6456,2026-01-29,41.2,41.2,40.0,40.0,2445295,1017135.45,2.4040996703044812,0.0,0.029126213592233077,40.9,43.29666666666667,0.08964646464646453,0.452020202020202,0.0,,,,,,72.0,72.0,1
2204,2026-01-23,57.0,57.0,55.9,56.0,1708194,1169269.75,1.460906689837824,0.09090909090909208,0.017543859649122806,56.6,59.055,0.0035714285714285587,0.010714285714285676,0.0,,,,,,66.0,66.0,1
2912,2026-01-22,217.5,217.5,212.0,213.5,7365612,2581176.7,2.853586893140636,0.2727272727272727,0.01839080459770115,216.0,229.3,0.025761124121779888,0.04683840749414525,0.0,,,,,,66.0,66.0,1
2204,2026-01-21,58.1,58.1,57.0,57.0,2396035,1083459.95,2.211466146025979,0.0,0.018932874354561126,57.5,59.163333333333334,-0.02608695652173909,0.03826086956521735,0.0,,,,,,66.0,66.0,1
3078,2026-01-12,66.0,66.0,64.0,64.5,4586787,1416925.25,3.2371411265343744,0.25,0.022727272727272728,66.8,71.82,0.0030864197530864335,-0.0493827160493826,0.0,,,,,,72.0,72.0,1
3515,2026-01-12,246.0,246.0,237.5,238.0,1525854,956259.3,1.5956487952587755,0.058823529411764705,0.032520325203252036,239.5,267.85,-0.043749999999999956,-0.09375,0.0,,,,,,72.0,72.0,2
2354,2026-01-08,60.9,60.9,59.2,59.2,11583842,4662729.2,2.484348008029289,0.0,0.027914614121510604,60.2,65.51166666666667,0.011844331641285955,-0.03891708967851104,0.0,,,,,,72.0,72.0,1
6962,2026-01-05,38.9,38.9,37.45,37.55,5082823,1736061.75,2.927789290905119,0.06896551724137559,0.034704370179948624,38.8,41.497499999999995,0.031957390146471365,0.038615179760319585,0.0,,,,,,72.0,72.0,1
2103,2026-01-05,15.0,15.0,14.6,14.65,2829494,2190249.75,1.2918590676702508,0.12500000000000167,0.02333333333333331,15.0,15.223333333333333,0.05387205387205385,-0.01683501683501687,0.0,,,,,,72.0,72.0,2
2392,2026-01-05,37.4,37.4,36.3,36.45,2314900,1091389.7,2.1210572172341373,0.13636363636364135,0.025401069518716464,36.55,41.642500000000005,0.13305898491083656,0.06721536351165969,0.0,,,,,,72.0,72.0,3
1229,2026-01-05,47.0,47.1,46.2,46.25,4206255,1255569.45,3.350077528566819,0.055555555555552485,0.015957446808510637,46.35,47.955000000000005,0.009729729729729852,-0.01729729729729723,0.0,,,,,,66.0,66.0,4
8163,2026-01-05,29.95,30.1,29.25,29.45,1256585,829869.25,1.514196362860776,0.2352941176470576,0.01669449081803005,29.9,33.278333333333336,0.09507640067911716,0.039049235993208864,0.0,,,,,,66.0,66.0,5
9921,2026-01-02,92.4,92.7,88.0,88.6,3275335,829575.95,3.948203898630379,0.12765957446808382,0.041125541125541246,92.0,98.15833333333333,0.07223476297968401,0.007900677200902928,0.0,,,,,,72.0,72.0,1
2103,2026-01-02,15.55,15.7,15.0,15.0,3249687,2132976.85,1.5235453680615427,0.0,0.03536977491961419,15.25,15.24,0.010000000000000009,0.016666666666666607,0.0,,,,,,72.0,72.0,2
9938,2026-01-02,50.7,50.9,49.85,49.85,2476096,1228625.8,2.0153377863300608,0.0,0.016765285996055253,50.3,55.089166666666664,0.07121364092276816,0.0030090270812437314,0.0,,,,,,66.0,66.0,3
1305,2026-01-02,10.95,11.0,10.7,10.75,1731917,1066634.2,1.6237216095264901,0.16666666666666863,0.01826484018264834,10.9,11.226666666666667,0.10697674418604652,0.1581395348837209,0.0,,,,,,66.0,66.0,4
6446,2025-12-30,488.0,488.0,472.5,472.5,2761267,1397675.9,1.975613230506443,0.0,0.031762295081967214,483.5,504.0083333333333,0.1153439153439153,0.4814814814814814,0.0,,,,,,72.0,72.0,1
2458,2025-12-30,122.0,122.5,119.0,119.5,2280950,1887756.6,1.2082860682357037,0.14285714285714285,0.020491803278688523,121.0,127.76666666666667,-0.025000000000000022,-0.02083333333333337,0.0,,,,,,72.0,72.0,2
9941,2025-12-30,88.6,88.7,87.0,87.0,2075883,1262344.3,1.6444665690651907,0.0,0.01805869074492093,88.5,94.61833333333334,-0.05561993047508684,-0.0961761297798377,0.0,,,,,,66.0,66.0,3
9941,2025-12-29,90.3,90.4,88.5,88.7,2781075,1179617.6,2.3576072449241177,0.10526315789473803,0.017718715393133935,90.1,94.87666666666668,-0.09593679458239279,-0.11512415349887117,0.0,,,,,,66.0,66.0,1
2377,2025-12-26,98.1,98.6,96.0,96.2,8684030,5500688.1,1.578717033601669,0.07692307692307819,0.01936799184505598,98.0,106.04166666666667,0.04058272632674309,0.03017689906347565,0.0,,,,,,66.0,66.0,1
3023,2025-12-23,203.5,204.5,198.5,199.0,1473594,969030.2,1.5206894480688011,0.08333333333333333,0.022113022113022112,199.5,217.975,-0.05276381909547734,-0.05025125628140703,0.0,,,,,,72.0,72.0,1
6278,2025-12-23,96.5,97.0,94.6,94.6,2143275,1080895.75,1.9828693007628164,0.0,0.019689119170984516,95.1,103.11999999999999,0.010526315789473717,0.025263157894736876,0.0,,,,,,66.0,66.0,2
9938,2025-12-22,52.1,52.1,51.3,51.3,1890379,1136365.75,1.663530425833408,0.0,0.015355086372360926,51.6,55.593333333333334,0.005813953488372103,0.01744186046511631,0.0,,,,,,66.0,66.0,1
2357,2025-12-18,566.0,580.0,553.0,554.0,12503671,3931003.0,3.1807838864534066,0.037037037037037035,0.02120141342756184,557.0,646.4666666666667,-0.017985611510791366,-0.08273381294964033,0.0,,,,,,72.0,72.0,1
3702,2025-12-17,61.3,61.9,59.7,59.8,24205634,19906222.75,1.215983278394692,0.04545454545454296,0.024469820554649267,60.6,63.781666666666666,-0.011686143572620988,0.07679465776293815,0.0,,,,,,72.0,72.0,1
2347,2025-12-17,59.4,59.4,57.3,57.3,19577339,11973866.7,1.635005590967536,0.0,0.03535353535353538,58.3,59.975,0.012195121951219523,0.1376306620209058,0.0,,,,,,72.0,72.0,2
2352,2025-12-17,26.9,27.1,25.5,25.7,16390754,3636584.4,4.507183718876427,0.12499999999999944,0.04460966542750927,26.3,29.53083333333333,-0.08382066276803113,-0.021442495126705596,0.0,,,,,,72.0,72.0,3
2362,2025-12-17,40.75,41.2,39.35,39.4,982487,814746.25,1.2058809721431674,0.02702702702702547,0.03312883435582826,39.7,40.64333333333333,-0.022698612862547263,-0.020176544766708604,0.0,,,,,,72.0,72.0,4
2912,2025-12-17,226.5,226.5,222.0,222.0,3003903,2394300.6,1.2546056247072737,0.0,0.019867549668874173,225.5,239.43333333333334,-0.0022522522522522292,-0.009009009009009028,0.0,,,,,,66.0,66.0,5
2439,2025-12-16,99.0,99.1,95.5,96.3,5539985,1645262.4,3.367234916448586,0.2222222222222218,0.027272727272727303,98.7,103.30666666666666,0.007216494845360799,0.12371134020618557,0.0,,,,,,72.0,72.0,1
2458,2025-12-16,124.5,124.5,121.0,122.0,2597584,1303090.5,1.9934026071097901,0.2857142857142857,0.020080321285140562,124.0,128.75,-0.03658536585365857,-0.04878048780487809,0.0,,,,,,72.0,72.0,2
1319,2025-12-10,91.9,91.9,89.7,90.2,4229121,2680389.5,1.5778009128897126,0.227272727272727,0.01849836779107729,91.0,95.71666666666667,0.0715083798882683,0.058100558659217816,0.0,,,,,,66.0,66.0,1
1319,2025-12-09,95.1,95.1,91.0,91.9,5204246,2536039.8,2.052115270430693,0.2195121951219529,0.033648790746582426,94.3,95.775,0.0359085963003265,0.0359085963003265,0.0,,,,,,72.0,72.0,1
6176,2025-12-09,117.5,117.5,115.0,115.5,2437993,1717203.7,1.4197459509317387,0.2,0.01702127659574468,116.0,130.75,0.09090909090909083,0.06060606060606055,0.0,,,,,,66.0,66.0,2
2385,2025-11-19,122.0,122.5,118.5,118.5,4151415,2059372.7,2.015863859902581,0.0,0.028688524590163935,120.5,133.21666666666667,-0.02083333333333337,-0.050000000000000044,0.0,,,,,,72.0,72.0,1
2103,2025-11-19,14.2,14.2,13.75,13.8,4122263,1440212.6,2.8622600579942152,0.11111111111111287,0.028169014084506942,14.05,15.8575,0.13978494623655924,0.1254480286738351,0.0,,,,,,72.0,72.0,2
9939,2025-11-19,126.0,126.5,121.5,122.0,1452664,1070246.55,1.357317152762604,0.1,0.031746031746031744,124.0,129.43333333333334,0.024390243902439046,-0.04065040650406504,0.0,,,,,,72.0,72.0,3
1101,2025-11-18,21.35,21.35,20.85,20.85,34186331,22522904.05,1.5178473843385218,0.0,0.023419203747072598,20.9,22.697499999999998,0.09352517985611497,0.0695443645083933,0.0,,,,,,72.0,72.0,1
9945,2025-11-18,29.5,29.5,28.8,28.9,14576856,4542630.45,3.208902014030219,0.14285714285713996,0.020338983050847505,29.5,29.967499999999998,0.027491408934707806,0.029209621993127044,0.0,,,,,,72.0,72.0,2
2454,2025-11-18,1220.0,1220.0,1170.0,1170.0,10222030,6256823.55,1.633741133709932,0.0,0.040983606557377046,1225.0,1350.8333333333333,0.23043478260869565,0.23478260869565215,0.0,,,,,,72.0,72.0,3
2103,2025-11-18,14.4,14.45,14.05,14.1,4132650,1270405.3,3.2530169702535088,0.12499999999999778,0.02083333333333338,14.45,15.917499999999999,0.10563380281690149,0.13028169014084523,0.0,,,,,,72.0,72.0,4
3030,2025-11-18,151.0,152.0,143.0,144.5,3808612,2046759.9,1.8608005755829007,0.16666666666666666,0.04304635761589404,145.5,172.89166666666668,0.10069444444444442,0.15625,0.0,,,,,,72.0,72.0,5
2385,2025-11-18,123.0,124.5,120.5,120.5,3780497,1936834.85,1.9518943496911985,0.0,0.02032520325203252,122.5,133.5,-0.04508196721311475,-0.06557377049180324,0.0,,,,,,72.0,72.0,6
4128,2025-11-18,19.8,19.8,19.0,19.2,3228974,1399272.7,2.3076088027730406,0.2499999999999989,0.030303030303030373,19.75,22.9575,0.15064935064935048,-0.007792207792207684,0.0,,,,,,72.0,72.0,7
6176,2025-11-18,120.5,121.0,118.0,118.0,3115102,1770242.45,1.7597035931434137,0.0,0.02074688796680498,121.0,136.35833333333332,0.0,-0.03813559322033899,0.0,,,,,,72.0,72.0,8
3023,2025-11-18,212.0,212.5,206.0,207.0,2460247,1388921.7,1.7713359939584787,0.15384615384615385,0.02358490566037736,210.5,224.04166666666666,0.03325415676959631,-0.019002375296912066,0.0,,,,,,72.0,72.0,9
3078,2025-11-18,73.1,73.2,70.6,70.6,2340804,1147828.8,2.03933199794255,0.0,0.03419972640218878,72.3,80.28333333333333,-0.011267605633802802,-0.04647887323943656,0.0,,,,,,72.0,72.0,10
3714,2025-11-18,32.75,32.75,31.8,31.85,2207170,1416156.8,1.55856328903692,0.05263157894736921,0.02748091603053431,32.8,37.025,0.020440251572327206,0.037735849056603765,0.0,,,,,,72.0,72.0,11
6789,2025-11-18,238.0,239.5,227.5,229.5,1871195,1278332.55,1.463777950424559,0.16666666666666666,0.03571428571428571,236.0,266.3333333333333,0.13725490196078427,0.15468409586056642,0.0,,,,,,72.0,72.0,12
1810,2025-11-18,17.05,17.1,16.35,16.5,1668358,832083.6,2.005036513158053,0.1999999999999981,0.03225806451612907,17.05,19.6275,0.023880597014925398,0.017910447761193993,0.0,,,,,,72.0,72.0,13
4164,2025-11-18,40.5,40.5,39.0,39.4,1621689,1157519.6,1.401003490567244,0.2666666666666657,0.02716049382716053,40.8,46.079166666666666,-0.05296343001261039,-0.031525851197982346,0.0,,,,,,72.0,72.0,14
8105,2025-11-18,11.1,11.25,10.85,10.85,1048135,847728.7,1.2364038164568454,0.0,0.022522522522522525,11.05,12.706666666666667,-0.009302325581395321,0.04651162790697683,0.0,,,,,,72.0,72.0,15
2845,2025-11-18,12.65,12.65,12.45,12.45,10385066,5837545.7,1.7790123681601326,0.0,0.01581027667984198,12.55,12.691666666666666,0.016064257028112428,0.024096385542168752,0.0,,,,,,66.0,66.0,16
2006,2025-11-18,60.8,60.9,59.8,59.8,3050423,1090339.55,2.7976816946610805,0.0,0.01644736842105263,60.6,61.47666666666667,0.19000000000000017,0.15666666666666673,0.0,,,,,,66.0,66.0,17
2610,2025-11-17,19.6,19.6,19.05,19.15,27407229,19660896.85,1.3939968867696897,0.18181818181817772,0.02295918367346953,19.35,20.71333333333333,-0.002617801047120505,0.036649214659685736,0.0,,,,,,72.0,72.0,1
2646,2025-11-17,23.45,23.45,22.95,22.95,8680267,4354993.8,1.9931755126723718,0.0,0.021321961620469083,23.35,24.61,0.008714596949890963,0.01089324618736387,0.0,,,,,,72.0,72.0,2
6278,2025-11-17,102.5,102.5,98.7,98.8,4363115,2367609.55,1.8428355300391488,0.026315789473682735,0.03609756097560978,102.0,105.69666666666667,0.029263370332996974,-0.013118062563067578,0.0,,,,,,72.0,72.0,3
4128,2025-11-17,20.4,20.5,19.75,19.8,2996437,1282438.05,2.3365159821950074,0.06666666666666761,0.029411764705882252,20.15,23.034166666666668,0.08080808080808066,-0.032828282828282984,0.0,,,,,,72.0,72.0,4
6446,2025-11-17,480.0,483.0,466.0,467.0,2764446,1811729.4,1.5258603188754347,0.058823529411764705,0.027083333333333334,480.5,508.8,0.11471861471861478,0.10606060606060597,0.0,,,,,,72.0,72.0,5
6176,2025-11-17,125.0,125.0,121.0,121.5,2365796,1735467.6,1.3632037843864098,0.125,0.028,125.0,136.625,-0.012448132780082943,-0.04149377593360992,0.0,,,,,,72.0,72.0,6
4114,2025-11-17,32.7,32.85,31.9,32.0,2261667,881682.8,2.5651708301443557,0.10526315789473803,0.021406727828746263,32.7,34.31583333333333,0.0062597809076681,-0.014084507042253502,0.0,,,,,,72.0,72.0,7
4960,2025-11-17,13.6,13.7,13.1,13.1,1058565,804135.25,1.31640168740271,0.0,0.03676470588235294,13.25,14.084166666666667,0.011538461538461497,0.05769230769230771,0.0,,,,,,72.0,72.0,8
4714,2025-11-14,17.6,18.05,17.2,17.2,2489347,1887647.2,1.3187564922089254,0.0,0.022727272727272846,17.4,19.20583333333333,-0.05475504322766589,-0.03458213256484155,0.0,,,,,,72.0,72.0,1
2618,2025-11-14,35.1,35.15,34.45,34.5,41728127,25817550.3,1.6162698054276667,0.0714285714285678,0.017094017094017134,35.1,37.95166666666667,-0.011594202898550732,0.023188405797101463,0.0,,,,,,66.0,66.0,2
6446,2025-11-14,490.0,491.5,480.5,480.5,2599483,1762282.7,1.475065833648597,0.0,0.019387755102040816,490.0,509.28333333333336,0.07499999999999996,0.04583333333333339,0.0,,,,,,66.0,66.0,3
2618,2025-11-13,36.5,36.5,35.1,35.1,70968791,23029695.05,3.0816209613683094,0.0,0.038356164383561604,35.6,38.044999999999995,-0.027065527065527117,0.012820512820512775,0.0,,,,,,72.0,72.0,1
5009,2025-11-13,33.2,33.2,32.3,32.35,4409204,2559844.7,1.7224498033025206,0.055555555555559945,0.025602409638554258,33.0,35.7275,-0.007751937984496138,-0.032558139534883734,0.0,,,,,,72.0,72.0,2
2365,2025-11-13,36.4,36.4,34.75,34.9,3084694,1667487.15,1.8499057099180645,0.09090909090909012,0.04120879120879121,35.9,41.65833333333333,-0.02183406113537123,0.034934497816593746,0.0,,,,,,72.0,72.0,3
6125,2025-11-13,66.2,66.2,64.9,65.2,1829898,1154058.0,1.5856204800798572,0.2307692307692291,0.015105740181268881,65.8,74.85666666666665,-0.020312499999999956,0.02968750000000009,0.0,,,,,,66.0,66.0,4
2049,2025-11-12,209.5,210.0,204.0,205.0,5932964,2652387.45,2.236839116396814,0.16666666666666666,0.021479713603818614,206.5,214.74166666666667,-0.06467661691542292,-0.00497512437810943,0.0,,,,,,72.0,72.0,1
6176,2025-11-11,129.5,130.0,126.5,126.5,3086243,1702766.55,1.8124874487345315,0.0,0.023166023166023165,129.0,137.4,-0.07480314960629919,-0.09055118110236215,0.0,,,,,,72.0,72.0,1
2385,2025-11-10,127.5,128.5,122.5,123.5,3636844,1853292.5,1.96236913493148,0.16666666666666666,0.03137254901960784,126.5,134.49166666666667,-0.05241935483870963,-0.05241935483870963,0.0,,,,,,72.0,72.0,1
9941,2025-11-10,94.0,94.5,91.4,92.0,1588194,819417.95,1.9381977170502551,0.19354838709677272,0.02127659574468085,92.8,100.12166666666667,0.017391304347825987,0.014130434782608559,0.0,,,,,,72.0,72.0,2
4763,2025-11-07,59.1,59.1,56.9,57.2,10121881,7683018.45,1.317435467046158,0.13636363636363813,0.032148900169204714,57.7,64.30333333333333,-0.060070671378091856,-0.051236749116607694,0.0,,,,,,72.0,72.0,1
1513,2025-11-07,149.5,149.5,145.0,145.0,8370492,5748134.05,1.4562102983663021,0.0,0.030100334448160536,148.0,159.31666666666666,0.04123711340206193,0.013745704467353903,0.0,,,,,,72.0,72.0,2
6438,2025-11-07,152.0,152.0,147.0,147.5,1617527,959371.1,1.6860284826174148,0.1,0.029605263157894735,149.5,173.76666666666668,-0.20270270270270274,-0.057432432432432456,0.0,,,,,,72.0,72.0,3
1618,2025-11-07,43.55,43.55,42.3,42.5,1591567,1080254.15,1.4733264389680893,0.16000000000000228,0.024110218140068824,43.8,46.12583333333334,-0.04823529411764704,-0.02352941176470591,0.0,,,,,,72.0,72.0,4
2454,2025-11-07,1285.0,1295.0,1260.0,1260.0,8573403,6471064.5,1.324882946229326,0.0,0.019455252918287938,1280.0,1368.0833333333333,-0.08399999999999996,0.1399999999999999,0.0,,,,,,66.0,66.0,5
2393,2025-11-07,56.9,57.2,55.9,56.0,2039579,1490984.75,1.3679408860486333,0.07692307692307776,0.015817223198594,56.5,63.36833333333333,-0.0982142857142857,-0.06964285714285712,0.0,,,,,,66.0,66.0,6
1618,2025-11-06,45.0,45.4,43.8,43.8,1824912,1058704.65,1.7237215308348746,0.0,0.02666666666666673,43.9,46.23916666666666,-0.05281285878300801,-0.028702640642939148,0.0,,,,,,72.0,72.0,1
2377,2025-11-04,109.0,110.0,103.5,104.5,9484170,6344495.55,1.4948658920566191,0.15384615384615385,0.04128440366972477,107.0,123.76666666666667,0.004878048780487809,-0.004878048780487809,0.0,,,,,,72.0,72.0,1
2347,2025-11-04,56.7,57.0,55.5,55.5,7523636,4398808.2,1.7103805526233218,0.0,0.02116402116402121,56.4,60.276666666666664,0.06170598911070768,0.12341197822141559,0.0,,,,,,72.0,72.0,2
2201,2025-11-04,32.25,32.9,31.7,31.7,3837910,1930103.9,1.9884473576785169,0.0,0.017054263565891493,31.95,33.6375,0.17405063291139244,0.10126582278481,0.0,,,,,,66.0,66.0,3
2395,2025-11-04,315.0,318.5,309.0,309.0,2525228,1758318.95,1.4361603735204014,0.0,0.01904761904761905,310.0,326.3666666666667,-0.07868852459016396,-0.059016393442622994,0.0,,,,,,66.0,66.0,4
1101,2025-11-03,22.1,22.15,21.5,21.5,44983386,23523975.65,1.9122356981354893,0.0,0.02714932126696839,22.1,22.748333333333335,0.0,0.0604651162790697,0.0,,,,,,72.0,72.0,1
1102,2025-11-03,36.1,36.1,35.45,35.45,8469785,4039170.5,2.0969119773478244,0.0,0.018005540166204946,35.95,37.34,0.06205923836389271,0.10014104372355415,0.0,,,,,,66.0,66.0,2
2104,2025-11-03,10.3,10.3,10.1,10.1,1785151,1277928.95,1.3969094291196706,0.0,0.019417475728155442,10.25,11.064166666666667,-0.01980198019801971,0.03960396039603964,0.0,,,,,,66.0,66.0,3
9941,2025-11-03,96.5,96.5,94.5,94.7,1392656,851225.2,1.636060586552184,0.10000000000000142,0.018652849740932613,95.7,100.86999999999999,-0.010559662090813049,-0.007391763463569179,0.0,,,,,,66.0,66.0,4
2347,2025-10-31,58.3,58.4,56.8,56.8,7150819,4236446.45,1.6879285704177849,0.0,0.025728987993138937,57.4,60.65,0.03839441535776622,0.09773123909249559,0.0,,,,,,72.0,72.0,1
3034,2025-10-31,402.5,402.5,391.0,393.0,4582138,2452812.05,1.8681162301041372,0.17391304347826086,0.02360248447204969,398.0,426.725,-0.005102040816326481,-0.0063775510204081565,0.0,,,,,,72.0,72.0,2
2104,2025-10-31,10.55,10.55,10.25,10.25,1889514,1225262.8,1.5421295741615595,0.0,0.028436018957346036,10.4,11.086666666666668,-0.024271844660194164,-0.019417475728155442,0.0,,,,,,72.0,72.0,3
2886,2025-10-31,41.2,41.25,40.35,40.4,22242244,14446500.05,1.5396285552222733,0.055555555555552485,0.019417475728155442,40.45,41.5125,-0.013597033374536549,-0.008652657601977753,0.0,,,,,,66.0,66.0,4
1434,2025-10-31,15.2,15.2,14.85,14.9,1939603,1067997.9,1.8161112489078866,0.14285714285714504,0.019736842105263087,14.95,15.506666666666666,0.08389261744966436,0.057046979865771785,0.0,,,,,,66.0,66.0,5
3545,2025-10-30,60.8,61.2,59.4,59.6,1546200,1221665.75,1.2656489714964998,0.11111111111111242,0.019736842105263087,60.4,65.915,-0.08026755852842804,-0.12040133779264206,0.0,,,,,,66.0,66.0,1
2014,2025-10-29,15.4,15.4,15.05,15.15,6504002,4466397.95,1.4562074568389052,0.285714285714285,0.016233766233766232,15.3,15.781666666666666,-0.04620462046204632,0.0033003300330032292,0.0,,,,,,66.0,66.0,1
2618,2025-10-28,37.05,37.25,36.2,36.25,41571014,21540336.65,1.9299147768890605,0.04761904761904504,0.02159244264507415,37.0,38.549166666666665,-0.004137931034482678,-0.07448275862068976,0.0,,,,,,72.0,72.0,1
5876,2025-10-28,41.15,41.15,40.25,40.25,6476081,4218153.35,1.5352881848167044,0.0,0.021871202916160355,40.5,42.105000000000004,-0.032098765432098664,-0.024691358024691357,0.0,,,,,,72.0,72.0,2
5009,2025-10-28,34.55,34.55,33.65,33.8,3184310,1585175.95,2.008805394757598,0.16666666666666535,0.021707670043415343,34.1,36.193333333333335,-0.014792899408283988,-0.06952662721893488,0.0,,,,,,72.0,72.0,3
6757,2025-10-28,70.0,70.1,68.3,68.4,2819368,2206811.45,1.2775753905028904,0.05555555555556038,0.022857142857142777,69.9,80.82,0.0014619883040933868,-0.024853801169590684,0.0,,,,,,72.0,72.0,4
3293,2025-10-28,747.0,748.0,730.0,730.0,2428337,1586825.9,1.530310918166889,0.0,0.022757697456492636,745.0,785.1,-0.006775067750677488,0.042005420054200604,0.0,,,,,,72.0,72.0,5
2108,2025-10-28,23.25,23.25,22.45,22.55,1686185,1133436.95,1.4876742813087223,0.12500000000000167,0.0301075268817204,23.0,23.875833333333333,-0.037527593818984406,-0.004415011037527505,0.0,,,,,,72.0,72.0,6
4174,2025-10-28,25.75,25.8,25.0,25.0,1624615,1145188.0,1.418644798932577,0.0,0.02912621359223301,25.15,28.565,-0.06786427145708585,0.055888223552894134,0.0,,,,,,72.0,72.0,7
6547,2025-10-28,36.85,36.9,35.8,35.85,1407628,998886.2,1.4091975642470584,0.04545454545454927,0.027137042062415195,36.25,38.939166666666665,0.009735744089012455,0.06258692628650908,0.0,,,,,,72.0,72.0,8
2347,2025-10-28,59.2,59.3,58.0,58.2,5478190,4106139.35,1.3341461487418833,0.15384615384615638,0.01689189189189189,58.5,61.083333333333336,-0.00171232876712335,0.03938356164383561,0.0,,,,,,66.0,66.0,9
4532,2025-10-28,23.7,23.7,23.3,23.3,1993697,1643651.0,1.2129685681449407,0.0,0.016877637130801627,23.5,24.065,-0.030042918454935563,0.012875536480686733,0.0,,,,,,66.0,66.0,10
2884,2025-10-27,31.1,31.45,29.9,30.3,280910308,25070857.65,11.204654899390729,0.2580645161290335,0.02572347266881031,32.2,33.2275,-0.004950495049505066,-0.0066006600660065695,0.0,,,,,,72.0,72.0,1
2618,2025-10-27,37.9,38.05,37.0,37.0,59298687,19475478.2,3.0447872134918876,0.0,0.023746701846965663,37.05,38.579166666666666,-0.03643724696356265,-0.09176788124156543,0.0,,,,,,72.0,72.0,2
2393,2025-10-27,62.0,62.3,59.5,59.5,3446269,953706.8,3.6135518798859354,0.0,0.04032258064516129,61.1,65.00500000000001,-0.07058823529411773,-0.14957983193277313,0.0,,,,,,72.0,72.0,3
3293,2025-10-27,761.0,765.0,745.0,745.0,2248804,1550356.3,1.4505078606769295,0.0,0.02102496714848883,754.0,785.9166666666666,-0.03614457831325302,0.03614457831325302,0.0,,,,,,72.0,72.0,4
2332,2025-10-23,17.05,17.05,16.65,16.75,4878720,2571161.05,1.8974774061702593,0.2500000000000022,0.017595307917888603,16.9,17.365833333333335,-0.050295857988165604,-0.12130177514792895,0.0,,,,,,66.0,66.0,1
5871,2025-10-21,106.0,106.0,103.0,103.0,10723093,6818150.45,1.572727542261846,0.0,0.02830188679245283,105.0,114.70833333333333,-0.024038461538461564,-0.038461538461538436,0.0,,,,,,72.0,72.0,1
2105,2025-10-16,35.4,35.45,34.25,34.3,9917967,5527421.1,1.7943208633045888,0.0416666666666642,0.031073446327683656,34.9,38.61333333333334,-0.06997084548104948,-0.04956268221574334,0.0,,,,,,72.0,72.0,1
2105,2025-10-15,35.75,36.0,34.9,35.0,9850970,5186045.45,1.8995147834656945,0.09090909090909208,0.02097902097902098,35.2,38.71333333333334,-0.08333333333333326,-0.0847457627118644,0.0,,,,,,72.0,72.0,1
1722,2025-10-15,48.55,48.8,47.8,47.8,2502562,1556683.95,1.6076236926577165,0.0,0.015447991761071062,48.3,51.55333333333333,0.007268951194184803,-0.011422637590861817,0.0,,,,,,66.0,66.0,2
6176,2025-10-15,134.0,134.0,131.5,131.5,1827906,1480154.75,1.2349424950330363,0.0,0.018656716417910446,134.0,139.525,-0.018939393939393923,-0.030303030303030276,0.0,,,,,,66.0,66.0,3
3293,2025-10-14,778.0,782.0,760.0,760.0,2452013,2039887.85,1.2020332392293036,0.0,0.02313624678663239,768.0,790.7666666666667,-0.04210526315789476,-0.021052631578947323,0.0,,,,,,72.0,72.0,1
9939,2025-10-13,126.5,126.5,124.5,124.5,1691641,1253522.75,1.3495096120114294,0.0,0.015810276679841896,125.0,136.95833333333334,0.04400000000000004,0.0040000000000000036,0.0,,,,,,66.0,66.0,1
3702,2025-10-09,64.8,64.8,62.6,62.6,11008840,4203245.65,2.6191283871310254,0.0,0.03395061728395055,64.4,66.90333333333334,0.021311475409836023,0.003278688524590123,0.0,,,,,,72.0,72.0,1
1519,2025-10-09,571.0,571.0,553.0,554.0,2213092,1835352.2,1.2058132493588969,0.05555555555555555,0.0297723292469352,562.0,616.95,0.11698113207547167,0.4528301886792452,0.0,,,,,,72.0,72.0,2
6472,2025-10-07,693.0,693.0,663.0,663.0,1857358,847891.05,2.1905621011095704,0.0,0.04329004329004329,674.0,747.1166666666667,-0.027108433734939763,-0.034638554216867457,0.0,,,,,,72.0,72.0,1
2103,2025-10-03,15.95,15.95,15.6,15.7,2329608,1078472.15,2.1601002863170833,0.285714285714285,0.015673981191222573,15.9,17.1075,-0.028753993610223683,-0.054313099041533475,0.0,,,,,,66.0,66.0,1
1514,2025-10-02,101.5,101.5,97.8,98.1,3328256,1832312.5,1.8164237814237474,0.08108108108108025,0.03349753694581287,100.0,105.21000000000001,0.024464831804281495,0.1416921508664628,0.0,,,,,,72.0,72.0,1
2034,2025-10-02,19.65,19.65,19.25,19.35,2145171,1013814.3,2.1159407595651394,0.25000000000000444,0.015267175572518941,19.55,20.75583333333333,0.04166666666666674,-0.015625,0.0,,,,,,66.0,66.0,2
2105,2025-10-01,37.7,37.7,36.55,36.55,14313674,4348495.75,3.2916380336809574,0.0,0.030503978779841,37.3,39.14416666666667,-0.07901907356948246,-0.14441416893732983,0.0,,,,,,72.0,72.0,1
2609,2025-10-01,53.2,53.4,52.3,52.3,16877750,13196418.2,1.2789644693133475,0.0,0.016917293233082813,53.0,59.35166666666667,0.04038461538461546,0.08653846153846145,0.0,,,,,,66.0,66.0,2
5871,2025-09-30,113.5,114.0,111.0,111.5,15208702,4331181.95,3.5114437988457166,0.16666666666666666,0.01762114537444934,113.0,119.61666666666666,-0.040723981900452455,-0.0678733031674208,0.0,,,,,,66.0,66.0,1
2474,2025-09-30,185.5,185.5,182.0,182.5,3014321,2060254.15,1.4630821153788236,0.14285714285714285,0.016172506738544475,184.0,199.6,-0.032697547683923744,0.08174386920980936,0.0,,,,,,66.0,66.0,2
2609,2025-09-26,55.0,55.0,53.0,53.3,20407184,13276725.65,1.5370645246405312,0.14999999999999858,0.030909090909090962,55.0,60.013333333333335,-0.009310986964618295,0.11731843575418988,0.0,,,,,,72.0,72.0,1
1513,2025-09-26,158.0,158.5,153.5,153.5,6475323,5284355.95,1.2253760082153435,0.0,0.028481012658227847,158.0,163.98333333333332,0.016233766233766156,-0.01948051948051943,0.0,,,,,,72.0,72.0,2
4763,2025-09-25,65.6,65.6,62.5,63.2,18206044,10512723.3,1.731810443446181,0.22580645161290455,0.03658536585365841,65.1,73.31,-0.06003159557661919,-0.033175355450236865,0.0,,,,,,72.0,72.0,1
1722,2025-09-19,49.95,50.0,48.75,48.75,7338132,1209866.65,6.065240330411621,0.0,0.02402402402402408,49.8,52.644999999999996,0.006109979633401208,-0.008146639511201648,0.0,,,,,,72.0,72.0,1
2618,2025-09-11,39.55,39.55,37.85,37.9,84132404,18972079.95,4.4345377112961195,0.029411764705880753,0.041719342604298326,38.7,39.07416666666666,0.010512483574244502,-0.013140604467805517,0.0,,,,,,72.0,72.0,1
2609,2025-09-11,56.9,57.1,55.5,55.5,21646947,13657354.35,1.585002954836564,0.0,0.024604569420035124,56.6,63.135,-0.009009009009009028,0.021621621621621623,0.0,,,,,,72.0,72.0,2
5009,2025-09-11,37.05,37.05,35.4,35.5,8133192,3170431.8,2.5653262751149546,0.06060606060606152,0.04183535762483124,36.0,36.50083333333334,0.0013869625520113171,-0.015256588072121935,0.0,,,,,,72.0,72.0,3
2388,2025-09-11,60.0,60.1,57.1,57.3,7745422,6166305.2,1.2560880055044956,0.06666666666666525,0.04500000000000005,59.5,61.10666666666667,-0.01538461538461533,-0.07863247863247869,0.0,,,,,,72.0,72.0,4
2913,2025-09-11,14.55,14.6,14.1,14.2,3174960,1232209.05,2.5766407088147907,0.1999999999999993,0.02405498281786951,14.45,14.975,-0.0035087719298245723,-0.010526315789473717,0.0,,,,,,72.0,72.0,5
3034,2025-09-11,425.5,427.0,416.5,416.5,2999995,1841699.8,1.6289272551368035,0.0,0.021151586368977675,420.5,474.2,0.051312649164677815,-0.027446300715990413,0.0,,,,,,72.0,72.0,6
1795,2025-09-11,190.5,190.5,185.5,186.0,2104904,1061397.95,1.9831430803121488,0.1,0.023622047244094488,188.0,209.775,0.24731182795698925,0.49193548387096775,0.0,,,,,,72.0,72.0,7
6206,2025-09-11,109.5,109.5,105.5,105.5,2002534,1488802.55,1.3450635210155975,0.0,0.0365296803652968,107.0,116.94166666666666,-0.014018691588784993,-0.02336448598130836,0.0,,,,,,72.0,72.0,8
1308,2025-09-11,11.8,11.8,11.5,11.5,1927371,1228473.6,1.5689152782770421,0.0,0.02542372881355938,11.75,11.9675,0.030303030303030276,0.1428571428571428,0.0,,,,,,72.0,72.0,9
6117,2025-09-11,92.8,92.9,87.9,87.9,1821629,959561.0,1.898398330069688,0.0,0.052801724137930946,88.9,93.78666666666666,-0.046432616081540146,-0.09966024915062288,0.0,,,,,,72.0,72.0,10
1307,2025-09-11,30.3,30.4,29.4,29.4,1470577,925307.25,1.5892850726069638,0.0,0.02970297029702977,30.0,33.63,0.0372250423011844,0.015228426395939021,0.0,,,,,,72.0,72.0,11
1597,2025-09-11,85.6,85.6,81.1,81.3,1454509,1084941.65,1.3406333879798975,0.04444444444444508,0.050233644859813055,82.1,84.86666666666666,-0.017010935601457944,-0.05589307411907651,0.0,,,,,,72.0,72.0,12
9907,2025-09-11,18.0,18.05,17.6,17.65,4850727,2432231.2,1.9943527572543267,0.11111111111110497,0.019444444444444525,17.95,18.68166666666667,-0.008474576271186307,0.01412429378531077,0.0,,,,,,66.0,66.0,13
2006,2025-09-11,61.1,61.1,60.0,60.1,2332485,1116971.7,2.088222109835012,0.09090909090909208,0.016366612111292964,60.9,63.975,0.0016583747927032544,0.029850746268656803,0.0,,,,,,66.0,66.0,14
6890,2025-09-10,225.0,225.0,213.0,213.0,1707857,999078.0,1.709433097315725,0.0,0.05333333333333334,221.5,264.96666666666664,0.04694835680751175,0.15727699530516426,0.0,,,,,,72.0,72.0,1
2324,2025-09-01,27.75,27.8,26.7,26.8,22100990,17724509.75,1.246916857601661,0.09090909090909208,0.03423423423423421,27.4,28.7125,0.11721611721611724,0.18681318681318682,0.0,,,,,,72.0,72.0,1
3702,2025-09-01,67.0,67.0,64.7,64.8,5314984,3564022.05,1.4912881922265324,0.0434782608695628,0.03283582089552243,65.9,69.17833333333333,-0.001536098310291778,0.015360983102918668,0.0,,,,,,72.0,72.0,2
2376,2025-09-01,275.5,276.0,266.0,266.5,4840387,3865167.5,1.2523097640658523,0.05,0.032667876588021776,270.0,281.1,0.013059701492537323,0.11567164179104483,0.0,,,,,,72.0,72.0,3
2006,2025-09-01,63.5,63.5,61.5,61.6,2768714,870946.9,3.178969923424723,0.05000000000000071,0.029921259842519664,63.0,64.36666666666666,-0.029173419773095732,-0.01620745542949753,0.0,,,,,,72.0,72.0,4
9939,2025-09-01,138.5,138.5,135.0,136.0,1608294,1082238.5,1.4860809331769291,0.2857142857142857,0.018050541516245487,137.0,149.11666666666667,-0.03321033210332103,-0.059040590405904037,0.0,,,,,,66.0,66.0,5
1101,2025-08-29,22.8,22.8,22.35,22.45,41530248,25285105.6,1.6424787247081933,0.22222222222221782,0.015350877192982518,22.65,24.211666666666666,0.0022421524663678305,0.06726457399103136,0.0,,,,,,66.0,66.0,1
2609,2025-08-29,58.7,58.9,57.7,57.7,24199447,13725495.95,1.7631018280253838,0.0,0.017035775127768313,58.5,65.57833333333333,-0.03747870528109032,-0.09199318568994896,0.0,,,,,,66.0,66.0,2
2603,2025-08-29,188.5,188.5,185.5,185.5,12654669,9715011.75,1.3025891605329247,0.0,0.015915119363395226,187.0,203.74166666666667,-0.008021390374331583,-0.048128342245989275,0.0,,,,,,66.0,66.0,3
1216,2025-08-26,77.5,77.5,76.3,76.3,18616972,9369208.05,1.987037954611329,0.0,0.015483870967741972,76.8,80.73666666666666,0.03926701570680624,0.02617801047120416,0.0,,,,,,66.0,66.0,1
3264,2025-08-20,73.6,73.6,70.3,70.5,6440622,5022116.75,1.2824516674169313,0.06060606060606152,0.04211956521739123,72.0,75.98,0.04929577464788726,0.176056338028169,0.0,,,,,,72.0,72.0,1
2615,2025-08-19,87.7,87.7,85.5,85.5,17810493,7782405.6,2.288558822994268,0.0,0.025085518814139143,87.2,94.91833333333334,-0.047281323877068515,-0.049645390070921835,0.0,,,,,,72.0,72.0,1
1319,2025-08-19,100.5,100.5,97.8,97.8,4198039,2759175.75,1.5214830008563245,0.0,0.026865671641791072,100.0,106.93,0.040164778578784865,-0.011328527291452062,0.0,,,,,,72.0,72.0,2
1102,2025-08-19,39.0,39.0,38.3,38.3,8674793,6133929.15,1.4142310398221667,0.0,0.01794871794871802,38.95,41.24916666666666,-0.052219321148825104,-0.05352480417754557,0.0,,,,,,66.0,66.0,3
4906,2025-08-11,23.7,23.7,22.9,23.1,4294591,1000766.2,4.291303003638612,0.25000000000000333,0.02531645569620244,23.35,25.27583333333333,0.03896103896103886,0.10822510822510822,0.0,,,,,,72.0,72.0,1
1307,2025-08-11,31.9,31.9,31.2,31.2,1908034,1564609.2,1.219495577553807,0.0,0.021943573667711578,31.55,36.20666666666667,0.022435897435897356,-0.014423076923076872,0.0,,,,,,72.0,72.0,2
2347,2025-08-08,67.8,67.8,64.2,64.6,6363368,2913141.15,2.1843665213407184,0.11111111111110891,0.04719764011799414,65.3,68.92333333333333,-0.10015649452269171,-0.06729264475743346,0.0,,,,,,72.0,72.0,1
1210,2025-08-08,58.0,58.1,56.8,57.1,9332665,3077608.8,3.032440315351321,0.23076923076923328,0.01551724137931032,60.4,62.63333333333333,-0.06140350877192979,-0.06842105263157894,0.0,,,,,,66.0,66.0,2
6147,2025-08-07,54.0,54.0,52.7,52.9,5495623,2888234.35,1.9027621494772402,0.1538461538461509,0.020370370370370396,53.6,58.095,-0.011299435028248594,0.013182674199623268,0.0,,,,,,72.0,72.0,1
3264,2025-08-06,74.4,74.4,72.0,72.0,12952619,5694610.3,2.2745400154950026,0.0,0.03225806451612911,72.9,76.43166666666666,-0.024896265560165887,0.03042876901798075,0.0,,,,,,72.0,72.0,1
3034,2025-08-06,470.0,470.5,458.0,458.0,4744056,2488889.95,1.9060931159290508,0.0,0.02553191489361702,469.0,509.3833333333333,-0.053333333333333344,-0.0377777777777778,0.0,,,,,,72.0,72.0,2
2395,2025-08-01,332.0,333.0,317.5,317.5,3339267,937433.4,3.5621378542731676,0.0,0.043674698795180725,328.0,340.65,0.006329113924050667,0.08860759493670889,0.0,,,,,,72.0,72.0,1
6415,2025-07-31,333.5,334.5,323.5,325.0,1789549,1031057.85,1.7356436401701418,0.13636363636363635,0.025487256371814093,333.0,364.0416666666667,0.020344287949921824,-0.007824726134585291,0.0,,,,,,72.0,72.0,1
2303,2025-07-31,42.25,42.25,41.55,41.55,43354484,28429378.85,1.5249887881387882,0.0,0.016568047337278173,42.1,45.44666666666667,0.0012269938650306678,-0.0036809815950920033,0.0,,,,,,66.0,66.0,2
2337,2025-07-29,19.9,20.15,19.5,19.5,9802172,7847900.7,1.2490183521307807,0.0,0.020100502512562745,19.8,21.21833333333333,-0.01534526854219953,0.03069053708439884,0.0,,,,,,72.0,72.0,1
1785,2025-07-29,51.6,52.4,50.2,50.3,5625486,2694322.55,2.0879036921544527,0.04545454545454296,0.025193798449612486,50.7,55.75833333333333,0.05335968379446632,0.0731225296442688,0.0,,,,,,72.0,72.0,2
8936,2025-07-22,50.7,50.9,49.0,49.2,2713869,1043923.2,2.5996826203306913,0.10526315789473842,0.029585798816568046,50.4,54.92166666666667,0.04268292682926811,0.15040650406504064,0.0,,,,,,72.0,72.0,1
2610,2025-07-22,20.85,21.0,20.5,20.5,43213648,32668037.95,1.3228112464587118,0.0,0.01678657074340534,20.8,21.925833333333333,0.004830917874396157,0.021739130434782483,0.0,,,,,,66.0,66.0,2
2466,2025-07-18,84.5,85.1,82.5,82.6,1388807,1104562.85,1.2573363299336022,0.03846153846153636,0.02248520710059178,83.0,86.875,0.05783132530120483,-0.13373493975903605,0.0,,,,,,72.0,72.0,1
8936,2025-07-17,51.7,51.7,50.4,50.7,2092730,933755.05,2.241198052958321,0.23076923076923328,0.01934235976789168,51.3,55.24,-0.007827788649706457,0.06849315068493156,0.0,,,,,,66.0,66.0,1
2634,2025-07-16,41.7,41.7,41.0,41.0,5991454,3363880.85,1.781113620596877,0.0,0.01678657074340534,41.6,44.66583333333333,0.09866017052375153,0.1632155907429964,0.0,,,,,,66.0,66.0,1
2204,2025-07-15,59.4,59.5,57.9,58.2,3775030,1398313.5,2.6997021769438683,0.1875000000000025,0.02020202020202013,59.2,65.86166666666666,-0.03448275862068961,-0.02758620689655178,0.0,,,,,,72.0,72.0,1
8936,2025-07-15,53.1,53.2,51.3,51.8,3185964,848804.5,3.7534720892737963,0.2631578947368413,0.02448210922787202,52.0,55.36833333333333,-0.032755298651252374,0.026974951830443183,0.0,,,,,,72.0,72.0,2
1102,2025-07-14,41.15,41.3,40.3,40.3,29493568,13550238.8,2.1766087251539803,0.0,0.020656136087484848,40.75,43.285,0.00867410161090465,-0.01982651796778201,0.0,,,,,,72.0,72.0,1
4906,2025-07-10,24.1,24.2,23.45,23.55,2792300,1411959.45,1.9776063682282095,0.13333333333333522,0.022821576763485504,24.1,26.371666666666666,0.023454157782516027,0.05330490405117261,0.0,,,,,,72.0,72.0,1
3045,2025-07-09,109.0,109.5,106.0,106.5,50013825,14538864.45,3.4400090304164026,0.14285714285714285,0.022935779816513763,112.5,114.65,0.0,0.0,0.0,,,,,,72.0,72.0,1
1101,2025-07-08,24.75,25.05,24.2,24.35,27641539,20247011.7,1.3652157369968825,0.17647058823529632,0.016161616161616103,24.6,28.23,-0.024640657084188944,0.004106776180698102,0.0,,,,,,66.0,66.0,1
1536,2025-07-04,57.6,57.8,55.2,55.2,4192594,2774461.3,1.5111380360576665,0.0,0.041666666666666644,56.3,59.64666666666667,0.029090909090909056,0.043636363636363695,0.0,,,,,,72.0,72.0,1
2887,2025-06-23,16.25,16.3,15.9,15.9,99883382,50308496.75,1.9854177415865641,0.0,0.021538461538461517,16.45,16.451666666666668,0.0031250000000000444,0.10000000000000009,0.0,,,,,,72.0,72.0,1
2903,2025-06-23,22.6,22.65,22.1,22.25,6342139,2720434.45,2.3312963853990305,0.27272727272727154,0.015486725663716876,22.6,23.266666666666666,0.014018691588784993,0.01869158878504673,0.0,,,,,,66.0,66.0,2
1229,2025-06-23,43.2,43.2,42.2,42.35,2125910,1612750.75,1.3181888149796241,0.14999999999999858,0.019675925925925958,43.35,45.63166666666667,0.07638072855464162,0.1398354876615746,0.0,,,,,,66.0,66.0,3
2409,2025-06-20,12.4,12.5,11.95,11.95,70937301,23738422.25,2.98829047073674,0.0,0.03629032258064525,12.4,12.976666666666667,0.06779661016949134,0.029661016949152463,0.0,,,,,,72.0,72.0,1
3481,2025-06-20,11.85,11.95,11.55,11.55,61532334,49873009.7,1.2337802424624875,0.0,0.02531645569620244,11.75,13.485833333333334,0.044052863436123246,-0.008810572687224627,0.0,,,,,,72.0,72.0,2
2610,2025-06-20,21.45,21.5,20.85,20.95,29046040,22286778.7,1.3032857009523768,0.1538461538461509,0.023310023310023312,21.05,21.978333333333335,0.05797101449275366,0.009661835748792313,0.0,,,,,,72.0,72.0,3
2313,2025-06-20,57.1,57.4,54.1,54.1,15249667,7361759.4,2.07147044224238,0.0,0.05253940455341506,57.0,58.015,0.10734463276836159,0.17514124293785316,0.0,,,,,,72.0,72.0,4
9933,2025-06-20,26.25,26.3,25.15,25.45,9322873,3754349.55,2.483219230345773,0.26086956521739146,0.030476190476190504,26.1,30.09416666666667,0.06876227897838905,0.04125736738703334,0.0,,,,,,72.0,72.0,5
5371,2025-06-20,57.4,57.6,54.6,54.6,7474547,1672241.55,4.4697771084566105,0.0,0.048780487804878,55.8,62.18333333333333,0.02218114602587784,0.06839186691312382,0.0,,,,,,72.0,72.0,6
5009,2025-06-20,40.6,40.6,39.65,39.65,3287359,1916848.65,1.7149809923699506,0.0,0.02339901477832519,40.15,43.0325,-0.11742424242424243,-0.09469696969696972,0.0,,,,,,72.0,72.0,7
2201,2025-06-20,34.3,34.35,33.35,33.45,2574716,2001477.4,1.2864077306093988,0.10000000000000142,0.024781341107871557,33.85,37.94416666666667,0.025757575757575868,0.004545454545454408,0.0,,,,,,72.0,72.0,8
3029,2025-06-20,111.0,111.5,105.5,106.0,2542903,1346455.6,1.8885903107388018,0.08333333333333333,0.04504504504504504,109.0,118.88333333333334,0.033653846153846256,0.13942307692307687,0.0,,,,,,72.0,72.0,9
2362,2025-06-20,48.3,48.85,46.3,46.3,1701624,983630.8,1.729941762702022,0.0,0.041407867494824016,46.85,47.310833333333335,-0.003296703296703285,-0.01758241758241752,0.0,,,,,,72.0,72.0,10
2009,2025-06-20,32.65,32.65,31.5,31.75,1105129,820977.25,1.3461140366557052,0.21739130434782636,0.027565084226646205,31.95,34.62083333333333,0.06847133757961776,0.0732484076433122,0.0,,,,,,72.0,72.0,11
2002,2025-06-20,18.95,19.0,18.6,18.65,43765803,25585320.15,1.710582581863843,0.12499999999999334,0.01583113456464384,18.9,20.625,0.04054054054054057,0.027027027027026973,0.0,,,,,,66.0,66.0,12
1434,2025-06-20,15.3,15.3,15.05,15.05,10724992,1272308.8,8.429551064961588,0.0,0.016339869281045753,15.2,16.73,0.09302325581395343,0.12624584717607967,0.0,,,,,,66.0,66.0,13
1229,2025-06-20,44.1,44.15,43.35,43.35,10167652,1160669.6,8.76016051424109,0.0,0.017006802721088433,43.95,45.780833333333334,0.02083333333333326,0.12268518518518512,0.0,,,,,,66.0,66.0,14
2010,2025-06-20,18.8,18.9,18.45,18.45,1458821,842422.0,1.7316986023631862,0.0,0.01861702127659582,18.8,19.214166666666664,0.016260162601626105,0.01897018970189701,0.0,,,,,,66.0,66.0,15
4906,2025-06-20,25.65,25.65,25.05,25.15,1161415,879781.4,1.320117701965511,0.16666666666666372,0.019493177387914232,25.4,26.990000000000002,-0.017928286852589737,-0.04183266932270924,0.0,,,,,,66.0,66.0,16
2049,2025-06-19,214.0,214.0,205.5,206.0,4208628,3212739.95,1.3099809089745966,0.058823529411764705,0.037383177570093455,210.5,219.65,0.08252427184466016,0.03883495145631066,0.0,,,,,,72.0,72.0,1
2206,2025-06-19,65.5,65.5,63.0,63.0,3409104,964303.1,3.5353033709007056,0.0,0.03816793893129771,65.4,69.66333333333334,0.023809523809523725,0.006349206349206327,0.0,,,,,,72.0,72.0,2
2211,2025-06-19,86.0,86.5,83.1,83.5,3300142,876238.15,3.7662614895277042,0.11764705882353088,0.029069767441860465,85.6,86.17833333333333,0.05149700598802398,-0.08383233532934131,0.0,,,,,,72.0,72.0,3
2605,2025-06-19,22.95,23.0,22.3,22.35,3256141,2023929.6,1.6088212752064102,0.07142857142857252,0.02614379084967311,22.75,23.52583333333333,0.013452914798206317,-0.017937219730941756,0.0,,,,,,72.0,72.0,4
2006,2025-06-19,64.0,64.1,62.3,62.4,2892176,1016914.5,2.844069978351179,0.055555555555556434,0.025000000000000022,62.9,65.69833333333334,0.050793650793650835,0.02857142857142847,0.0,,,,,,72.0,72.0,5
2010,2025-06-19,19.2,19.3,18.8,18.8,1186700,823285.55,1.4414196872518896,0.0,0.02083333333333326,19.1,19.259999999999998,0.005319148936170137,-0.010638297872340385,0.0,,,,,,72.0,72.0,6
2472,2025-06-19,75.8,76.0,74.0,74.0,1099861,874182.35,1.2581596963150767,0.0,0.023746701846965663,74.1,75.47,0.032258064516129004,0.034946236559139754,0.0,,,,,,72.0,72.0,7
1434,2025-06-19,15.5,15.55,15.2,15.25,2353943,1185375.5,1.9858205269132017,0.14285714285714432,0.016129032258064516,15.4,16.798333333333332,0.07189542483660127,0.10130718954248374,0.0,,,,,,66.0,66.0,8
1464,2025-06-19,12.8,12.8,12.5,12.55,1158195,805982.55,1.4369976124172912,0.16666666666666863,0.01953125,12.6,14.443333333333333,0.05179282868525892,0.03585657370517925,0.0,,,,,,66.0,66.0,9
1584,2025-06-17,25.1,25.15,24.55,24.55,1923984,1169600.95,1.6449918239207997,0.0,0.021912350597609587,25.05,28.11,0.008163265306122325,-0.053061224489796,0.0,,,,,,72.0,72.0,1
5009,2025-06-17,41.05,41.2,40.2,40.35,3096752,1933432.4,1.601686203251792,0.14999999999999858,0.017052375152253246,41.0,43.46083333333333,-0.1425030978934324,-0.13011152416356875,0.0,,,,,,66.0,66.0,2
2206,2025-06-16,67.2,67.2,65.8,65.8,1449967,892236.85,1.6250920369406396,0.0,0.020833333333333415,66.9,69.98166666666665,-0.05909090909090908,-0.040909090909091006,0.0,,,,,,72.0,72.0,1
2201,2025-06-13,35.35,35.4,34.5,34.55,2705243,1926339.4,1.4043439074132005,0.055555555555552485,0.02263083451202275,35.15,38.93666666666666,0.01024890190336758,-0.03367496339677889,0.0,,,,,,72.0,72.0,1
6153,2025-06-13,11.25,11.25,10.85,10.9,2384306,930737.0,2.5617397825594126,0.12500000000000167,0.03111111111111108,11.1,12.169166666666666,0.28110599078341014,0.23041474654377891,0.0,,,,,,72.0,72.0,2
6245,2025-06-13,79.7,79.7,76.6,76.6,2018543,922514.6,2.1880878633248733,0.0,0.038895859473023944,77.4,85.49166666666666,0.0026385224274407815,0.014511873350923521,0.0,,,,,,72.0,72.0,3
2355,2025-06-13,32.55,32.55,31.65,31.75,1599475,953709.0,1.677110103815734,0.11111111111111287,0.024577572964669652,32.15,32.509166666666665,0.014218009478673022,0.026856240126382325,0.0,,,,,,72.0,72.0,4
1464,2025-06-13,13.1,13.1,12.85,12.85,1839886,826808.55,2.22528661562583,0.0,0.019083969465648856,13.05,14.794166666666666,0.0,0.023622047244094446,0.0,,,,,,66.0,66.0,5
1907,2025-06-13,25.45,25.45,24.9,24.95,1295817,950646.6,1.3630901325476785,0.09090909090909208,0.019646365422396856,25.7,27.2025,-0.05645161290322587,-0.08669354838709686,0.0,,,,,,66.0,66.0,6
6806,2025-06-11,88.2,88.2,84.5,85.2,3848101,2252018.0,1.7087345660647473,0.1891891891891898,0.03401360544217687,86.8,87.91499999999999,-0.035211267605633756,-0.08333333333333348,0.0,,,,,,72.0,72.0,1
1584,2025-06-11,26.2,26.4,25.8,25.8,1553175,1255525.4,1.2370717470152337,0.0,0.01526717557251903,26.05,28.265,-0.04150197628458496,-0.07707509881422925,0.0,,,,,,66.0,66.0,2
1307,2025-06-10,37.45,37.45,36.5,36.5,2759772,1041836.7,2.648948726801427,0.0,0.02536715620827778,37.55,39.68083333333333,0.023224043715847076,-0.002732240437158473,0.0,,,,,,72.0,72.0,1
1710,2025-06-09,12.95,12.95,12.55,12.55,1104046,899643.45,1.2272039550779812,0.0,0.03088803088803078,12.8,14.0,-0.06349206349206338,-0.09920634920634919,0.0,,,,,,72.0,72.0,1
1464,2025-06-09,13.4,13.4,13.1,13.15,1345881,828475.35,1.6245275130998165,0.16666666666666863,0.018656716417910446,13.2,15.1225,-0.06083650190114076,-0.0076045627376425395,0.0,,,,,,66.0,66.0,2
2618,2025-06-05,41.5,41.5,40.0,40.0,81044264,33356187.6,2.4296620756503957,0.0,0.03614457831325301,40.65,41.37,-0.02122347066167274,0.03495630461922605,0.0,,,,,,72.0,72.0,1
2393,2025-06-05,76.8,76.8,75.0,75.0,4443849,1536595.5,2.8920096407935594,0.0,0.023437499999999965,76.5,79.13833333333334,-0.020107238605898137,-0.04423592493297579,0.0,,,,,,72.0,72.0,2
3045,2025-06-03,114.5,114.5,112.5,112.5,28114950,9447510.25,2.9759110343383854,0.0,0.017467248908296942,113.0,115.36666666666666,0.030973451327433565,0.01327433628318575,0.0,,,,,,66.0,66.0,1
1101,2025-06-02,29.05,29.05,27.65,27.7,93266178,25894345.45,3.6017970865527325,0.03571428571428617,0.04647160068846821,28.7,31.120833333333334,-0.042857142857142816,-0.0892857142857143,0.0,,,,,,72.0,72.0,1
2002,2025-06-02,19.7,19.7,19.05,19.2,46970119,27994098.2,1.6778579064925907,0.2307692307692291,0.025380710659898477,19.75,21.769166666666667,0.0,-0.02083333333333326,0.0,,,,,,72.0,72.0,2
2014,2025-06-02,16.0,16.0,14.7,14.95,16378672,6241196.0,2.6242841916837736,0.1923076923076922,0.06562500000000004,15.55,18.821666666666665,-0.01666666666666672,-0.050000000000000044,0.0,,,,,,72.0,72.0,3
9945,2025-06-02,29.95,30.05,29.0,29.05,8619425,6807681.35,1.2661322639609154,0.04761904761904826,0.030050083472454043,29.9,33.89,0.0667808219178081,0.018835616438356295,0.0,,,,,,72.0,72.0,4
3034,2025-06-02,510.0,512.0,491.0,492.5,7874486,2740316.05,2.8735685433072584,0.07142857142857142,0.03431372549019608,505.0,521.475,0.03503503503503502,0.09109109109109115,0.0,,,,,,72.0,72.0,5
2903,2025-06-02,23.25,23.25,22.65,22.7,3326364,2564577.25,1.2970418418864162,0.08333333333333431,0.023655913978494654,22.95,23.789166666666667,0.017505470459518557,-0.05908096280087538,0.0,,,,,,72.0,72.0,6
1710,2025-06-02,13.2,13.2,12.8,12.8,1427844,949250.55,1.5041803241515108,0.0,0.030303030303030196,13.2,14.350833333333332,-0.050387596899224785,-0.08139534883720934,0.0,,,,,,72.0,72.0,7
4906,2025-06-02,26.35,26.45,25.4,25.5,1369959,1075230.85,1.274106858076105,0.09523809523809652,0.03225806451612909,26.25,28.461666666666666,0.013698630136986134,0.02544031311154593,0.0,,,,,,72.0,72.0,8
9934,2025-06-02,10.85,10.85,10.5,10.6,1185394,903432.8,1.31209980421344,0.285714285714285,0.02304147465437788,10.7,11.8675,-0.03755868544600938,-0.06760563380281692,0.0,,,,,,72.0,72.0,9
6005,2025-06-02,24.85,25.0,24.15,24.4,4402913,2802779.8,1.5709093522081186,0.29411764705882304,0.018108651911468925,24.9,25.923333333333336,-0.09611451942740279,-0.19836400817995903,0.0,,,,,,66.0,66.0,10
1464,2025-06-02,13.55,13.55,13.25,13.3,1098840,885991.05,1.2402382620005021,0.16666666666666863,0.01845018450184502,13.6,15.586666666666668,-0.04104477611940305,-0.07089552238805974,0.0,,,,,,66.0,66.0,11
2880,2025-05-29,27.15,27.15,26.3,26.3,40926427,10563653.2,3.874268326037057,0.0,0.03130755064456714,26.7,27.325,0.017110266159695797,0.04562737642585546,0.0,,,,,,72.0,72.0,1
1303,2025-05-29,29.95,29.95,28.65,28.65,28153419,7804236.1,3.607453521299798,0.0,0.04340567612687816,29.45,31.46333333333333,0.035211267605633756,-0.010563380281690016,0.0,,,,,,72.0,72.0,2
9945,2025-05-29,30.8,30.8,29.9,29.9,15604675,6250216.55,2.496661495672498,0.0,0.02922077922077929,30.2,34.10333333333333,0.04507512520868118,0.023372287145241977,0.0,,,,,,72.0,72.0,3
1326,2025-05-29,24.55,24.55,23.9,23.95,12063319,9206605.15,1.3102896022427983,0.07692307692307776,0.024439918533604946,24.15,26.413333333333334,0.048117154811715634,-0.014644351464435101,0.0,,,,,,72.0,72.0,4
1434,2025-05-29,16.9,16.9,16.25,16.25,2038496,921502.85,2.212142914153765,0.0,0.03846153846153838,16.5,17.645,-0.037267080745341685,-0.012422360248447228,0.0,,,,,,72.0,72.0,5
1710,2025-05-29,13.6,13.6,13.2,13.25,1181957,936991.8,1.2614379336083836,0.12500000000000167,0.025735294117647033,13.35,14.413333333333332,-0.0757575757575758,-0.08712121212121204,0.0,,,,,,72.0,72.0,6
2002,2025-05-29,20.15,20.15,19.75,19.75,76493045,24937166.6,3.067431285477316,0.0,0.019851116625310104,19.95,21.842499999999998,-0.025380710659898442,-0.030456852791878042,0.0,,,,,,66.0,66.0,7
2454,2025-05-29,1285.0,1305.0,1260.0,1260.0,20205556,6969689.9,2.8990609754388066,0.0,0.019455252918287938,1265.0,1372.4166666666667,0.0,0.028000000000000025,0.0,,,,,,66.0,66.0,8
2912,2025-05-29,259.5,259.5,255.5,255.5,3318024,1124510.0,2.950639834238913,0.0,0.015414258188824663,256.0,257.725,0.015564202334630295,0.011673151750972721,0.0,,,,,,66.0,66.0,9
5309,2025-05-28,36.1,36.55,34.8,34.8,3659466,2732856.15,1.3390627969935411,0.0,0.036011080332410086,34.9,38.141666666666666,0.019943019943019724,0.06267806267806253,0.0,,,,,,72.0,72.0,1
1303,2025-05-27,30.15,30.45,29.6,29.6,10402300,7391071.75,1.4074142900858728,0.0,0.018242122719734567,30.1,31.602500000000003,0.0,-0.07011686143572615,0.0,,,,,,66.0,66.0,1
9958,2025-05-26,178.0,178.5,167.0,170.0,8051709,3061358.55,2.630109759603298,0.2608695652173913,0.0449438202247191,173.0,176.84166666666667,0.276470588235294,0.39117647058823524,0.0,,,,,,72.0,72.0,1
6005,2025-05-26,25.65,25.7,24.95,25.0,4293380,2863715.35,1.4992342028686614,0.06666666666666761,0.025341130604288446,25.5,26.0675,-0.062000000000000055,-0.20200000000000007,0.0,,,,,,72.0,72.0,2
