ticker,signal_date,entry_date,entry_price,exit_date,exit_price,hold_days,ret_pct
1605,2026-05-14,2026-05-15,36.05,2026-05-20,33.5,3,-7.07
1605,2026-06-01,2026-06-02,39.7,2026-06-09,36.35,5,-8.44
1605,2026-06-10,2026-06-11,34.3,2026-06-12,35.3,1,2.92
1717,2026-05-25,2026-05-26,83.5,2026-06-03,79.4,6,-4.91
1717,2026-06-04,2026-06-05,75.3,2026-06-08,69.8,1,-7.3
1773,2026-05-25,2026-05-26,193.5,2026-06-03,180.0,6,-6.98
2049,2026-05-13,2026-05-14,369.0,2026-06-03,372.5,14,0.95
2301,2026-05-21,2026-05-22,205.0,2026-06-08,207.0,11,0.98
2313,2026-05-05,2026-05-06,274.5,2026-05-12,246.0,4,-10.38
2313,2026-05-18,2026-05-19,263.0,2026-05-29,271.0,8,3.04
2316,2026-05-21,2026-05-22,160.0,2026-06-05,162.0,10,1.25
2317,2026-05-06,2026-05-07,255.0,2026-05-20,246.5,9,-3.33
2317,2026-05-29,2026-06-01,302.0,2026-06-09,270.5,6,-10.43
2344,2026-05-06,2026-05-07,113.0,2026-05-20,117.5,9,3.98
2344,2026-05-27,2026-05-28,151.0,2026-06-09,160.5,8,6.29
2351,2026-05-21,2026-05-22,196.0,2026-06-08,180.5,11,-7.91
2379,2026-05-07,2026-05-08,555.0,2026-05-18,546.0,6,-1.62
2379,2026-05-27,2026-05-28,605.0,2026-06-09,590.0,8,-2.48
2379,2026-06-10,2026-06-11,645.0,2026-06-12,655.0,1,1.55
2382,2026-05-11,2026-05-12,346.5,2026-05-18,305.0,4,-11.98
2382,2026-05-25,2026-05-26,322.0,2026-06-12,378.0,13,17.39
2395,2026-05-07,2026-05-08,450.0,2026-05-22,467.0,10,3.78
2395,2026-06-02,2026-06-03,519.0,2026-06-08,456.0,3,-12.14
2395,2026-06-10,2026-06-11,456.0,2026-06-12,475.0,1,4.17
2408,2026-05-06,2026-05-07,293.0,2026-05-20,279.5,9,-4.61
2408,2026-06-01,2026-06-02,401.0,2026-06-09,350.5,5,-12.59
2408,2026-06-10,2026-06-11,336.0,2026-06-12,368.5,1,9.67
2409,2026-06-01,2026-06-02,24.05,2026-06-10,23.4,6,-2.7
2421,2026-05-21,2026-05-22,154.5,2026-06-09,157.0,12,1.62
2458,2026-05-21,2026-05-22,160.0,2026-06-08,146.0,11,-8.75
2467,2026-05-15,2026-05-18,579.0,2026-05-20,578.0,2,-0.17
2481,2026-05-14,2026-05-15,118.0,2026-06-09,149.0,17,26.27
2492,2026-05-12,2026-05-13,184.5,2026-06-11,408.0,21,121.14
2883,2026-05-22,2026-05-25,21.8,2026-05-27,21.7,2,-0.46
2883,2026-06-11,2026-06-12,28.75,2026-06-12,28.75,0,0.0
3030,2026-05-08,2026-05-11,397.5,2026-05-19,386.5,6,-2.77
3034,2026-05-07,2026-05-08,464.0,2026-05-20,475.0,8,2.37
3034,2026-05-27,2026-05-28,487.5,2026-06-01,484.0,2,-0.72
3034,2026-06-02,2026-06-03,511.0,2026-06-09,471.5,4,-7.73
3088,2026-05-21,2026-05-22,139.5,2026-06-04,140.0,9,0.36
3090,2026-05-18,2026-05-19,157.0,2026-06-04,210.0,12,33.76
3189,2026-05-04,2026-05-05,530.0,2026-05-07,486.5,2,-8.21
3189,2026-05-19,2026-05-20,513.0,2026-06-08,641.0,13,24.95
3231,2026-05-19,2026-05-20,134.0,2026-05-21,134.5,1,0.37
3231,2026-05-29,2026-06-01,174.0,2026-06-10,162.5,7,-6.61
3265,2026-06-10,2026-06-11,170.0,2026-06-12,176.0,1,3.53
3293,2026-05-21,2026-05-22,746.0,2026-06-12,770.0,15,3.22
3413,2026-05-21,2026-05-22,327.5,2026-05-28,315.0,4,-3.82
3443,2026-05-05,2026-05-06,4925.0,2026-05-15,5140.0,7,4.37
3443,2026-05-21,2026-05-22,5105.0,2026-05-29,4440.0,5,-13.03
3450,2026-05-06,2026-05-07,346.5,2026-05-20,395.0,9,14.0
3481,2026-05-08,2026-05-11,32.0,2026-06-09,49.95,21,56.09
3483,2026-05-21,2026-05-22,92.5,2026-06-08,88.3,11,-4.54
3526,2026-05-04,2026-05-05,361.5,2026-05-19,368.5,10,1.94
3624,2026-05-15,2026-05-18,80.7,2026-06-05,99.2,14,22.92
3661,2026-05-08,2026-05-11,5200.0,2026-05-18,4450.0,5,-14.42
3661,2026-05-22,2026-05-25,5020.0,2026-05-27,4785.0,2,-4.68
4764,2026-05-28,2026-05-29,314.0,2026-06-01,310.0,1,-1.27
4764,2026-06-02,2026-06-03,290.0,2026-06-04,290.0,1,0.0
4966,2026-05-05,2026-05-06,569.0,2026-05-07,579.0,1,1.76
4966,2026-05-08,2026-05-11,700.0,2026-06-04,788.0,18,12.57
5309,2026-06-08,2026-06-09,75.0,2026-06-11,66.6,2,-11.2
5371,2026-05-07,2026-05-08,73.8,2026-05-12,70.5,2,-4.47
5371,2026-06-08,2026-06-09,71.1,2026-06-10,71.5,1,0.56
5536,2026-05-15,2026-05-18,1000.0,2026-05-22,935.0,4,-6.5
5536,2026-05-28,2026-05-29,1050.0,2026-06-12,1135.0,10,8.1
6206,2026-05-05,2026-05-06,111.0,2026-06-09,137.5,24,23.87
6282,2026-05-21,2026-05-22,54.6,2026-06-09,59.9,12,9.71
6285,2026-05-28,2026-05-29,316.0,2026-06-05,293.0,5,-7.28
6414,2026-05-21,2026-05-22,352.0,2026-06-12,409.0,15,16.19
6488,2026-05-05,2026-05-06,660.0,2026-05-18,661.0,8,0.15
6488,2026-05-19,2026-05-20,684.0,2026-05-21,701.0,1,2.49
6488,2026-05-29,2026-06-01,1015.0,2026-06-05,820.0,4,-19.21
6831,2026-05-15,2026-05-18,692.0,2026-06-01,752.0,10,8.67
6831,2026-06-02,2026-06-03,701.0,2026-06-04,716.0,1,2.14
7769,2026-05-06,2026-05-07,5820.0,2026-06-02,7120.0,18,22.34
8299,2026-05-04,2026-05-05,2035.0,2026-05-20,2450.0,11,20.39
8358,2026-06-10,2026-06-11,555.0,2026-06-12,579.0,1,4.32
